# The delisting register. Forms 25 and 25-NSE are DELISTINGS;
# every 15* form is DEREGISTRATION and is never summed with them.
# A Form 15 can be filed by a company that was never listed.
# quarters read: 15, (2023, 1) to (2026, 3)
# delisting filings: 7399; distinct delisted issuers: 2781; deregistration filings: 2544
form	cik	company	date_filed	path
15-12G	1175483	Drive Shack Inc.	2023-01-03	edgar/data/1175483/0001140361-23-000200.txt
15-12G	1458631	Halberd Corp	2023-01-03	edgar/data/1458631/0001654954-23-000001.txt
15-12G	1603016	Hoegh LNG Partners LP	2023-01-03	edgar/data/1603016/0001104659-23-000010.txt
15-12G	1824301	Concord Acquisition Corp	2023-01-03	edgar/data/1824301/0001213900-23-000389.txt
15-12G	1824846	Healthcare Services Acquisition Corp	2023-01-03	edgar/data/1824846/0001140361-23-000011.txt
15-12G	1828325	Monument Circle Acquisition Corp.	2023-01-03	edgar/data/1828325/0001213900-23-000018.txt
15-12G	1829455	HENNESSY CAPITAL INVESTMENT CORP. V	2023-01-03	edgar/data/1829455/0001213900-23-000041.txt
15-12G	1829889	INSU ACQUISITION CORP III	2023-01-03	edgar/data/1829889/0001213900-23-000496.txt
15-12G	1832250	Group Nine Acquisition Corp.	2023-01-03	edgar/data/1832250/0001104659-23-000334.txt
15-12G	1833235	Property Solutions Acquisition Corp. II	2023-01-03	edgar/data/1833235/0001104659-23-000341.txt
15-12G	1838883	Accelerate Acquisition Corp.	2023-01-03	edgar/data/1838883/0001213900-23-000235.txt
15-12G	1841661	AF Acquisition Corp.	2023-01-03	edgar/data/1841661/0001213900-23-000371.txt
15-12G	1843608	Dila Capital Acquisition Corp	2023-01-03	edgar/data/1843608/0001104659-23-000352.txt
15-12G	732834	CONTINENTAL RESOURCES, INC	2023-01-03	edgar/data/732834/0001193125-23-000408.txt
15-12G	815094	ABIOMED INC	2023-01-03	edgar/data/815094/0001193125-23-000286.txt
15-12G	879101	KIMCO REALTY CORP	2023-01-03	edgar/data/879101/0001140361-23-000182.txt
25	1322439	Eagle Bulk Shipping Inc.	2023-01-03	edgar/data/1322439/0001628280-23-000096.txt
25	866368	PS BUSINESS PARKS, INC./MD	2023-01-03	edgar/data/866368/0001193125-23-000764.txt
25	878726	TUESDAY MORNING CORP/DE	2023-01-03	edgar/data/878726/0001104659-23-000119.txt
25-NSE	1354457	Nasdaq Stock Market LLC	2023-01-03	edgar/data/1354457/0001354457-23-000001.txt
25-NSE	1354457	Nasdaq Stock Market LLC	2023-01-03	edgar/data/1354457/0001354457-23-000002.txt
25-NSE	1720725	Oyster Point Pharma, Inc.	2023-01-03	edgar/data/1720725/0001354457-23-000001.txt
25-NSE	1823143	MDH Acquisition Corp.	2023-01-03	edgar/data/1823143/0000876661-23-000002.txt
25-NSE	1838615	Cartesian Growth Corp	2023-01-03	edgar/data/1838615/0001354457-23-000002.txt
25-NSE	77281	PENNSYLVANIA REAL ESTATE INVESTMENT TRUST	2023-01-03	edgar/data/77281/0000876661-23-000004.txt
25-NSE	77281	PENNSYLVANIA REAL ESTATE INVESTMENT TRUST	2023-01-03	edgar/data/77281/0000876661-23-000006.txt
25-NSE	77281	PENNSYLVANIA REAL ESTATE INVESTMENT TRUST	2023-01-03	edgar/data/77281/0000876661-23-000008.txt
25-NSE	77281	PENNSYLVANIA REAL ESTATE INVESTMENT TRUST	2023-01-03	edgar/data/77281/0000876661-23-000010.txt
25-NSE	876661	NEW YORK STOCK EXCHANGE LLC	2023-01-03	edgar/data/876661/0000876661-23-000002.txt
25-NSE	876661	NEW YORK STOCK EXCHANGE LLC	2023-01-03	edgar/data/876661/0000876661-23-000004.txt
25-NSE	876661	NEW YORK STOCK EXCHANGE LLC	2023-01-03	edgar/data/876661/0000876661-23-000006.txt
25-NSE	876661	NEW YORK STOCK EXCHANGE LLC	2023-01-03	edgar/data/876661/0000876661-23-000008.txt
25-NSE	876661	NEW YORK STOCK EXCHANGE LLC	2023-01-03	edgar/data/876661/0000876661-23-000010.txt
25-NSE	876661	NEW YORK STOCK EXCHANGE LLC	2023-01-03	edgar/data/876661/0000876661-23-000012.txt
25-NSE	879101	KIMCO REALTY CORP	2023-01-03	edgar/data/879101/0000876661-23-000012.txt
15-12G	1157987	MERRILL LYNCH DEPOSITOR INC PREFERREDPLUS TRUST SER CZN 1	2023-01-04	edgar/data/1157987/0001174947-23-000003.txt
15-12G	1354371	PPLUS Trust Series RRD-1	2023-01-04	edgar/data/1354371/0001174947-23-000005.txt
15-12G	1415311	ProShares Trust II	2023-01-04	edgar/data/1415311/0001193125-23-001300.txt
15-12G	1828985	ScION Tech Growth I	2023-01-04	edgar/data/1828985/0001213900-23-000658.txt
15-12G	858800	EMCLAIRE FINANCIAL CORP	2023-01-04	edgar/data/858800/0001193125-23-001224.txt
25-NSE	1354457	Nasdaq Stock Market LLC	2023-01-04	edgar/data/1354457/0001354457-23-000003.txt
25-NSE	1829949	Onion Global Ltd	2023-01-04	edgar/data/1829949/0000876661-23-000018.txt
25-NSE	1839550	Figure Acquisition Corp. I	2023-01-04	edgar/data/1839550/0000876661-23-000014.txt
25-NSE	1841993	Model Performance Acquisition Corp	2023-01-04	edgar/data/1841993/0001354457-23-000003.txt
25-NSE	1844363	Rocket Internet Growth Opportunities Corp.	2023-01-04	edgar/data/1844363/0000876661-23-000016.txt
25-NSE	876661	NEW YORK STOCK EXCHANGE LLC	2023-01-04	edgar/data/876661/0000876661-23-000014.txt
25-NSE	876661	NEW YORK STOCK EXCHANGE LLC	2023-01-04	edgar/data/876661/0000876661-23-000016.txt
25-NSE	876661	NEW YORK STOCK EXCHANGE LLC	2023-01-04	edgar/data/876661/0000876661-23-000018.txt
15-12G	1844650	SOAR Technology Acquisition Corp.	2023-01-05	edgar/data/1844650/0000950142-23-000041.txt
15-12G	1913721	AGTB Private BDC	2023-01-05	edgar/data/1913721/0001913721-23-000011.txt
25-NSE	1354457	Nasdaq Stock Market LLC	2023-01-05	edgar/data/1354457/0001354457-23-000004.txt
25-NSE	1354457	Nasdaq Stock Market LLC	2023-01-05	edgar/data/1354457/0001354457-23-000006.txt
25-NSE	1637761	SeaSpine Holdings Corp	2023-01-05	edgar/data/1637761/0001354457-23-000004.txt
25-NSE	1649373	SANTANDER UK GROUP HOLDINGS PLC	2023-01-05	edgar/data/1649373/0000876661-23-000022.txt
25-NSE	1825480	Poshmark, Inc.	2023-01-05	edgar/data/1825480/0001354457-23-000006.txt
25-NSE	876661	NEW YORK STOCK EXCHANGE LLC	2023-01-05	edgar/data/876661/0000876661-23-000022.txt
15-12G	1052054	Symbolic Logic, Inc.	2023-01-06	edgar/data/1052054/0001171520-23-000012.txt
15-12G	1825254	AMERICAS TECHNOLOGY ACQUISITION CORP.	2023-01-06	edgar/data/1825254/0001104659-23-001890.txt
15-12G	1830232	Altimeter Growth Corp. 2	2023-01-06	edgar/data/1830232/0001193125-23-003436.txt
15-12G	1832010	Omega Alpha SPAC	2023-01-06	edgar/data/1832010/0001104659-23-001671.txt
15-15D	1563166	J.P. Morgan Chase Commercial Mortgage Securities Trust 2012-	2023-01-06	edgar/data/1563166/0001888524-23-000019.txt
25	943034	AUTOSCOPE TECHNOLOGIES CORP	2023-01-06	edgar/data/943034/0000897101-23-000004.txt
25-NSE	1115128	Quotient Technology Inc.	2023-01-06	edgar/data/1115128/0000876661-23-000024.txt
25-NSE	1354457	Nasdaq Stock Market LLC	2023-01-06	edgar/data/1354457/0001354457-23-000008.txt
25-NSE	1354457	Nasdaq Stock Market LLC	2023-01-06	edgar/data/1354457/0001354457-23-000009.txt
25-NSE	1354457	Nasdaq Stock Market LLC	2023-01-06	edgar/data/1354457/0001354457-23-000011.txt
25-NSE	1604924	Forward Pharma A/S	2023-01-06	edgar/data/1604924/0001354457-23-000008.txt
25-NSE	1852771	Macondray Capital Acquisition Corp. I	2023-01-06	edgar/data/1852771/0001354457-23-000011.txt
25-NSE	1922858	EF Hutton Acquisition Corp I	2023-01-06	edgar/data/1922858/0001354457-23-000009.txt
25-NSE	876661	NEW YORK STOCK EXCHANGE LLC	2023-01-06	edgar/data/876661/0000876661-23-000024.txt
15-12G	1287808	Hill International, Inc.	2023-01-09	edgar/data/1287808/0001104659-23-002119.txt
15-12G	1703785	STR Sub Inc.	2023-01-09	edgar/data/1703785/0001193125-23-004784.txt
15-12G	1745797	MNRL Sub Inc.	2023-01-09	edgar/data/1745797/0001193125-23-004786.txt
15-12G	1823033	Hudson Executive Investment Corp. II	2023-01-09	edgar/data/1823033/0001193125-23-004805.txt
15-12G	1823034	Hudson Executive Investment Corp. III	2023-01-09	edgar/data/1823034/0001193125-23-004807.txt
15-12G	1823766	Archaea Energy Inc.	2023-01-09	edgar/data/1823766/0001213900-23-001487.txt
15-12G	1824993	Periphas Capital Partnering Corp	2023-01-09	edgar/data/1824993/0001193125-23-004042.txt
15-12G	1832300	Longview Acquisition Corp. II	2023-01-09	edgar/data/1832300/0001104659-23-002274.txt
15-12G	1836894	USHG Acquisition Corp.	2023-01-09	edgar/data/1836894/0001193125-23-004740.txt
15-12G	1841080	Gores Holdings VIII Inc.	2023-01-09	edgar/data/1841080/0001193125-23-004754.txt
15-12G	1844336	FINTECH ACQUISITION CORP VI	2023-01-09	edgar/data/1844336/0001213900-23-001716.txt
15-15D	1382298	Altera Infrastructure L.P.	2023-01-09	edgar/data/1382298/0001382298-23-000008.txt
15-15D	1382298	Altera Infrastructure L.P.	2023-01-09	edgar/data/1382298/0001382298-23-000009.txt
15-15D	1382298	Altera Infrastructure L.P.	2023-01-09	edgar/data/1382298/0001382298-23-000010.txt
15-15D	715787	INTERFACE INC	2023-01-09	edgar/data/715787/0000715787-23-000004.txt
15-15D	715787	INTERFACE INC	2023-01-09	edgar/data/715787/0000715787-23-000006.txt
25	1829948	CI Financial Corp.	2023-01-09	edgar/data/1829948/0001104659-23-002240.txt
25-NSE	1532981	Eros Media World PLC	2023-01-09	edgar/data/1532981/0000876661-23-000026.txt
25-NSE	1816017	Spire Global, Inc.	2023-01-09	edgar/data/1816017/0000876661-23-000030.txt
25-NSE	1852495	Jackson Acquisition Co	2023-01-09	edgar/data/1852495/0000876661-23-000029.txt
25-NSE	876661	NEW YORK STOCK EXCHANGE LLC	2023-01-09	edgar/data/876661/0000876661-23-000026.txt
25-NSE	876661	NEW YORK STOCK EXCHANGE LLC	2023-01-09	edgar/data/876661/0000876661-23-000029.txt
25-NSE	876661	NEW YORK STOCK EXCHANGE LLC	2023-01-09	edgar/data/876661/0000876661-23-000030.txt
15-12G	1826574	Sports Ventures Acquisition Corp.	2023-01-10	edgar/data/1826574/0001213900-23-001984.txt
15-12G	1839550	Figure Acquisition Corp. I	2023-01-10	edgar/data/1839550/0000950103-23-000337.txt
15-12G	1844908	Shelter Acquisition Corp I	2023-01-10	edgar/data/1844908/0001213900-23-001949.txt
15-15D	1752578	World Omni Auto Receivables Trust 2018-D	2023-01-10	edgar/data/1752578/0001104659-23-002448.txt
25-NSE	1829426	Far Peak Acquisition Corp	2023-01-10	edgar/data/1829426/0000876661-23-000032.txt
25-NSE	876661	NEW YORK STOCK EXCHANGE LLC	2023-01-10	edgar/data/876661/0000876661-23-000032.txt
15-12G	1824171	Kairos Acquisition Corp.	2023-01-11	edgar/data/1824171/0001104659-23-002978.txt
15-12G	1826855	Class Acceleration Corp.	2023-01-11	edgar/data/1826855/0001213900-23-002298.txt
25-NSE	1143362	NYSE ARCA, INC.	2023-01-11	edgar/data/1143362/0001143362-23-000007.txt
25-NSE	1354457	Nasdaq Stock Market LLC	2023-01-11	edgar/data/1354457/0001354457-23-000013.txt
25-NSE	1354457	Nasdaq Stock Market LLC	2023-01-11	edgar/data/1354457/0001354457-23-000015.txt
25-NSE	1592900	EA Series Trust	2023-01-11	edgar/data/1592900/0001143362-23-000007.txt
25-NSE	1623715	Imago BioSciences, Inc.	2023-01-11	edgar/data/1623715/0001354457-23-000013.txt
25-NSE	1819496	IG Acquisition Corp.	2023-01-11	edgar/data/1819496/0001354457-23-000015.txt
25-NSE	1833909	African Gold Acquisition Corp	2023-01-11	edgar/data/1833909/0000876661-23-000036.txt
25-NSE	1838666	Build Acquisition Corp.	2023-01-11	edgar/data/1838666/0000876661-23-000040.txt
25-NSE	1839569	FinTech Evolution Acquisition Group	2023-01-11	edgar/data/1839569/0000876661-23-000034.txt
25-NSE	1850316	Ascendant Digital Acquisition Corp. III	2023-01-11	edgar/data/1850316/0000876661-23-000038.txt
25-NSE	876661	NEW YORK STOCK EXCHANGE LLC	2023-01-11	edgar/data/876661/0000876661-23-000034.txt
25-NSE	876661	NEW YORK STOCK EXCHANGE LLC	2023-01-11	edgar/data/876661/0000876661-23-000036.txt
25-NSE	876661	NEW YORK STOCK EXCHANGE LLC	2023-01-11	edgar/data/876661/0000876661-23-000038.txt
25-NSE	876661	NEW YORK STOCK EXCHANGE LLC	2023-01-11	edgar/data/876661/0000876661-23-000040.txt
15-12G	1126961	GRANDSOUTH BANCORPORATION	2023-01-12	edgar/data/1126961/0001552781-23-000012.txt
25-NSE	1111863	SIERRA WIRELESS INC	2023-01-12	edgar/data/1111863/0001354457-23-000017.txt
25-NSE	1137360	VanEck ETF Trust	2023-01-12	edgar/data/1137360/0001417835-23-000004.txt
25-NSE	1354457	Nasdaq Stock Market LLC	2023-01-12	edgar/data/1354457/0001354457-23-000016.txt
25-NSE	1354457	Nasdaq Stock Market LLC	2023-01-12	edgar/data/1354457/0001354457-23-000017.txt
25-NSE	1354457	Nasdaq Stock Market LLC	2023-01-12	edgar/data/1354457/0001354457-23-000018.txt
25-NSE	1354457	Nasdaq Stock Market LLC	2023-01-12	edgar/data/1354457/0001354457-23-000019.txt
25-NSE	1417835	Cboe BZX Exchange, Inc.	2023-01-12	edgar/data/1417835/0001417835-23-000004.txt
25-NSE	1557127	UserTesting, Inc.	2023-01-12	edgar/data/1557127/0000876661-23-000042.txt
25-NSE	1827248	Epiphany Technology Acquisition Corp.	2023-01-12	edgar/data/1827248/0001354457-23-000016.txt
25-NSE	1829427	Powered Brands	2023-01-12	edgar/data/1829427/0001354457-23-000019.txt
25-NSE	1829797	Pioneer Merger Corp.	2023-01-12	edgar/data/1829797/0001354457-23-000018.txt
25-NSE	876661	NEW YORK STOCK EXCHANGE LLC	2023-01-12	edgar/data/876661/0000876661-23-000042.txt
15-12G	1691337	PCSB Financial Corp	2023-01-13	edgar/data/1691337/0001104659-23-003852.txt
15-12G	1692115	Southwest Gas Holdings, Inc.	2023-01-13	edgar/data/1692115/0001193125-23-008414.txt
15-12G	1720725	Oyster Point Pharma, Inc.	2023-01-13	edgar/data/1720725/0001193125-23-008484.txt
15-12G	1825437	LIGHTJUMP ACQUISITION CORP	2023-01-13	edgar/data/1825437/0001213900-23-002710.txt
15-12G	866368	PS BUSINESS PARKS, INC./MD	2023-01-13	edgar/data/866368/0001193125-23-008371.txt
25	926042	TATA MOTORS LTD/FI	2023-01-13	edgar/data/926042/0001193125-23-007545.txt
25-NSE	1087711	Santander UK plc	2023-01-13	edgar/data/1087711/0000876661-23-000044.txt
25-NSE	1143313	NYSE AMERICAN LLC	2023-01-13	edgar/data/1143313/0001143313-23-000002.txt
25-NSE	1143362	NYSE ARCA, INC.	2023-01-13	edgar/data/1143362/0001143362-23-000010.txt
25-NSE	1143362	NYSE ARCA, INC.	2023-01-13	edgar/data/1143362/0001143362-23-000011.txt
25-NSE	1354457	Nasdaq Stock Market LLC	2023-01-13	edgar/data/1354457/0001354457-23-000023.txt
25-NSE	1354457	Nasdaq Stock Market LLC	2023-01-13	edgar/data/1354457/0001354457-23-000024.txt
25-NSE	1354457	Nasdaq Stock Market LLC	2023-01-13	edgar/data/1354457/0001354457-23-000025.txt
25-NSE	1452937	EXCHANGE TRADED CONCEPTS TRUST	2023-01-13	edgar/data/1452937/0001143362-23-000010.txt
25-NSE	1692115	Southwest Gas Holdings, Inc.	2023-01-13	edgar/data/1692115/0000876661-23-000048.txt
25-NSE	1727074	PGIM ETF TRUST	2023-01-13	edgar/data/1727074/0001143362-23-000011.txt
25-NSE	1784797	Broadmark Realty Capital Inc.	2023-01-13	edgar/data/1784797/0001143313-23-000002.txt
25-NSE	1810560	REVELATION BIOSCIENCES, INC.	2023-01-13	edgar/data/1810560/0001354457-23-000024.txt
25-NSE	1823855	MARLIN TECHNOLOGY CORP.	2023-01-13	edgar/data/1823855/0001354457-23-000023.txt
25-NSE	1831928	Deep Lake Capital Acquisition Corp.	2023-01-13	edgar/data/1831928/0001354457-23-000025.txt
25-NSE	876661	NEW YORK STOCK EXCHANGE LLC	2023-01-13	edgar/data/876661/0000876661-23-000044.txt
25-NSE	876661	NEW YORK STOCK EXCHANGE LLC	2023-01-13	edgar/data/876661/0000876661-23-000048.txt
15-12G	1604924	Forward Pharma A/S	2023-01-17	edgar/data/1604924/0001171843-23-000290.txt
15-12G	1637761	SeaSpine Holdings Corp	2023-01-17	edgar/data/1637761/0001637761-23-000049.txt
15-12G	1825480	Poshmark, Inc.	2023-01-17	edgar/data/1825480/0001193125-23-008927.txt
15-12G	1826729	EQ Health Acquisition Corp.	2023-01-17	edgar/data/1826729/0001104659-23-003899.txt
15-12G	1852771	Macondray Capital Acquisition Corp. I	2023-01-17	edgar/data/1852771/0001104659-23-004178.txt
15-12G	943034	AUTOSCOPE TECHNOLOGIES CORP	2023-01-17	edgar/data/943034/0000897101-23-000035.txt
15-15D	1743852	Nissan Auto Receivables 2018-B Owner Trust	2023-01-17	edgar/data/1743852/0001193125-23-009548.txt
15-15D	1766004	Capital One Prime Auto Receivables Trust 2019-1	2023-01-17	edgar/data/1766004/0001193125-23-009322.txt
25	883948	Atlantic Union Bankshares Corp	2023-01-17	edgar/data/883948/0001104659-23-004236.txt
25-NSE	1067983	BERKSHIRE HATHAWAY INC	2023-01-17	edgar/data/1067983/0000876661-23-000052.txt
25-NSE	1354457	Nasdaq Stock Market LLC	2023-01-17	edgar/data/1354457/0001354457-23-000026.txt
25-NSE	1354457	Nasdaq Stock Market LLC	2023-01-17	edgar/data/1354457/0001354457-23-000027.txt
25-NSE	1490349	PhenixFIN Corp	2023-01-17	edgar/data/1490349/0001354457-23-000027.txt
25-NSE	1859902	Valens Company, Inc.	2023-01-17	edgar/data/1859902/0001354457-23-000026.txt
25-NSE	833444	Johnson Controls International plc	2023-01-17	edgar/data/833444/0000876661-23-000050.txt
25-NSE	876661	NEW YORK STOCK EXCHANGE LLC	2023-01-17	edgar/data/876661/0000876661-23-000050.txt
25-NSE	876661	NEW YORK STOCK EXCHANGE LLC	2023-01-17	edgar/data/876661/0000876661-23-000052.txt
15-12G	1084384	PARETEUM Corp	2023-01-18	edgar/data/1084384/0001193125-23-010040.txt
15-12G	1823143	MDH Acquisition Corp.	2023-01-18	edgar/data/1823143/0001104659-23-004362.txt
25-NSE	1823733	Fortress Capital Acquisition Corp	2023-01-18	edgar/data/1823733/0000876661-23-000058.txt
25-NSE	876661	NEW YORK STOCK EXCHANGE LLC	2023-01-18	edgar/data/876661/0000876661-23-000058.txt
15-12G	1773087	Tuscan Holdings Corp. II	2023-01-19	edgar/data/1773087/0001213900-23-003773.txt
15-12G	1829948	CI Financial Corp.	2023-01-19	edgar/data/1829948/0001104659-23-005005.txt
15-12G	1848558	Spindletop Health Acquisition Corp.	2023-01-19	edgar/data/1848558/0001193125-23-010291.txt
25	908311	Creative Media & Community Trust Corp	2023-01-19	edgar/data/908311/0000908311-23-000003.txt
25-NSE	1325879	AVEO PHARMACEUTICALS, INC.	2023-01-19	edgar/data/1325879/0001354457-23-000029.txt
25-NSE	1354457	Nasdaq Stock Market LLC	2023-01-19	edgar/data/1354457/0001354457-23-000028.txt
25-NSE	1354457	Nasdaq Stock Market LLC	2023-01-19	edgar/data/1354457/0001354457-23-000029.txt
25-NSE	1797336	Ayala Pharmaceuticals, Inc.	2023-01-19	edgar/data/1797336/0001354457-23-000028.txt
25-NSE	1859639	Cazoo Group Ltd	2023-01-19	edgar/data/1859639/0000876661-23-000060.txt
25-NSE	876661	NEW YORK STOCK EXCHANGE LLC	2023-01-19	edgar/data/876661/0000876661-23-000060.txt
15-12G	1532981	Eros Media World PLC	2023-01-20	edgar/data/1532981/0000950157-23-000037.txt
15-12G	1769267	First Seacoast Bancorp	2023-01-20	edgar/data/1769267/0000943374-23-000020.txt
15F-15D	1156831	QUEBECOR MEDIA INC	2023-01-20	edgar/data/1156831/0001104659-23-005204.txt
25	1263011	EXCELLON RESOURCES INC	2023-01-20	edgar/data/1263011/0001493152-23-001978.txt
25-NSE	1143313	NYSE AMERICAN LLC	2023-01-20	edgar/data/1143313/0001143313-23-000005.txt
25-NSE	1143313	NYSE AMERICAN LLC	2023-01-20	edgar/data/1143313/0001143313-23-000007.txt
25-NSE	1143362	NYSE ARCA, INC.	2023-01-20	edgar/data/1143362/0001143362-23-000016.txt
25-NSE	1329377	FIRST TRUST EXCHANGE-TRADED FUND	2023-01-20	edgar/data/1329377/0001143362-23-000016.txt
25-NSE	1354457	Nasdaq Stock Market LLC	2023-01-20	edgar/data/1354457/0001354457-23-000031.txt
25-NSE	1354457	Nasdaq Stock Market LLC	2023-01-20	edgar/data/1354457/0001354457-23-000032.txt
25-NSE	1354457	Nasdaq Stock Market LLC	2023-01-20	edgar/data/1354457/0001354457-23-000034.txt
25-NSE	1587982	Investment Managers Series Trust II	2023-01-20	edgar/data/1587982/0001354457-23-000034.txt
25-NSE	1773250	MAVERIX METALS INC.	2023-01-20	edgar/data/1773250/0001143313-23-000005.txt
25-NSE	1805087	GELESIS HOLDINGS, INC.	2023-01-20	edgar/data/1805087/0000876661-23-000062.txt
25-NSE	1823481	TZP Strategies Acquisition Corp.	2023-01-20	edgar/data/1823481/0001354457-23-000031.txt
25-NSE	1823882	Airspan Networks Holdings Inc.	2023-01-20	edgar/data/1823882/0001143313-23-000007.txt
25-NSE	1827392	Authentic Equity Acquisition Corp.	2023-01-20	edgar/data/1827392/0001354457-23-000032.txt
25-NSE	876661	NEW YORK STOCK EXCHANGE LLC	2023-01-20	edgar/data/876661/0000876661-23-000062.txt
15-12G	1111863	SIERRA WIRELESS INC	2023-01-23	edgar/data/1111863/0001193125-23-013219.txt
15-12G	1557127	UserTesting, Inc.	2023-01-23	edgar/data/1557127/0001104659-23-005801.txt
15-12G	1623715	Imago BioSciences, Inc.	2023-01-23	edgar/data/1623715/0001193125-23-012596.txt
15-12G	1744179	Oaktree Strategic Income II, Inc.	2023-01-23	edgar/data/1744179/0001193125-23-012743.txt
15-12G	1819496	IG Acquisition Corp.	2023-01-23	edgar/data/1819496/0001213900-23-004278.txt
15-12G	1823855	MARLIN TECHNOLOGY CORP.	2023-01-23	edgar/data/1823855/0001193125-23-013238.txt
15-12G	1829427	Powered Brands	2023-01-23	edgar/data/1829427/0001104659-23-005812.txt
15-12G	1831928	Deep Lake Capital Acquisition Corp.	2023-01-23	edgar/data/1831928/0001140361-23-002436.txt
25	1030475	CHINA EASTERN AIRLINES CORP LTD	2023-01-23	edgar/data/1030475/0001193125-23-012523.txt
25	1041668	CHINA SOUTHERN AIRLINES CO LTD	2023-01-23	edgar/data/1041668/0001193125-23-012527.txt
25-NSE	1143362	NYSE ARCA, INC.	2023-01-23	edgar/data/1143362/0001143362-23-000021.txt
25-NSE	1143362	NYSE ARCA, INC.	2023-01-23	edgar/data/1143362/0001143362-23-000023.txt
25-NSE	1484018	Spinnaker ETF Series	2023-01-23	edgar/data/1484018/0001143362-23-000021.txt
25-NSE	1547950	Exchange Listed Funds Trust	2023-01-23	edgar/data/1547950/0001143362-23-000023.txt
25-NSE	1834489	Genius Sports Ltd	2023-01-23	edgar/data/1834489/0000876661-23-000064.txt
25-NSE	876661	NEW YORK STOCK EXCHANGE LLC	2023-01-23	edgar/data/876661/0000876661-23-000064.txt
15-12G	1688487	Metaurus Equity Component Trust	2023-01-24	edgar/data/1688487/0001213900-23-004753.txt
25-NSE	1143362	NYSE ARCA, INC.	2023-01-24	edgar/data/1143362/0001143362-23-000026.txt
25-NSE	1354457	Nasdaq Stock Market LLC	2023-01-24	edgar/data/1354457/0001354457-23-000038.txt
25-NSE	1354457	Nasdaq Stock Market LLC	2023-01-24	edgar/data/1354457/0001354457-23-000040.txt
25-NSE	1508033	Volt ETF Trust	2023-01-24	edgar/data/1508033/0001143362-23-000026.txt
25-NSE	1576169	Benefitfocus, Inc.	2023-01-24	edgar/data/1576169/0001354457-23-000038.txt
25-NSE	1822312	Jack Creek Investment Corp.	2023-01-24	edgar/data/1822312/0001354457-23-000040.txt
15-15D	1781565	John Deere Owner Trust 2019-B	2023-01-25	edgar/data/1781565/0001104659-23-006429.txt
25-NSE	1354457	Nasdaq Stock Market LLC	2023-01-25	edgar/data/1354457/0001354457-23-000042.txt
25-NSE	1354457	Nasdaq Stock Market LLC	2023-01-25	edgar/data/1354457/0001354457-23-000043.txt
25-NSE	1354457	Nasdaq Stock Market LLC	2023-01-25	edgar/data/1354457/0001354457-23-000044.txt
25-NSE	1354457	Nasdaq Stock Market LLC	2023-01-25	edgar/data/1354457/0001354457-23-000045.txt
25-NSE	1417835	Cboe BZX Exchange, Inc.	2023-01-25	edgar/data/1417835/0001417835-23-000007.txt
25-NSE	1417835	Cboe BZX Exchange, Inc.	2023-01-25	edgar/data/1417835/0001417835-23-000009.txt
25-NSE	1518042	NORTHERN LIGHTS FUND TRUST II	2023-01-25	edgar/data/1518042/0001417835-23-000009.txt
25-NSE	1587982	Investment Managers Series Trust II	2023-01-25	edgar/data/1587982/0001417835-23-000007.txt
25-NSE	1704760	American Virtual Cloud Technologies, Inc.	2023-01-25	edgar/data/1704760/0001354457-23-000042.txt
25-NSE	1862463	Insight Acquisition Corp. /DE	2023-01-25	edgar/data/1862463/0000876661-23-000066.txt
25-NSE	1863685	Thrive Acquisition Corp	2023-01-25	edgar/data/1863685/0001354457-23-000045.txt
25-NSE	876661	NEW YORK STOCK EXCHANGE LLC	2023-01-25	edgar/data/876661/0000876661-23-000066.txt
25-NSE	879682	VIVEVE MEDICAL, INC.	2023-01-25	edgar/data/879682/0001354457-23-000043.txt
25-NSE	922612	SCHMITT INDUSTRIES INC	2023-01-25	edgar/data/922612/0001354457-23-000044.txt
15-12G	1829797	Pioneer Merger Corp.	2023-01-26	edgar/data/1829797/0001104659-23-007081.txt
25-NSE	1354457	Nasdaq Stock Market LLC	2023-01-26	edgar/data/1354457/0001354457-23-000048.txt
25-NSE	1354457	Nasdaq Stock Market LLC	2023-01-26	edgar/data/1354457/0001354457-23-000049.txt
25-NSE	1354457	Nasdaq Stock Market LLC	2023-01-26	edgar/data/1354457/0001354457-23-000050.txt
25-NSE	1828478	SVF Investment Corp.	2023-01-26	edgar/data/1828478/0001354457-23-000049.txt
25-NSE	1830063	North Atlantic Acquisition Corp	2023-01-26	edgar/data/1830063/0001354457-23-000048.txt
25-NSE	1853314	Gesher I Acquisition Corp.	2023-01-26	edgar/data/1853314/0001354457-23-000050.txt
15-12G	1377167	Financial Gravity Companies, Inc.	2023-01-27	edgar/data/1377167/0001683168-23-000369.txt
15-12G	1568628	Bioquest Corp	2023-01-27	edgar/data/1568628/0001493152-23-002739.txt
15-12G	1859902	Valens Company, Inc.	2023-01-27	edgar/data/1859902/0001104659-23-007261.txt
15-15D	1772608	Fifth Third Auto Trust 2019-1	2023-01-27	edgar/data/1772608/0001193125-23-017306.txt
25-NSE	1354457	Nasdaq Stock Market LLC	2023-01-27	edgar/data/1354457/0001354457-23-000053.txt
25-NSE	1829999	FoxWayne Enterprises Acquisition Corp.	2023-01-27	edgar/data/1829999/0001354457-23-000053.txt
15-12G	1325879	AVEO PHARMACEUTICALS, INC.	2023-01-30	edgar/data/1325879/0001193125-23-019075.txt
15-12G	1773250	MAVERIX METALS INC.	2023-01-30	edgar/data/1773250/0001104659-23-007680.txt
15-12G	1797336	Old Ayala, Inc	2023-01-30	edgar/data/1797336/0001493152-23-002894.txt
15-12G	1823481	TZP Strategies Acquisition Corp.	2023-01-30	edgar/data/1823481/0001193125-23-018016.txt
15-12G	1823733	Fortress Capital Acquisition Corp	2023-01-30	edgar/data/1823733/0001193125-23-019099.txt
15-12G	1827248	Epiphany Technology Acquisition Corp.	2023-01-30	edgar/data/1827248/0001193125-23-018984.txt
15-12G	794323	Level 3 Parent, LLC	2023-01-30	edgar/data/794323/0001193125-23-019060.txt
15-15D	1784183	Honda Auto Receivables 2019-3 Owner Trust	2023-01-30	edgar/data/1784183/0001104659-23-008029.txt
25-NSE	1083269	TRANSOCEAN INC	2023-01-30	edgar/data/1083269/0000876661-23-000069.txt
25-NSE	1451505	Transocean Ltd.	2023-01-30	edgar/data/1451505/0000876661-23-000071.txt
25-NSE	876661	NEW YORK STOCK EXCHANGE LLC	2023-01-30	edgar/data/876661/0000876661-23-000069.txt
25-NSE	876661	NEW YORK STOCK EXCHANGE LLC	2023-01-30	edgar/data/876661/0000876661-23-000071.txt
15-12G	1593034	Endo International plc	2023-01-31	edgar/data/1593034/0001193125-23-020454.txt
15-12G	1827392	Authentic Equity Acquisition Corp.	2023-01-31	edgar/data/1827392/0001213900-23-006345.txt
15-15D	1769174	GM Financial Consumer Automobile Receivables Trust 2019-2	2023-01-31	edgar/data/1769174/0001213900-23-006202.txt
15-15D	889668	John Deere Receivables, Inc.	2023-01-31	edgar/data/889668/0001104659-23-008343.txt
25-NSE	1124198	FLUOR CORP	2023-01-31	edgar/data/1124198/0000876661-23-000078.txt
25-NSE	1354457	Nasdaq Stock Market LLC	2023-01-31	edgar/data/1354457/0001354457-23-000055.txt
25-NSE	1354457	Nasdaq Stock Market LLC	2023-01-31	edgar/data/1354457/0001354457-23-000057.txt
25-NSE	1354457	Nasdaq Stock Market LLC	2023-01-31	edgar/data/1354457/0001354457-23-000058.txt
25-NSE	1359711	MICRO FOCUS INTERNATIONAL PLC	2023-01-31	edgar/data/1359711/0000876661-23-000075.txt
25-NSE	1630856	Professional Holding Corp.	2023-01-31	edgar/data/1630856/0001354457-23-000058.txt
25-NSE	1848410	Catalyst Partners Acquisition Corp.	2023-01-31	edgar/data/1848410/0001354457-23-000057.txt
25-NSE	51143	INTERNATIONAL BUSINESS MACHINES CORP	2023-01-31	edgar/data/51143/0000876661-23-000073.txt
25-NSE	794172	MERIDIAN BIOSCIENCE INC	2023-01-31	edgar/data/794172/0001354457-23-000055.txt
25-NSE	876661	NEW YORK STOCK EXCHANGE LLC	2023-01-31	edgar/data/876661/0000876661-23-000073.txt
25-NSE	876661	NEW YORK STOCK EXCHANGE LLC	2023-01-31	edgar/data/876661/0000876661-23-000075.txt
25-NSE	876661	NEW YORK STOCK EXCHANGE LLC	2023-01-31	edgar/data/876661/0000876661-23-000078.txt
25-NSE	1143313	NYSE AMERICAN LLC	2023-02-01	edgar/data/1143313/0001143313-23-000009.txt
25-NSE	1354457	Nasdaq Stock Market LLC	2023-02-01	edgar/data/1354457/0001354457-23-000059.txt
25-NSE	1354457	Nasdaq Stock Market LLC	2023-02-01	edgar/data/1354457/0001354457-23-000060.txt
25-NSE	1417835	Cboe BZX Exchange, Inc.	2023-02-01	edgar/data/1417835/0001417835-23-000011.txt
25-NSE	1552947	Two Roads Shared Trust	2023-02-01	edgar/data/1552947/0001417835-23-000011.txt
25-NSE	1664998	KnowBe4, Inc.	2023-02-01	edgar/data/1664998/0001354457-23-000059.txt
25-NSE	1739104	Elanco Animal Health Inc	2023-02-01	edgar/data/1739104/0000876661-23-000082.txt
25-NSE	1814215	Nuburu, Inc.	2023-02-01	edgar/data/1814215/0001143313-23-000009.txt
25-NSE	1865537	DTRT Health Acquisition Corp.	2023-02-01	edgar/data/1865537/0001354457-23-000060.txt
25-NSE	876661	NEW YORK STOCK EXCHANGE LLC	2023-02-01	edgar/data/876661/0000876661-23-000080.txt
25-NSE	876661	NEW YORK STOCK EXCHANGE LLC	2023-02-01	edgar/data/876661/0000876661-23-000082.txt
25-NSE	91928	SOUTH JERSEY INDUSTRIES INC	2023-02-01	edgar/data/91928/0000876661-23-000080.txt
15-12G	867665	ABRAXAS PETROLEUM CORP	2023-02-02	edgar/data/867665/0001193125-23-021889.txt
25-NSE	1354457	Nasdaq Stock Market LLC	2023-02-02	edgar/data/1354457/0001354457-23-000066.txt
25-NSE	1354457	Nasdaq Stock Market LLC	2023-02-02	edgar/data/1354457/0001354457-23-000067.txt
25-NSE	1825413	Biotech Acquisition Co	2023-02-02	edgar/data/1825413/0001354457-23-000067.txt
25-NSE	1863428	Seaport Calibre Materials Acquisition Corp.	2023-02-02	edgar/data/1863428/0001354457-23-000066.txt
15-12G	1576169	Benefitfocus, Inc.	2023-02-03	edgar/data/1576169/0001839882-23-002929.txt
15-12G	1822312	Jack Creek Investment Corp.	2023-02-03	edgar/data/1822312/0001193125-23-024318.txt
15-15D	1807011	GM Financial Automobile Leasing Trust 2020-2	2023-02-03	edgar/data/1807011/0001213900-23-007737.txt
25-NSE	1354457	Nasdaq Stock Market LLC	2023-02-03	edgar/data/1354457/0001354457-23-000069.txt
25-NSE	1538990	STORE CAPITAL Corp	2023-02-03	edgar/data/1538990/0000876661-23-000088.txt
25-NSE	1592058	Party City Holdco Inc.	2023-02-03	edgar/data/1592058/0000876661-23-000086.txt
25-NSE	1855631	AERWINS Technologies Inc.	2023-02-03	edgar/data/1855631/0001354457-23-000069.txt
25-NSE	876661	NEW YORK STOCK EXCHANGE LLC	2023-02-03	edgar/data/876661/0000876661-23-000086.txt
25-NSE	876661	NEW YORK STOCK EXCHANGE LLC	2023-02-03	edgar/data/876661/0000876661-23-000088.txt
15-12G	1828478	SVF Investment Corp.	2023-02-06	edgar/data/1828478/0001193125-23-025680.txt
15-12G	1829999	FoxWayne Enterprises Acquisition Corp.	2023-02-06	edgar/data/1829999/0001493152-23-003723.txt
15-12G	1830063	North Atlantic Acquisition Corp	2023-02-06	edgar/data/1830063/0001104659-23-011163.txt
15-12G	1853314	Gesher I Acquisition Corp.	2023-02-06	edgar/data/1853314/0001104659-23-011230.txt
15-12G	1863685	Thrive Acquisition Corp	2023-02-06	edgar/data/1863685/0001213900-23-008324.txt
15-12G	879682	VIVEVE MEDICAL, INC.	2023-02-06	edgar/data/879682/0001437749-23-002587.txt
15F-12B	1030475	CHINA EASTERN AIRLINES CORP LTD	2023-02-06	edgar/data/1030475/0001193125-23-024789.txt
25	1096691	PARTNER COMMUNICATIONS CO LTD	2023-02-06	edgar/data/1096691/0001178913-23-000369.txt
25	1787005	Cincinnati Bancorp, Inc.	2023-02-06	edgar/data/1787005/0000943374-23-000087.txt
25	1924447	THOR Financial Technologies Trust	2023-02-06	edgar/data/1924447/0001580642-23-000725.txt
25	91928	SOUTH JERSEY INDUSTRIES INC	2023-02-06	edgar/data/91928/0001140361-23-004582.txt
15-15D	1557805	WFRBS Commercial Mortgage Trust 2012-C9	2023-02-07	edgar/data/1557805/0001888524-23-001449.txt
15F-12B	1302362	Mechel PAO	2023-02-07	edgar/data/1302362/0001193125-23-026316.txt
25-NSE	1143362	NYSE ARCA, INC.	2023-02-07	edgar/data/1143362/0001143362-23-000036.txt
25-NSE	1143362	NYSE ARCA, INC.	2023-02-07	edgar/data/1143362/0001143362-23-000038.txt
25-NSE	1143362	NYSE ARCA, INC.	2023-02-07	edgar/data/1143362/0001143362-23-000040.txt
25-NSE	1143362	NYSE ARCA, INC.	2023-02-07	edgar/data/1143362/0001143362-23-000042.txt
25-NSE	1143362	NYSE ARCA, INC.	2023-02-07	edgar/data/1143362/0001143362-23-000044.txt
25-NSE	1415995	IndexIQ ETF Trust	2023-02-07	edgar/data/1415995/0001143362-23-000036.txt
25-NSE	1415995	IndexIQ ETF Trust	2023-02-07	edgar/data/1415995/0001143362-23-000038.txt
25-NSE	1415995	IndexIQ ETF Trust	2023-02-07	edgar/data/1415995/0001143362-23-000040.txt
25-NSE	1415995	IndexIQ ETF Trust	2023-02-07	edgar/data/1415995/0001143362-23-000042.txt
25-NSE	1415995	IndexIQ ETF Trust	2023-02-07	edgar/data/1415995/0001143362-23-000044.txt
25-NSE	1830374	D & Z Media Acquisition Corp.	2023-02-07	edgar/data/1830374/0000876661-23-000094.txt
25-NSE	876661	NEW YORK STOCK EXCHANGE LLC	2023-02-07	edgar/data/876661/0000876661-23-000094.txt
15-15D	1816750	Ford Credit Auto Lease Trust 2020-B	2023-02-08	edgar/data/1816750/0001816750-23-000006.txt
25-NSE	1354457	Nasdaq Stock Market LLC	2023-02-08	edgar/data/1354457/0001354457-23-000074.txt
25-NSE	1637655	Horizon Global Corp	2023-02-08	edgar/data/1637655/0000876661-23-000096.txt
25-NSE	1852117	Rockley Photonics Holdings Ltd	2023-02-08	edgar/data/1852117/0000876661-23-000098.txt
25-NSE	876661	NEW YORK STOCK EXCHANGE LLC	2023-02-08	edgar/data/876661/0000876661-23-000096.txt
25-NSE	876661	NEW YORK STOCK EXCHANGE LLC	2023-02-08	edgar/data/876661/0000876661-23-000098.txt
25-NSE	892482	Qumu Corp	2023-02-08	edgar/data/892482/0001354457-23-000074.txt
25-NSE	1354457	Nasdaq Stock Market LLC	2023-02-09	edgar/data/1354457/0001354457-23-000079.txt
25-NSE	1837207	G Squared Ascend I Inc.	2023-02-09	edgar/data/1837207/0000876661-23-000101.txt
25-NSE	1843724	AMCI Acquisition Corp. II	2023-02-09	edgar/data/1843724/0001354457-23-000079.txt
25-NSE	876661	NEW YORK STOCK EXCHANGE LLC	2023-02-09	edgar/data/876661/0000876661-23-000101.txt
15-12G	1359711	MICRO FOCUS INTERNATIONAL PLC	2023-02-10	edgar/data/1359711/0001193125-23-031428.txt
15-12G	1630856	Professional Holding Corp.	2023-02-10	edgar/data/1630856/0001104659-23-018112.txt
15-12G	1848410	Catalyst Partners Acquisition Corp.	2023-02-10	edgar/data/1848410/0001104659-23-018668.txt
15-12G	6494	ANDREA ELECTRONICS CORP	2023-02-10	edgar/data/6494/0001437749-23-003059.txt
15-12G	765880	HEALTHPEAK PROPERTIES, INC.	2023-02-10	edgar/data/765880/0001104659-23-018539.txt
25-NSE	1143362	NYSE ARCA, INC.	2023-02-10	edgar/data/1143362/0001143362-23-000048.txt
25-NSE	1143362	NYSE ARCA, INC.	2023-02-10	edgar/data/1143362/0001143362-23-000049.txt
25-NSE	1354457	Nasdaq Stock Market LLC	2023-02-10	edgar/data/1354457/0001354457-23-000083.txt
25-NSE	1354457	Nasdaq Stock Market LLC	2023-02-10	edgar/data/1354457/0001354457-23-000084.txt
25-NSE	1547576	Krane Shares Trust	2023-02-10	edgar/data/1547576/0001143362-23-000048.txt
25-NSE	1547576	Krane Shares Trust	2023-02-10	edgar/data/1547576/0001143362-23-000049.txt
25-NSE	1838431	ScION Tech Growth II	2023-02-10	edgar/data/1838431/0001354457-23-000084.txt
25-NSE	1839132	Pathfinder Acquisition Corp	2023-02-10	edgar/data/1839132/0001354457-23-000083.txt
25-NSE	765880	HEALTHPEAK PROPERTIES, INC.	2023-02-10	edgar/data/765880/0000876661-23-000106.txt
25-NSE	876661	NEW YORK STOCK EXCHANGE LLC	2023-02-10	edgar/data/876661/0000876661-23-000106.txt
15-12G	1035216	SOUTH JERSEY GAS Co	2023-02-13	edgar/data/1035216/0001140361-23-006338.txt
15-12G	1664998	KnowBe4, Inc.	2023-02-13	edgar/data/1664998/0001193125-23-035623.txt
15-12G	1836259	SportsTek Acquisition Corp.	2023-02-13	edgar/data/1836259/0001140361-23-006201.txt
15-12G	1863428	Seaport Calibre Materials Acquisition Corp.	2023-02-13	edgar/data/1863428/0001104659-23-019740.txt
15-12G	794172	MERIDIAN BIOSCIENCE INC	2023-02-13	edgar/data/794172/0001193125-23-035915.txt
15-12G	91928	SOUTH JERSEY INDUSTRIES INC	2023-02-13	edgar/data/91928/0001140361-23-006343.txt
25	1787384	FFBW, Inc. /MD/	2023-02-13	edgar/data/1787384/0000943374-23-000104.txt
25-NSE	1354457	Nasdaq Stock Market LLC	2023-02-13	edgar/data/1354457/0001354457-23-000085.txt
25-NSE	1354457	Nasdaq Stock Market LLC	2023-02-13	edgar/data/1354457/0001354457-23-000086.txt
25-NSE	1745317	Velodyne Lidar, Inc.	2023-02-13	edgar/data/1745317/0001354457-23-000085.txt
25-NSE	1844452	Intuitive Machines, Inc.	2023-02-13	edgar/data/1844452/0001354457-23-000086.txt
15-12G	1825413	Biotech Acquisition Co	2023-02-14	edgar/data/1825413/0001213900-23-011557.txt
15-12G	1865537	DTRT Health Acquisition Corp.	2023-02-14	edgar/data/1865537/0001193125-23-038790.txt
15-15D	1642365	Alpine Auto Brokers Inc.	2023-02-14	edgar/data/1642365/0001829126-23-001480.txt
25-NSE	1143362	NYSE ARCA, INC.	2023-02-14	edgar/data/1143362/0001143362-23-000051.txt
25-NSE	1143362	NYSE ARCA, INC.	2023-02-14	edgar/data/1143362/0001143362-23-000053.txt
25-NSE	1354457	Nasdaq Stock Market LLC	2023-02-14	edgar/data/1354457/0001354457-23-000089.txt
25-NSE	1354457	Nasdaq Stock Market LLC	2023-02-14	edgar/data/1354457/0001354457-23-000090.txt
25-NSE	1805508	Itiquira Acquisition Corp.	2023-02-14	edgar/data/1805508/0001354457-23-000089.txt
25-NSE	1823634	Carney Technology Acquisition Corp. II	2023-02-14	edgar/data/1823634/0001354457-23-000090.txt
25-NSE	352960	SWEDISH EXPORT CREDIT CORP /SWED/	2023-02-14	edgar/data/352960/0001143362-23-000051.txt
25-NSE	352960	SWEDISH EXPORT CREDIT CORP /SWED/	2023-02-14	edgar/data/352960/0001143362-23-000053.txt
15-12G	1183082	GENESIS FINANCIAL INC	2023-02-15	edgar/data/1183082/0001493152-23-005093.txt
25-NSE	1354457	Nasdaq Stock Market LLC	2023-02-15	edgar/data/1354457/0001354457-23-000093.txt
25-NSE	1354457	Nasdaq Stock Market LLC	2023-02-15	edgar/data/1354457/0001354457-23-000094.txt
25-NSE	1418100	Avaya Holdings Corp.	2023-02-15	edgar/data/1418100/0000876661-23-000119.txt
25-NSE	18230	CATERPILLAR INC	2023-02-15	edgar/data/18230/0000876661-23-000115.txt
25-NSE	1826058	Mason Industrial Technology, Inc.	2023-02-15	edgar/data/1826058/0000876661-23-000112.txt
25-NSE	1848165	Parabellum Acquisition Corp.	2023-02-15	edgar/data/1848165/0000876661-23-000117.txt
25-NSE	1849011	Apeiron Capital Investment Corp.	2023-02-15	edgar/data/1849011/0000876661-23-000111.txt
25-NSE	1869974	Ocean Biomedical, Inc.	2023-02-15	edgar/data/1869974/0001354457-23-000094.txt
25-NSE	1883814	Southland Holdings, Inc.	2023-02-15	edgar/data/1883814/0001354457-23-000093.txt
25-NSE	764180	ALTRIA GROUP, INC.	2023-02-15	edgar/data/764180/0000876661-23-000108.txt
25-NSE	876661	NEW YORK STOCK EXCHANGE LLC	2023-02-15	edgar/data/876661/0000876661-23-000108.txt
25-NSE	876661	NEW YORK STOCK EXCHANGE LLC	2023-02-15	edgar/data/876661/0000876661-23-000111.txt
25-NSE	876661	NEW YORK STOCK EXCHANGE LLC	2023-02-15	edgar/data/876661/0000876661-23-000112.txt
25-NSE	876661	NEW YORK STOCK EXCHANGE LLC	2023-02-15	edgar/data/876661/0000876661-23-000115.txt
25-NSE	876661	NEW YORK STOCK EXCHANGE LLC	2023-02-15	edgar/data/876661/0000876661-23-000117.txt
25-NSE	876661	NEW YORK STOCK EXCHANGE LLC	2023-02-15	edgar/data/876661/0000876661-23-000119.txt
15-12G	1787005	Cincinnati Bancorp, Inc.	2023-02-16	edgar/data/1787005/0000943374-23-000116.txt
15-15D	1757404	Drive Auto Receivables Trust 2018-5	2023-02-16	edgar/data/1757404/0001193125-23-040719.txt
15F-12B	1096691	PARTNER COMMUNICATIONS CO LTD	2023-02-16	edgar/data/1096691/0001178913-23-000661.txt
25-NSE	1354457	Nasdaq Stock Market LLC	2023-02-16	edgar/data/1354457/0001354457-23-000095.txt
25-NSE	1354457	Nasdaq Stock Market LLC	2023-02-16	edgar/data/1354457/0001354457-23-000097.txt
25-NSE	1429764	Blink Charging Co.	2023-02-16	edgar/data/1429764/0001354457-23-000097.txt
25-NSE	1841425	CENAQ Energy Corp.	2023-02-16	edgar/data/1841425/0001354457-23-000095.txt
25-NSE	1850316	Ascendant Digital Acquisition Corp. III	2023-02-16	edgar/data/1850316/0000876661-23-000125.txt
25-NSE	742112	INVACARE CORP	2023-02-16	edgar/data/742112/0000876661-23-000121.txt
25-NSE	876661	NEW YORK STOCK EXCHANGE LLC	2023-02-16	edgar/data/876661/0000876661-23-000121.txt
25-NSE	876661	NEW YORK STOCK EXCHANGE LLC	2023-02-16	edgar/data/876661/0000876661-23-000125.txt
15-12G	1830374	D & Z Media Acquisition Corp.	2023-02-17	edgar/data/1830374/0001213900-23-012580.txt
15-12G	91928	SOUTH JERSEY INDUSTRIES INC	2023-02-17	edgar/data/91928/0001140361-23-007569.txt
25-NSE	1354457	Nasdaq Stock Market LLC	2023-02-17	edgar/data/1354457/0001354457-23-000099.txt
25-NSE	1354457	Nasdaq Stock Market LLC	2023-02-17	edgar/data/1354457/0001354457-23-000100.txt
25-NSE	1836517	Medicus Sciences Acquisition Corp.	2023-02-17	edgar/data/1836517/0001354457-23-000099.txt
25-NSE	1853775	Mountain Crest Acquisition Corp. III	2023-02-17	edgar/data/1853775/0001354457-23-000100.txt
25-NSE	38009	FORD MOTOR CREDIT CO LLC	2023-02-17	edgar/data/38009/0000876661-23-000128.txt
25-NSE	876661	NEW YORK STOCK EXCHANGE LLC	2023-02-17	edgar/data/876661/0000876661-23-000128.txt
15-12G	1637655	Horizon Global Corp	2023-02-21	edgar/data/1637655/0001193125-23-043381.txt
15-12G	1838431	ScION Tech Growth II	2023-02-21	edgar/data/1838431/0001213900-23-013169.txt
15-12G	892482	Qumu Corp	2023-02-21	edgar/data/892482/0001387131-23-002231.txt
25	1869141	Athena Consumer Acquisition Corp.	2023-02-21	edgar/data/1869141/0001213900-23-013212.txt
25-NSE	1354457	Nasdaq Stock Market LLC	2023-02-21	edgar/data/1354457/0001354457-23-000101.txt
25-NSE	1354457	Nasdaq Stock Market LLC	2023-02-21	edgar/data/1354457/0001354457-23-000103.txt
25-NSE	1354457	Nasdaq Stock Market LLC	2023-02-21	edgar/data/1354457/0001354457-23-000104.txt
25-NSE	1354457	Nasdaq Stock Market LLC	2023-02-21	edgar/data/1354457/0001354457-23-000105.txt
25-NSE	1836337	Lazard Growth Acquisition Corp. I	2023-02-21	edgar/data/1836337/0001354457-23-000103.txt
25-NSE	1838433	New Vista Acquisition Corp	2023-02-21	edgar/data/1838433/0001354457-23-000104.txt
25-NSE	1857951	Weber Inc.	2023-02-21	edgar/data/1857951/0000876661-23-000130.txt
25-NSE	1869673	Berenson Acquisition Corp. I	2023-02-21	edgar/data/1869673/0000876661-23-000132.txt
25-NSE	773840	HONEYWELL INTERNATIONAL INC	2023-02-21	edgar/data/773840/0001354457-23-000105.txt
25-NSE	839923	VODAFONE GROUP PUBLIC LTD CO	2023-02-21	edgar/data/839923/0001354457-23-000101.txt
25-NSE	876661	NEW YORK STOCK EXCHANGE LLC	2023-02-21	edgar/data/876661/0000876661-23-000130.txt
25-NSE	876661	NEW YORK STOCK EXCHANGE LLC	2023-02-21	edgar/data/876661/0000876661-23-000132.txt
25	820318	COHERENT CORP.	2023-02-22	edgar/data/820318/0001193125-23-044806.txt
25-NSE	1303313	LHC Group, Inc	2023-02-22	edgar/data/1303313/0001354457-23-000106.txt
25-NSE	1354457	Nasdaq Stock Market LLC	2023-02-22	edgar/data/1354457/0001354457-23-000106.txt
25-NSE	1354457	Nasdaq Stock Market LLC	2023-02-22	edgar/data/1354457/0001354457-23-000107.txt
25-NSE	1354457	Nasdaq Stock Market LLC	2023-02-22	edgar/data/1354457/0001354457-23-000108.txt
25-NSE	1404123	1Life Healthcare Inc	2023-02-22	edgar/data/1404123/0001354457-23-000108.txt
25-NSE	1819881	Paya Holdings Inc.	2023-02-22	edgar/data/1819881/0001354457-23-000107.txt
15-12G	1787384	FFBW, Inc. /MD/	2023-02-23	edgar/data/1787384/0000943374-23-000126.txt
25	1830029	Adit EdTech Acquisition Corp.	2023-02-23	edgar/data/1830029/0001193125-23-046520.txt
25	1839610	InterPrivate III Financial Partners Inc.	2023-02-23	edgar/data/1839610/0001213900-23-013791.txt
25-NSE	1143362	NYSE ARCA, INC.	2023-02-23	edgar/data/1143362/0001143362-23-000060.txt
25-NSE	1354457	Nasdaq Stock Market LLC	2023-02-23	edgar/data/1354457/0001354457-23-000109.txt
25-NSE	1771146	ETF Opportunities Trust	2023-02-23	edgar/data/1771146/0001143362-23-000060.txt
25-NSE	1832696	FTAC Athena Acquisition Corp.	2023-02-23	edgar/data/1832696/0001354457-23-000109.txt
25-NSE	876661	NEW YORK STOCK EXCHANGE LLC	2023-02-23	edgar/data/876661/0000876661-23-000136.txt
25-NSE	876661	NEW YORK STOCK EXCHANGE LLC	2023-02-23	edgar/data/876661/0000876661-23-000137.txt
25-NSE	891478	Banco Santander, S.A.	2023-02-23	edgar/data/891478/0000876661-23-000136.txt
25-NSE	891478	Banco Santander, S.A.	2023-02-23	edgar/data/891478/0000876661-23-000137.txt
15-12G	1823634	Carney Technology Acquisition Corp. II	2023-02-24	edgar/data/1823634/0001193125-23-048404.txt
15-12G	1837207	G Squared Ascend I Inc.	2023-02-24	edgar/data/1837207/0001104659-23-025354.txt
15-15D	1762228	Toyota Auto Receivables 2019-A Owner Trust	2023-02-24	edgar/data/1762228/0000929638-23-000688.txt
15-15D	1778781	Harley-Davidson Motorcycle Trust 2019-A	2023-02-24	edgar/data/1778781/0001628280-23-004984.txt
25	16988	CANON INC	2023-02-24	edgar/data/16988/0001193125-23-047411.txt
25	1831270	Bite Acquisition Corp.	2023-02-24	edgar/data/1831270/0001104659-23-025137.txt
25-NSE	1143362	NYSE ARCA, INC.	2023-02-24	edgar/data/1143362/0001143362-23-000062.txt
25-NSE	1143362	NYSE ARCA, INC.	2023-02-24	edgar/data/1143362/0001143362-23-000067.txt
25-NSE	1143362	NYSE ARCA, INC.	2023-02-24	edgar/data/1143362/0001143362-23-000068.txt
25-NSE	1143362	NYSE ARCA, INC.	2023-02-24	edgar/data/1143362/0001143362-23-000069.txt
25-NSE	1143362	NYSE ARCA, INC.	2023-02-24	edgar/data/1143362/0001143362-23-000070.txt
25-NSE	1354457	Nasdaq Stock Market LLC	2023-02-24	edgar/data/1354457/0001354457-23-000111.txt
25-NSE	1354457	Nasdaq Stock Market LLC	2023-02-24	edgar/data/1354457/0001354457-23-000113.txt
25-NSE	1354457	Nasdaq Stock Market LLC	2023-02-24	edgar/data/1354457/0001354457-23-000114.txt
25-NSE	1424958	Direxion Shares ETF Trust	2023-02-24	edgar/data/1424958/0001143362-23-000067.txt
25-NSE	1424958	Direxion Shares ETF Trust	2023-02-24	edgar/data/1424958/0001143362-23-000068.txt
25-NSE	1424958	Direxion Shares ETF Trust	2023-02-24	edgar/data/1424958/0001143362-23-000069.txt
25-NSE	1424958	Direxion Shares ETF Trust	2023-02-24	edgar/data/1424958/0001143362-23-000070.txt
25-NSE	1572661	Principal Exchange-Traded Funds	2023-02-24	edgar/data/1572661/0001143362-23-000062.txt
25-NSE	1848959	Decarbonization Plus Acquisition Corp IV	2023-02-24	edgar/data/1848959/0001354457-23-000114.txt
25-NSE	1851174	World Quantum Growth Acquisition Corp.	2023-02-24	edgar/data/1851174/0000876661-23-000140.txt
25-NSE	1868734	CinCor Pharma, Inc.	2023-02-24	edgar/data/1868734/0001354457-23-000111.txt
25-NSE	1873964	Counter Press Acquisition Corp	2023-02-24	edgar/data/1873964/0001354457-23-000113.txt
25-NSE	876661	NEW YORK STOCK EXCHANGE LLC	2023-02-24	edgar/data/876661/0000876661-23-000140.txt
15-12G	1418100	Avaya Holdings Corp.	2023-02-27	edgar/data/1418100/0001418100-23-000023.txt
15-12G	1813793	Blockchain of Things, Inc.	2023-02-27	edgar/data/1813793/0001663577-23-000099.txt
15-12G	1826059	Kismet Acquisition Three Corp.	2023-02-27	edgar/data/1826059/0001213900-23-014606.txt
15-12G	1836517	Medicus Sciences Acquisition Corp.	2023-02-27	edgar/data/1836517/0001104659-23-025886.txt
15-15D	1418100	Avaya Holdings Corp.	2023-02-27	edgar/data/1418100/0001418100-23-000025.txt
15-15D	1418100	Avaya Holdings Corp.	2023-02-27	edgar/data/1418100/0001418100-23-000028.txt
15-15D	1418100	Avaya Holdings Corp.	2023-02-27	edgar/data/1418100/0001418100-23-000029.txt
15-15D	1418100	Avaya Holdings Corp.	2023-02-27	edgar/data/1418100/0001418100-23-000031.txt
15-15D	1418100	Avaya Holdings Corp.	2023-02-27	edgar/data/1418100/0001418100-23-000033.txt
25-NSE	1354457	Nasdaq Stock Market LLC	2023-02-27	edgar/data/1354457/0001354457-23-000115.txt
25-NSE	1833764	ABG Acquisition Corp. I	2023-02-27	edgar/data/1833764/0001354457-23-000115.txt
25-NSE	1877787	Ermenegildo Zegna N.V.	2023-02-27	edgar/data/1877787/0000876661-23-000143.txt
25-NSE	876661	NEW YORK STOCK EXCHANGE LLC	2023-02-27	edgar/data/876661/0000876661-23-000143.txt
15-12G	1413488	CANNABIS GLOBAL, INC.	2023-02-28	edgar/data/1413488/0001079973-23-000269.txt
15-12G	1745317	Velodyne Lidar, Inc.	2023-02-28	edgar/data/1745317/0001193125-23-053518.txt
15-12G	1850316	Ascendant Digital Acquisition Corp. III	2023-02-28	edgar/data/1850316/0001193125-23-052072.txt
15-12G	1854461	Mount Rainier Acquisition Corp.	2023-02-28	edgar/data/1854461/0001104659-23-026770.txt
25-NSE	1143362	NYSE ARCA, INC.	2023-02-28	edgar/data/1143362/0001143362-23-000073.txt
25-NSE	1143362	NYSE ARCA, INC.	2023-02-28	edgar/data/1143362/0001143362-23-000075.txt
25-NSE	1354457	Nasdaq Stock Market LLC	2023-02-28	edgar/data/1354457/0001354457-23-000116.txt
25-NSE	1354457	Nasdaq Stock Market LLC	2023-02-28	edgar/data/1354457/0001354457-23-000120.txt
25-NSE	1354457	Nasdaq Stock Market LLC	2023-02-28	edgar/data/1354457/0001354457-23-000121.txt
25-NSE	1385867	Coupa Software Inc	2023-02-28	edgar/data/1385867/0001354457-23-000116.txt
25-NSE	1722388	Impact Shares Trust I	2023-02-28	edgar/data/1722388/0001143362-23-000075.txt
25-NSE	1742912	Tidal ETF Trust	2023-02-28	edgar/data/1742912/0001143362-23-000073.txt
25-NSE	1847090	TPB Acquisition Corp I	2023-02-28	edgar/data/1847090/0001354457-23-000121.txt
25-NSE	1854461	Mount Rainier Acquisition Corp.	2023-02-28	edgar/data/1854461/0001354457-23-000120.txt
15-12G	1805508	Itiquira Acquisition Corp.	2023-03-01	edgar/data/1805508/0001104659-23-027327.txt
15-12G	1817944	Clarus Therapeutics Holdings, Inc.	2023-03-01	edgar/data/1817944/0001213900-23-015850.txt
15-12G	1826058	Mason Industrial Technology, Inc.	2023-03-01	edgar/data/1826058/0001193125-23-056415.txt
25	1883814	Southland Holdings, Inc.	2023-03-01	edgar/data/1883814/0001829126-23-001785.txt
25-NSE	1077771	UMPQUA HOLDINGS CORP	2023-03-01	edgar/data/1077771/0001354457-23-000133.txt
25-NSE	1143362	NYSE ARCA, INC.	2023-03-01	edgar/data/1143362/0001143362-23-000077.txt
25-NSE	1354457	Nasdaq Stock Market LLC	2023-03-01	edgar/data/1354457/0001354457-23-000133.txt
25-NSE	1354457	Nasdaq Stock Market LLC	2023-03-01	edgar/data/1354457/0001354457-23-000134.txt
25-NSE	1393066	Resolute Forest Products Inc.	2023-03-01	edgar/data/1393066/0000876661-23-000156.txt
25-NSE	1466538	COWEN INC.	2023-03-01	edgar/data/1466538/0001354457-23-000134.txt
25-NSE	1540305	ETF Series Solutions	2023-03-01	edgar/data/1540305/0001143362-23-000077.txt
25-NSE	1651094	Elevate Credit, Inc.	2023-03-01	edgar/data/1651094/0000876661-23-000147.txt
25-NSE	753308	NEXTERA ENERGY INC	2023-03-01	edgar/data/753308/0000876661-23-000158.txt
25-NSE	858707	NEW IRELAND FUND INC	2023-03-01	edgar/data/858707/0000876661-23-000154.txt
25-NSE	876661	NEW YORK STOCK EXCHANGE LLC	2023-03-01	edgar/data/876661/0000876661-23-000147.txt
25-NSE	876661	NEW YORK STOCK EXCHANGE LLC	2023-03-01	edgar/data/876661/0000876661-23-000154.txt
25-NSE	876661	NEW YORK STOCK EXCHANGE LLC	2023-03-01	edgar/data/876661/0000876661-23-000156.txt
25-NSE	876661	NEW YORK STOCK EXCHANGE LLC	2023-03-01	edgar/data/876661/0000876661-23-000158.txt
15-15D	1822360	GM Financial Automobile Leasing Trust 2020-3	2023-03-02	edgar/data/1822360/0001213900-23-016449.txt
25-NSE	1322505	ALBIREO PHARMA, INC.	2023-03-02	edgar/data/1322505/0001354457-23-000140.txt
25-NSE	1354457	Nasdaq Stock Market LLC	2023-03-02	edgar/data/1354457/0001354457-23-000137.txt
25-NSE	1354457	Nasdaq Stock Market LLC	2023-03-02	edgar/data/1354457/0001354457-23-000140.txt
25-NSE	1385157	TE Connectivity Ltd.	2023-03-02	edgar/data/1385157/0000876661-23-000168.txt
25-NSE	1385508	OPIANT PHARMACEUTICALS, INC.	2023-03-02	edgar/data/1385508/0001354457-23-000137.txt
25-NSE	1385590	Tyco Electronics Group S.A.	2023-03-02	edgar/data/1385590/0000876661-23-000167.txt
25-NSE	1707925	LINDE PLC	2023-03-02	edgar/data/1707925/0000876661-23-000160.txt
25-NSE	1835205	IBERE PHARMACEUTICALS	2023-03-02	edgar/data/1835205/0000876661-23-000163.txt
25-NSE	876661	NEW YORK STOCK EXCHANGE LLC	2023-03-02	edgar/data/876661/0000876661-23-000160.txt
25-NSE	876661	NEW YORK STOCK EXCHANGE LLC	2023-03-02	edgar/data/876661/0000876661-23-000163.txt
25-NSE	876661	NEW YORK STOCK EXCHANGE LLC	2023-03-02	edgar/data/876661/0000876661-23-000167.txt
25-NSE	876661	NEW YORK STOCK EXCHANGE LLC	2023-03-02	edgar/data/876661/0000876661-23-000168.txt
15-12G	1836337	Lazard Growth Acquisition Corp. I	2023-03-03	edgar/data/1836337/0000950157-23-000207.txt
15-12G	1838433	New Vista Acquisition Corp	2023-03-03	edgar/data/1838433/0001213900-23-017255.txt
15-12G	1857951	Weber Inc.	2023-03-03	edgar/data/1857951/0000950103-23-003684.txt
25-NSE	1095348	O2MICRO INTERNATIONAL LTD	2023-03-03	edgar/data/1095348/0001354457-23-000142.txt
25-NSE	1318641	Statera Biopharma, Inc.	2023-03-03	edgar/data/1318641/0001354457-23-000149.txt
25-NSE	1354457	Nasdaq Stock Market LLC	2023-03-03	edgar/data/1354457/0001354457-23-000142.txt
25-NSE	1354457	Nasdaq Stock Market LLC	2023-03-03	edgar/data/1354457/0001354457-23-000143.txt
25-NSE	1354457	Nasdaq Stock Market LLC	2023-03-03	edgar/data/1354457/0001354457-23-000144.txt
25-NSE	1354457	Nasdaq Stock Market LLC	2023-03-03	edgar/data/1354457/0001354457-23-000145.txt
25-NSE	1354457	Nasdaq Stock Market LLC	2023-03-03	edgar/data/1354457/0001354457-23-000146.txt
25-NSE	1354457	Nasdaq Stock Market LLC	2023-03-03	edgar/data/1354457/0001354457-23-000147.txt
25-NSE	1354457	Nasdaq Stock Market LLC	2023-03-03	edgar/data/1354457/0001354457-23-000148.txt
25-NSE	1354457	Nasdaq Stock Market LLC	2023-03-03	edgar/data/1354457/0001354457-23-000149.txt
25-NSE	1354457	Nasdaq Stock Market LLC	2023-03-03	edgar/data/1354457/0001354457-23-000150.txt
25-NSE	1354457	Nasdaq Stock Market LLC	2023-03-03	edgar/data/1354457/0001354457-23-000151.txt
25-NSE	1354457	Nasdaq Stock Market LLC	2023-03-03	edgar/data/1354457/0001354457-23-000152.txt
25-NSE	1354457	Nasdaq Stock Market LLC	2023-03-03	edgar/data/1354457/0001354457-23-000153.txt
25-NSE	1496671	Calithera Biosciences, Inc.	2023-03-03	edgar/data/1496671/0001354457-23-000146.txt
25-NSE	1595585	Tricida, Inc.	2023-03-03	edgar/data/1595585/0001354457-23-000148.txt
25-NSE	1634379	Metacrine, Inc.	2023-03-03	edgar/data/1634379/0001354457-23-000143.txt
25-NSE	1653247	Waitr Holdings Inc.	2023-03-03	edgar/data/1653247/0001354457-23-000145.txt
25-NSE	1772028	Scopus BioPharma Inc.	2023-03-03	edgar/data/1772028/0001354457-23-000151.txt
25-NSE	1790515	EQONEX Ltd	2023-03-03	edgar/data/1790515/0001354457-23-000152.txt
25-NSE	1834645	Peak Bio, Inc.	2023-03-03	edgar/data/1834645/0001354457-23-000150.txt
25-NSE	1851625	McLaren Technology Acquisition Corp.	2023-03-03	edgar/data/1851625/0001354457-23-000153.txt
25-NSE	1855886	Arbor Rapha Capital Bioholdings Corp. I	2023-03-03	edgar/data/1855886/0001354457-23-000147.txt
25-NSE	874710	ALLIED HEALTHCARE PRODUCTS INC	2023-03-03	edgar/data/874710/0001354457-23-000144.txt
15-12G	1303313	LHC Group, Inc	2023-03-06	edgar/data/1303313/0001193125-23-061469.txt
15-12G	1404123	1Life Healthcare Inc	2023-03-06	edgar/data/1404123/0000950142-23-000605.txt
15-12G	1832696	FTAC Athena Acquisition Corp.	2023-03-06	edgar/data/1832696/0001213900-23-017838.txt
15-12G	1851174	World Quantum Growth Acquisition Corp.	2023-03-06	edgar/data/1851174/0001193125-23-061379.txt
15-12G	1868734	CinCor Pharma, Inc.	2023-03-06	edgar/data/1868734/0001193125-23-060624.txt
15-12G	1873964	Counter Press Acquisition Corp	2023-03-06	edgar/data/1873964/0001731122-23-000313.txt
25	1058867	GUARANTY BANCSHARES INC /TX/	2023-03-06	edgar/data/1058867/0001193125-23-061539.txt
25	1855168	Williams Rowland Acquisition Corp.	2023-03-06	edgar/data/1855168/0001213900-23-017425.txt
25-NSE	1143313	NYSE AMERICAN LLC	2023-03-06	edgar/data/1143313/0001143313-23-000015.txt
25-NSE	1354457	Nasdaq Stock Market LLC	2023-03-06	edgar/data/1354457/0001354457-23-000155.txt
25-NSE	1354457	Nasdaq Stock Market LLC	2023-03-06	edgar/data/1354457/0001354457-23-000156.txt
25-NSE	1367920	CONCERT PHARMACEUTICALS, INC.	2023-03-06	edgar/data/1367920/0001354457-23-000156.txt
25-NSE	1809353	HPX Corp.	2023-03-06	edgar/data/1809353/0001143313-23-000015.txt
25-NSE	1829558	ARCTOS NORTHSTAR ACQUISITION CORP.	2023-03-06	edgar/data/1829558/0000876661-23-000173.txt
25-NSE	1867325	Getnet Adquirencia E Servicos Para Meios De Pagamento S.A. -	2023-03-06	edgar/data/1867325/0001354457-23-000155.txt
25-NSE	876661	NEW YORK STOCK EXCHANGE LLC	2023-03-06	edgar/data/876661/0000876661-23-000173.txt
15-12G	1819881	Paya Holdings Inc.	2023-03-07	edgar/data/1819881/0001213900-23-018232.txt
15-15D	1770147	Ford Credit Auto Owner Trust 2019-A	2023-03-07	edgar/data/1770147/0001770147-23-000010.txt
25-NSE	1354457	Nasdaq Stock Market LLC	2023-03-07	edgar/data/1354457/0001354457-23-000158.txt
25-NSE	1354457	Nasdaq Stock Market LLC	2023-03-07	edgar/data/1354457/0001354457-23-000159.txt
25-NSE	1354457	Nasdaq Stock Market LLC	2023-03-07	edgar/data/1354457/0001354457-23-000160.txt
25-NSE	1413329	Philip Morris International Inc.	2023-03-07	edgar/data/1413329/0000876661-23-000177.txt
25-NSE	1842883	First Reserve Sustainable Growth Corp.	2023-03-07	edgar/data/1842883/0001354457-23-000159.txt
25-NSE	1842912	FTAC Hera Acquisition Corp.	2023-03-07	edgar/data/1842912/0001354457-23-000160.txt
25-NSE	1845991	Lionheart III Corp	2023-03-07	edgar/data/1845991/0001354457-23-000158.txt
25-NSE	876661	NEW YORK STOCK EXCHANGE LLC	2023-03-07	edgar/data/876661/0000876661-23-000177.txt
15-12G	1848959	Decarbonization Plus Acquisition Corp IV	2023-03-08	edgar/data/1848959/0001193125-23-063689.txt
15-12G	1833764	ABG Acquisition Corp. I	2023-03-09	edgar/data/1833764/0001193125-23-066256.txt
15-15D	1169055	Noble Finance Co	2023-03-09	edgar/data/1169055/0001193125-23-066102.txt
15-15D	1517342	PACIFIC DRILLING S.A.	2023-03-09	edgar/data/1517342/0001193125-23-066102.txt
15-15D	1803020	Daimler Trucks Retail Trust 2020-1	2023-03-09	edgar/data/1803020/0000905148-23-000275.txt
15-15D	1854970	Noble Drilling (Norway) AS	2023-03-09	edgar/data/1854970/0001193125-23-066102.txt
15-15D	1854973	Noble Drilling International GmbH	2023-03-09	edgar/data/1854973/0001193125-23-066102.txt
15-15D	1854976	Noble Leasing (Switzerland) GmbH	2023-03-09	edgar/data/1854976/0001193125-23-066102.txt
15-15D	1854979	Noble Leasing III (Switzerland) GmbH	2023-03-09	edgar/data/1854979/0001193125-23-066102.txt
15-15D	1854980	Noble Contracting II GmbH	2023-03-09	edgar/data/1854980/0001193125-23-066102.txt
15-15D	1854988	Noble Drilling (U.S.) LLC	2023-03-09	edgar/data/1854988/0001193125-23-066102.txt
15-15D	1854990	Noble Services Co LLC	2023-03-09	edgar/data/1854990/0001193125-23-066102.txt
15-15D	1854991	Noble DT LLC	2023-03-09	edgar/data/1854991/0001193125-23-066102.txt
15-15D	1854992	Noble Drilling Doha LLC	2023-03-09	edgar/data/1854992/0001193125-23-066102.txt
15-15D	1854993	Noble Services International Ltd	2023-03-09	edgar/data/1854993/0001193125-23-066102.txt
15-15D	1854994	Noble Drilling Services LLC (f/k/a Noble Drilling Services I	2023-03-09	edgar/data/1854994/0001193125-23-066102.txt
15-15D	1854995	Noble SA Ltd	2023-03-09	edgar/data/1854995/0001193125-23-066102.txt
15-15D	1854996	Noble Rig Holding 1 Ltd	2023-03-09	edgar/data/1854996/0001193125-23-066102.txt
15-15D	1854997	Noble Rig Holding 2 Ltd	2023-03-09	edgar/data/1854997/0001193125-23-066102.txt
15-15D	1854998	Noble International Finance Co	2023-03-09	edgar/data/1854998/0001193125-23-066102.txt
15-15D	1854999	Noble Drilling (TVL) Ltd.	2023-03-09	edgar/data/1854999/0001193125-23-066102.txt
15-15D	1855000	Noble Drilling (Guyana) Inc.	2023-03-09	edgar/data/1855000/0001193125-23-066102.txt
15-15D	1855009	Noble Cayman SCS Holding Ltd	2023-03-09	edgar/data/1855009/0001193125-23-066102.txt
15-15D	1855010	Noble BD LLC	2023-03-09	edgar/data/1855010/0001193125-23-066102.txt
15-15D	1855295	Bully 1 (Switzerland) GmbH	2023-03-09	edgar/data/1855295/0001193125-23-066102.txt
15-15D	1855382	Noble Resources Ltd	2023-03-09	edgar/data/1855382/0001193125-23-066102.txt
25-NSE	1354457	Nasdaq Stock Market LLC	2023-03-09	edgar/data/1354457/0001354457-23-000164.txt
25-NSE	1354457	Nasdaq Stock Market LLC	2023-03-09	edgar/data/1354457/0001354457-23-000165.txt
25-NSE	1354457	Nasdaq Stock Market LLC	2023-03-09	edgar/data/1354457/0001354457-23-000166.txt
25-NSE	1464963	First Eagle Alternative Capital BDC, Inc.	2023-03-09	edgar/data/1464963/0001354457-23-000165.txt
25-NSE	1566373	F-star Therapeutics, Inc.	2023-03-09	edgar/data/1566373/0001354457-23-000164.txt
25-NSE	1837238	SVF Investment Corp. 2	2023-03-09	edgar/data/1837238/0001354457-23-000166.txt
15-12G	1385867	Coupa Software Inc	2023-03-10	edgar/data/1385867/0001193125-23-067602.txt
15-12G	1847090	TPB Acquisition Corp I	2023-03-10	edgar/data/1847090/0001104659-23-031159.txt
15F-12G	1004530	Mountain Province Diamonds Inc.	2023-03-10	edgar/data/1004530/0001279569-23-000293.txt
25-NSE	1143362	NYSE ARCA, INC.	2023-03-10	edgar/data/1143362/0001143362-23-000086.txt
25-NSE	1143362	NYSE ARCA, INC.	2023-03-10	edgar/data/1143362/0001143362-23-000087.txt
25-NSE	1143362	NYSE ARCA, INC.	2023-03-10	edgar/data/1143362/0001143362-23-000088.txt
25-NSE	1354457	Nasdaq Stock Market LLC	2023-03-10	edgar/data/1354457/0001354457-23-000167.txt
25-NSE	1354457	Nasdaq Stock Market LLC	2023-03-10	edgar/data/1354457/0001354457-23-000168.txt
25-NSE	1354457	Nasdaq Stock Market LLC	2023-03-10	edgar/data/1354457/0001354457-23-000169.txt
25-NSE	1354457	Nasdaq Stock Market LLC	2023-03-10	edgar/data/1354457/0001354457-23-000170.txt
25-NSE	1354730	Invesco DB G10 Currency Harvest Fund	2023-03-10	edgar/data/1354730/0001143362-23-000088.txt
25-NSE	1367305	DB Multi-Sector Commodity Master Trust	2023-03-10	edgar/data/1367305/0001143362-23-000086.txt
25-NSE	1367305	DB Multi-Sector Commodity Master Trust	2023-03-10	edgar/data/1367305/0001143362-23-000087.txt
25-NSE	1464963	First Eagle Alternative Capital BDC, Inc.	2023-03-10	edgar/data/1464963/0000876661-23-000205.txt
25-NSE	1613103	Medtronic plc	2023-03-10	edgar/data/1613103/0000876661-23-000202.txt
25-NSE	1647572	Medtronic Global Holdings S.C.A.	2023-03-10	edgar/data/1647572/0000876661-23-000201.txt
25-NSE	1679082	Myovant Sciences Ltd.	2023-03-10	edgar/data/1679082/0000876661-23-000191.txt
25-NSE	1713952	Vivint Smart Home, Inc.	2023-03-10	edgar/data/1713952/0000876661-23-000197.txt
25-NSE	1836074	Warburg Pincus Capital Corp I-B	2023-03-10	edgar/data/1836074/0000876661-23-000185.txt
25-NSE	1836075	Warburg Pincus Capital Corp I-A	2023-03-10	edgar/data/1836075/0000876661-23-000193.txt
25-NSE	1837393	Independence Holdings Corp.	2023-03-10	edgar/data/1837393/0001354457-23-000170.txt
25-NSE	1838238	Pine Technology Acquisition Corp.	2023-03-10	edgar/data/1838238/0001354457-23-000167.txt
25-NSE	1841420	ESM Acquisition Corp	2023-03-10	edgar/data/1841420/0000876661-23-000196.txt
25-NSE	1842329	Agile Growth Corp.	2023-03-10	edgar/data/1842329/0001354457-23-000168.txt
25-NSE	1865533	Emerging Markets Horizon Corp.	2023-03-10	edgar/data/1865533/0001354457-23-000169.txt
25-NSE	64670	MEDTRONIC INC	2023-03-10	edgar/data/64670/0000876661-23-000203.txt
25-NSE	876661	NEW YORK STOCK EXCHANGE LLC	2023-03-10	edgar/data/876661/0000876661-23-000185.txt
25-NSE	876661	NEW YORK STOCK EXCHANGE LLC	2023-03-10	edgar/data/876661/0000876661-23-000191.txt
25-NSE	876661	NEW YORK STOCK EXCHANGE LLC	2023-03-10	edgar/data/876661/0000876661-23-000193.txt
25-NSE	876661	NEW YORK STOCK EXCHANGE LLC	2023-03-10	edgar/data/876661/0000876661-23-000196.txt
25-NSE	876661	NEW YORK STOCK EXCHANGE LLC	2023-03-10	edgar/data/876661/0000876661-23-000197.txt
25-NSE	876661	NEW YORK STOCK EXCHANGE LLC	2023-03-10	edgar/data/876661/0000876661-23-000201.txt
25-NSE	876661	NEW YORK STOCK EXCHANGE LLC	2023-03-10	edgar/data/876661/0000876661-23-000202.txt
25-NSE	876661	NEW YORK STOCK EXCHANGE LLC	2023-03-10	edgar/data/876661/0000876661-23-000203.txt
25-NSE	876661	NEW YORK STOCK EXCHANGE LLC	2023-03-10	edgar/data/876661/0000876661-23-000205.txt
15-12G	1077771	UMPQUA HOLDINGS CORP	2023-03-13	edgar/data/1077771/0001193125-23-068398.txt
15-12G	1095348	O2MICRO INTERNATIONAL LTD	2023-03-13	edgar/data/1095348/0001171843-23-001606.txt
15-12G	1385508	OPIANT PHARMACEUTICALS, INC.	2023-03-13	edgar/data/1385508/0001193125-23-068421.txt
15-12G	1393066	Resolute Forest Products Inc.	2023-03-13	edgar/data/1393066/0001193125-23-068393.txt
15-12G	1466538	COWEN INC.	2023-03-13	edgar/data/1466538/0000950157-23-000238.txt
15-12G	1651094	Elevate Credit, Inc.	2023-03-13	edgar/data/1651094/0001193125-23-068675.txt
15-12G	1835205	IBERE PHARMACEUTICALS	2023-03-13	edgar/data/1835205/0001104659-23-031638.txt
15-12G	1841258	European Biotech Acquisition Corp.	2023-03-13	edgar/data/1841258/0000950103-23-004000.txt
15-12G	1851625	McLaren Technology Acquisition Corp.	2023-03-13	edgar/data/1851625/0001213900-23-019490.txt
15-12G	1855886	Arbor Rapha Capital Bioholdings Corp. I	2023-03-13	edgar/data/1855886/0001104659-23-031824.txt
25	1834518	Northern Star Investment Corp. II	2023-03-13	edgar/data/1834518/0001213900-23-019625.txt
25	1869673	Berenson Acquisition Corp. I	2023-03-13	edgar/data/1869673/0001193125-23-068510.txt
25-NSE	1326390	Macquarie Global Infrastructure Total Return Fund Inc.	2023-03-13	edgar/data/1326390/0000876661-23-000209.txt
25-NSE	1354457	Nasdaq Stock Market LLC	2023-03-13	edgar/data/1354457/0001354457-23-000172.txt
25-NSE	1396167	Delaware Enhanced Global Dividend & Income Fund	2023-03-13	edgar/data/1396167/0000876661-23-000221.txt
25-NSE	1568292	Delaware Ivy High Income Opportunities Fund	2023-03-13	edgar/data/1568292/0000876661-23-000214.txt
25-NSE	1829426	Far Peak Acquisition Corp	2023-03-13	edgar/data/1829426/0000876661-23-000211.txt
25-NSE	1837739	Colonnade Acquisition Corp. II	2023-03-13	edgar/data/1837739/0000876661-23-000219.txt
25-NSE	1839569	FinTech Evolution Acquisition Group	2023-03-13	edgar/data/1839569/0000876661-23-000222.txt
25-NSE	1841845	Peridot Acquisition Corp. II	2023-03-13	edgar/data/1841845/0000876661-23-000226.txt
25-NSE	1843764	TB SA Acquisition Corp	2023-03-13	edgar/data/1843764/0001354457-23-000172.txt
25-NSE	1869673	Berenson Acquisition Corp. I	2023-03-13	edgar/data/1869673/0000876661-23-000225.txt
25-NSE	876661	NEW YORK STOCK EXCHANGE LLC	2023-03-13	edgar/data/876661/0000876661-23-000209.txt
25-NSE	876661	NEW YORK STOCK EXCHANGE LLC	2023-03-13	edgar/data/876661/0000876661-23-000211.txt
25-NSE	876661	NEW YORK STOCK EXCHANGE LLC	2023-03-13	edgar/data/876661/0000876661-23-000214.txt
25-NSE	876661	NEW YORK STOCK EXCHANGE LLC	2023-03-13	edgar/data/876661/0000876661-23-000219.txt
25-NSE	876661	NEW YORK STOCK EXCHANGE LLC	2023-03-13	edgar/data/876661/0000876661-23-000220.txt
25-NSE	876661	NEW YORK STOCK EXCHANGE LLC	2023-03-13	edgar/data/876661/0000876661-23-000221.txt
25-NSE	876661	NEW YORK STOCK EXCHANGE LLC	2023-03-13	edgar/data/876661/0000876661-23-000222.txt
25-NSE	876661	NEW YORK STOCK EXCHANGE LLC	2023-03-13	edgar/data/876661/0000876661-23-000225.txt
25-NSE	876661	NEW YORK STOCK EXCHANGE LLC	2023-03-13	edgar/data/876661/0000876661-23-000226.txt
25-NSE	896923	DELAWARE INVESTMENTS DIVIDEND & INCOME FUND, INC	2023-03-13	edgar/data/896923/0000876661-23-000220.txt
15-12G	1322505	ALBIREO PHARMA, INC.	2023-03-14	edgar/data/1322505/0001193125-23-070083.txt
15-12G	1414043	Friendable, Inc.	2023-03-14	edgar/data/1414043/0001199835-23-000140.txt
15-12G	1496671	Calithera Biosciences, Inc.	2023-03-14	edgar/data/1496671/0001193125-23-070159.txt
15F-12B	1792627	Just Eat Takeaway.com N.V.	2023-03-14	edgar/data/1792627/0000950157-23-000249.txt
25-NSE	1354457	Nasdaq Stock Market LLC	2023-03-14	edgar/data/1354457/0001354457-23-000174.txt
25-NSE	1834628	Lead Edge Growth Opportunities, Ltd	2023-03-14	edgar/data/1834628/0001354457-23-000174.txt
15-15D	1762287	World Omni Auto Receivables Trust 2019-A	2023-03-15	edgar/data/1762287/0001104659-23-032642.txt
15-15D	1949289	CXApp Holding Corp.	2023-03-15	edgar/data/1949289/0001213900-23-020095.txt
25-NSE	1143362	NYSE ARCA, INC.	2023-03-15	edgar/data/1143362/0001143362-23-000097.txt
25-NSE	1143362	NYSE ARCA, INC.	2023-03-15	edgar/data/1143362/0001143362-23-000098.txt
25-NSE	1143362	NYSE ARCA, INC.	2023-03-15	edgar/data/1143362/0001143362-23-000101.txt
25-NSE	1143362	NYSE ARCA, INC.	2023-03-15	edgar/data/1143362/0001143362-23-000102.txt
25-NSE	1354457	Nasdaq Stock Market LLC	2023-03-15	edgar/data/1354457/0001354457-23-000175.txt
25-NSE	1354457	Nasdaq Stock Market LLC	2023-03-15	edgar/data/1354457/0001354457-23-000180.txt
25-NSE	1354457	Nasdaq Stock Market LLC	2023-03-15	edgar/data/1354457/0001354457-23-000181.txt
25-NSE	1354457	Nasdaq Stock Market LLC	2023-03-15	edgar/data/1354457/0001354457-23-000182.txt
25-NSE	1367306	Invesco DB Multi-Sector Commodity Trust	2023-03-15	edgar/data/1367306/0001143362-23-000097.txt
25-NSE	1367306	Invesco DB Multi-Sector Commodity Trust	2023-03-15	edgar/data/1367306/0001143362-23-000101.txt
25-NSE	1383054	INVESCO DB SILVER FUND	2023-03-15	edgar/data/1383054/0001143362-23-000098.txt
25-NSE	1383055	Invesco DB Gold Fund	2023-03-15	edgar/data/1383055/0001143362-23-000102.txt
25-NSE	1613103	Medtronic plc	2023-03-15	edgar/data/1613103/0000876661-23-000236.txt
25-NSE	1647572	Medtronic Global Holdings S.C.A.	2023-03-15	edgar/data/1647572/0000876661-23-000232.txt
25-NSE	1780232	GFL Environmental Inc.	2023-03-15	edgar/data/1780232/0000876661-23-000230.txt
25-NSE	1820875	KINS Technology Group, Inc.	2023-03-15	edgar/data/1820875/0001354457-23-000175.txt
25-NSE	1839972	FTAC Parnassus Acquisition Corp.	2023-03-15	edgar/data/1839972/0001354457-23-000181.txt
25-NSE	1842223	Frontier Acquisition Corp.	2023-03-15	edgar/data/1842223/0001354457-23-000182.txt
25-NSE	1850487	Good Works II Acquisition Corp.	2023-03-15	edgar/data/1850487/0001354457-23-000180.txt
25-NSE	64670	MEDTRONIC INC	2023-03-15	edgar/data/64670/0000876661-23-000234.txt
25-NSE	732717	AT&T INC.	2023-03-15	edgar/data/732717/0000876661-23-000238.txt
25-NSE	876661	NEW YORK STOCK EXCHANGE LLC	2023-03-15	edgar/data/876661/0000876661-23-000230.txt
25-NSE	876661	NEW YORK STOCK EXCHANGE LLC	2023-03-15	edgar/data/876661/0000876661-23-000232.txt
25-NSE	876661	NEW YORK STOCK EXCHANGE LLC	2023-03-15	edgar/data/876661/0000876661-23-000234.txt
25-NSE	876661	NEW YORK STOCK EXCHANGE LLC	2023-03-15	edgar/data/876661/0000876661-23-000236.txt
25-NSE	876661	NEW YORK STOCK EXCHANGE LLC	2023-03-15	edgar/data/876661/0000876661-23-000238.txt
15-12G	1367920	CONCERT PHARMACEUTICALS, INC.	2023-03-16	edgar/data/1367920/0000950103-23-004201.txt
15-12G	1809353	HPX Corp.	2023-03-16	edgar/data/1809353/0001104659-23-033250.txt
15-12G	1829558	ARCTOS NORTHSTAR ACQUISITION CORP.	2023-03-16	edgar/data/1829558/0001193125-23-072607.txt
15-12G	1839185	Summit Healthcare Acquisition Corp.	2023-03-16	edgar/data/1839185/0001104659-23-033376.txt
15-15D	1762278	CarMax Auto Owner Trust 2019-1	2023-03-16	edgar/data/1762278/0001762278-23-000012.txt
15-15D	1763174	Drive Auto Receivables Trust 2019-1	2023-03-16	edgar/data/1763174/0001193125-23-072428.txt
25	1836056	Ambrx Biopharma Inc.	2023-03-16	edgar/data/1836056/0001193125-23-072663.txt
25-NSE	1067983	BERKSHIRE HATHAWAY INC	2023-03-16	edgar/data/1067983/0000876661-23-000251.txt
25-NSE	1129137	AMERICA MOVIL SAB DE CV/	2023-03-16	edgar/data/1129137/0000876661-23-000246.txt
25-NSE	1129137	AMERICA MOVIL SAB DE CV/	2023-03-16	edgar/data/1129137/0000876661-23-000249.txt
25-NSE	1354457	Nasdaq Stock Market LLC	2023-03-16	edgar/data/1354457/0001354457-23-000185.txt
25-NSE	1354457	Nasdaq Stock Market LLC	2023-03-16	edgar/data/1354457/0001354457-23-000187.txt
25-NSE	1839185	Summit Healthcare Acquisition Corp.	2023-03-16	edgar/data/1839185/0001354457-23-000187.txt
25-NSE	1843351	Kadem Sustainable Impact Corp	2023-03-16	edgar/data/1843351/0001354457-23-000185.txt
25-NSE	876661	NEW YORK STOCK EXCHANGE LLC	2023-03-16	edgar/data/876661/0000876661-23-000242.txt
25-NSE	876661	NEW YORK STOCK EXCHANGE LLC	2023-03-16	edgar/data/876661/0000876661-23-000243.txt
25-NSE	876661	NEW YORK STOCK EXCHANGE LLC	2023-03-16	edgar/data/876661/0000876661-23-000246.txt
25-NSE	876661	NEW YORK STOCK EXCHANGE LLC	2023-03-16	edgar/data/876661/0000876661-23-000249.txt
25-NSE	876661	NEW YORK STOCK EXCHANGE LLC	2023-03-16	edgar/data/876661/0000876661-23-000251.txt
25-NSE	929869	RELX PLC	2023-03-16	edgar/data/929869/0000876661-23-000243.txt
25-NSE	943890	RELX Capital Inc.	2023-03-16	edgar/data/943890/0000876661-23-000242.txt
15-12G	1130758	AEI INCOME & GROWTH FUND 24 LLC	2023-03-17	edgar/data/1130758/0000894245-23-000009.txt
15-12G	894245	AEI NET LEASE INCOME & GROWTH FUND XX LIMITED PARTNERSHIP	2023-03-17	edgar/data/894245/0000894245-23-000007.txt
15F-12B	1867325	Getnet Adquirencia E Servicos Para Meios De Pagamento S.A. -	2023-03-17	edgar/data/1867325/0000950103-23-004267.txt
25-NSE	1135185	ATLAS AIR WORLDWIDE HOLDINGS INC	2023-03-17	edgar/data/1135185/0001354457-23-000189.txt
25-NSE	1143313	NYSE AMERICAN LLC	2023-03-17	edgar/data/1143313/0001143313-23-000018.txt
25-NSE	1354457	Nasdaq Stock Market LLC	2023-03-17	edgar/data/1354457/0001354457-23-000189.txt
25-NSE	1354457	Nasdaq Stock Market LLC	2023-03-17	edgar/data/1354457/0001354457-23-000190.txt
25-NSE	1823584	ALLIANCE ENTERTAINMENT HOLDING CORP	2023-03-17	edgar/data/1823584/0001143313-23-000018.txt
25-NSE	1826669	GX Acquisition Corp. II	2023-03-17	edgar/data/1826669/0001354457-23-000190.txt
25-NSE	1838666	Build Acquisition Corp.	2023-03-17	edgar/data/1838666/0000876661-23-000260.txt
25-NSE	864270	AMERICAN HONDA FINANCE CORP	2023-03-17	edgar/data/864270/0000876661-23-000262.txt
25-NSE	876661	NEW YORK STOCK EXCHANGE LLC	2023-03-17	edgar/data/876661/0000876661-23-000260.txt
25-NSE	876661	NEW YORK STOCK EXCHANGE LLC	2023-03-17	edgar/data/876661/0000876661-23-000262.txt
15-12G	1464963	First Eagle Alternative Capital BDC, Inc.	2023-03-20	edgar/data/1464963/0001193125-23-074596.txt
15-12G	1566373	F-star Therapeutics, Inc.	2023-03-20	edgar/data/1566373/0000947871-23-000338.txt
15-12G	1679082	Myovant Sciences Ltd.	2023-03-20	edgar/data/1679082/0001140361-23-012511.txt
15-12G	1713952	Vivint Smart Home, Inc.	2023-03-20	edgar/data/1713952/0001104659-23-034249.txt
15-12G	1837393	Independence Holdings Corp.	2023-03-20	edgar/data/1837393/0001193125-23-074821.txt
15-12G	1841420	ESM Acquisition Corp	2023-03-20	edgar/data/1841420/0001193125-23-074664.txt
15-12G	1842883	First Reserve Sustainable Growth Corp.	2023-03-20	edgar/data/1842883/0001193125-23-074515.txt
15F-12B	1389207	Gafisa S.A.	2023-03-20	edgar/data/1389207/0000950103-23-004357.txt
25	1831359	Jaws Mustang Acquisition Corp	2023-03-20	edgar/data/1831359/0001104659-23-034129.txt
25	1855644	JATT Acquisition Corp	2023-03-20	edgar/data/1855644/0001104659-23-034548.txt
25	1870997	Loyalty Ventures Inc.	2023-03-20	edgar/data/1870997/0001104659-23-034245.txt
25-NSE	1159281	AlerisLife Inc.	2023-03-20	edgar/data/1159281/0001354457-23-000192.txt
25-NSE	1354457	Nasdaq Stock Market LLC	2023-03-20	edgar/data/1354457/0001354457-23-000192.txt
25-NSE	1354457	Nasdaq Stock Market LLC	2023-03-20	edgar/data/1354457/0001354457-23-000193.txt
25-NSE	1354457	Nasdaq Stock Market LLC	2023-03-20	edgar/data/1354457/0001354457-23-000194.txt
25-NSE	1592900	EA Series Trust	2023-03-20	edgar/data/1592900/0001354457-23-000193.txt
25-NSE	1840792	VPC Impact Acquisition Holdings II	2023-03-20	edgar/data/1840792/0001354457-23-000194.txt
25-NSE	1841585	Live Oak Mobility Acquisition Corp.	2023-03-20	edgar/data/1841585/0000876661-23-000267.txt
25-NSE	876661	NEW YORK STOCK EXCHANGE LLC	2023-03-20	edgar/data/876661/0000876661-23-000267.txt
15-12G	1452804	PEAK PHARMACEUTICALS, INC.	2023-03-21	edgar/data/1452804/0001199835-23-000159.txt
15-12G	1845991	Lionheart III Corp	2023-03-21	edgar/data/1845991/0001193125-23-075829.txt
15-15D	1745314	AmeriCredit Automobile Receivables Trust 2018-2	2023-03-21	edgar/data/1745314/0001213900-23-021557.txt
15-15D	1762569	CNH Equipment Trust 2019-A	2023-03-21	edgar/data/1762569/0001104659-23-035133.txt
15-15D	1830486	Volkswagen Auto Lease Trust 2020-A	2023-03-21	edgar/data/1830486/0001104659-23-035010.txt
25-NSE	1354457	Nasdaq Stock Market LLC	2023-03-21	edgar/data/1354457/0001354457-23-000198.txt
25-NSE	1597672	RAYONIER ADVANCED MATERIALS INC.	2023-03-21	edgar/data/1597672/0000876661-23-000271.txt
25-NSE	1615055	IsoPlexis Corp	2023-03-21	edgar/data/1615055/0001354457-23-000198.txt
25-NSE	1745041	IAA, Inc.	2023-03-21	edgar/data/1745041/0000876661-23-000269.txt
25-NSE	876661	NEW YORK STOCK EXCHANGE LLC	2023-03-21	edgar/data/876661/0000876661-23-000269.txt
25-NSE	876661	NEW YORK STOCK EXCHANGE LLC	2023-03-21	edgar/data/876661/0000876661-23-000271.txt
15-12G	1842329	Agile Growth Corp.	2023-03-22	edgar/data/1842329/0001104659-23-035535.txt
15-12G	1842912	FTAC Hera Acquisition Corp.	2023-03-22	edgar/data/1842912/0001213900-23-021789.txt
15-12G	895051	CASI Pharmaceuticals, Inc (DE)	2023-03-22	edgar/data/895051/0001104659-23-035268.txt
15-12G	1087456	UNITED BANCSHARES INC/OH	2023-03-23	edgar/data/1087456/0001437749-23-007614.txt
15-12G	1829426	Far Peak Acquisition Corp	2023-03-23	edgar/data/1829426/0000929638-23-000897.txt
15-12G	1837238	SVF Investment Corp. 2	2023-03-23	edgar/data/1837238/0001193125-23-077944.txt
15-12G	1838238	Pine Technology Acquisition Corp.	2023-03-23	edgar/data/1838238/0001213900-23-022426.txt
15-12G	1839569	FinTech Evolution Acquisition Group	2023-03-23	edgar/data/1839569/0001213900-23-022487.txt
15-12G	1841845	Peridot Acquisition Corp. II	2023-03-23	edgar/data/1841845/0001193125-23-077379.txt
15-15D	1516887	Wellness Center USA, Inc.	2023-03-23	edgar/data/1516887/0001493152-23-008687.txt
25	1487198	ASPEN GROUP, INC.	2023-03-23	edgar/data/1487198/0001553350-23-000198.txt
25	1683471	Listed Funds Trust	2023-03-23	edgar/data/1683471/0000894189-23-002091.txt
25-NSE	1354457	Nasdaq Stock Market LLC	2023-03-23	edgar/data/1354457/0001354457-23-000204.txt
25-NSE	1354457	Nasdaq Stock Market LLC	2023-03-23	edgar/data/1354457/0001354457-23-000205.txt
25-NSE	1354457	Nasdaq Stock Market LLC	2023-03-23	edgar/data/1354457/0001354457-23-000206.txt
25-NSE	1354457	Nasdaq Stock Market LLC	2023-03-23	edgar/data/1354457/0001354457-23-000207.txt
25-NSE	1826671	KLUDEIN I ACQUISITION CORP	2023-03-23	edgar/data/1826671/0001354457-23-000205.txt
25-NSE	1827076	Dragoneer Growth Opportunities Corp. III	2023-03-23	edgar/data/1827076/0001354457-23-000204.txt
25-NSE	1841383	Levere Holdings Corp.	2023-03-23	edgar/data/1841383/0001354457-23-000207.txt
25-NSE	1842373	LDH Growth Corp I	2023-03-23	edgar/data/1842373/0001354457-23-000206.txt
15-12G	1405663	I-Minerals Inc	2023-03-24	edgar/data/1405663/0001472375-23-000065.txt
15-12G	1634379	Metacrine, Inc.	2023-03-24	edgar/data/1634379/0001193125-23-079299.txt
15-12G	1837739	Colonnade Acquisition Corp. II	2023-03-24	edgar/data/1837739/0001193125-23-079242.txt
15-15D	1821260	Mercedes-Benz Auto Lease Trust 2020-B	2023-03-24	edgar/data/1821260/0000905148-23-000281.txt
25-NSE	1354457	Nasdaq Stock Market LLC	2023-03-24	edgar/data/1354457/0001354457-23-000209.txt
25-NSE	1354457	Nasdaq Stock Market LLC	2023-03-24	edgar/data/1354457/0001354457-23-000213.txt
25-NSE	1354457	Nasdaq Stock Market LLC	2023-03-24	edgar/data/1354457/0001354457-23-000214.txt
25-NSE	1704596	EVO Payments, Inc.	2023-03-24	edgar/data/1704596/0001354457-23-000209.txt
25-NSE	1826435	Silver Spike Acquisition Corp II	2023-03-24	edgar/data/1826435/0001354457-23-000214.txt
25-NSE	1844635	Corazon Capital V838 Monoceros Corp	2023-03-24	edgar/data/1844635/0001354457-23-000213.txt
25-NSE	1900304	Haleon plc	2023-03-24	edgar/data/1900304/0000876661-23-000277.txt
25-NSE	1947904	GSK Consumer Healthcare Capital US LLC	2023-03-24	edgar/data/1947904/0000876661-23-000276.txt
25-NSE	876661	NEW YORK STOCK EXCHANGE LLC	2023-03-24	edgar/data/876661/0000876661-23-000276.txt
25-NSE	876661	NEW YORK STOCK EXCHANGE LLC	2023-03-24	edgar/data/876661/0000876661-23-000277.txt
15-12G	1780232	GFL Environmental Inc.	2023-03-27	edgar/data/1780232/0001104659-23-037173.txt
15-12G	1826669	ELK CREEK RESOURCES CORP.	2023-03-27	edgar/data/1826669/0001539497-23-000507.txt
15-12G	1834628	Lead Edge Growth Opportunities, Ltd	2023-03-27	edgar/data/1834628/0001213900-23-023208.txt
15-12G	1838666	Build Acquisition Corp.	2023-03-27	edgar/data/1838666/0001193125-23-080384.txt
15-12G	1842223	Frontier Acquisition Corp.	2023-03-27	edgar/data/1842223/0001104659-23-037138.txt
15-12G	1843351	Kadem Sustainable Impact Corp	2023-03-27	edgar/data/1843351/0001193125-23-080462.txt
15-12G	1843764	TB SA Acquisition Corp	2023-03-27	edgar/data/1843764/0001193125-23-080507.txt
15-12G	1865533	Emerging Markets Horizon Corp.	2023-03-27	edgar/data/1865533/0001140361-23-013966.txt
25	1685316	ObsEva SA	2023-03-27	edgar/data/1685316/0001193125-23-080481.txt
25-NSE	1354457	Nasdaq Stock Market LLC	2023-03-27	edgar/data/1354457/0001354457-23-000215.txt
25-NSE	1374535	Altra Industrial Motion Corp.	2023-03-27	edgar/data/1374535/0001354457-23-000215.txt
25-NSE	1838361	Supernova Partners Acquisition Co III, Ltd.	2023-03-27	edgar/data/1838361/0000876661-23-000281.txt
25-NSE	1843249	Northern Genesis Acquisition Corp. III	2023-03-27	edgar/data/1843249/0000876661-23-000284.txt
25-NSE	1844363	Rocket Internet Growth Opportunities Corp.	2023-03-27	edgar/data/1844363/0000876661-23-000286.txt
25-NSE	876661	NEW YORK STOCK EXCHANGE LLC	2023-03-27	edgar/data/876661/0000876661-23-000281.txt
25-NSE	876661	NEW YORK STOCK EXCHANGE LLC	2023-03-27	edgar/data/876661/0000876661-23-000284.txt
25-NSE	876661	NEW YORK STOCK EXCHANGE LLC	2023-03-27	edgar/data/876661/0000876661-23-000286.txt
15-12G	1135185	ATLAS AIR WORLDWIDE HOLDINGS INC	2023-03-28	edgar/data/1135185/0000950142-23-000805.txt
15-12G	1354730	Invesco DB G10 Currency Harvest Fund	2023-03-28	edgar/data/1354730/0001193125-23-082121.txt
15-12G	1383054	INVESCO DB SILVER FUND	2023-03-28	edgar/data/1383054/0001193125-23-082131.txt
15-12G	1383055	Invesco DB Gold Fund	2023-03-28	edgar/data/1383055/0001193125-23-082147.txt
15-12G	1839972	FTAC Parnassus Acquisition Corp.	2023-03-28	edgar/data/1839972/0001213900-23-023314.txt
15-12G	1850487	Good Works II Acquisition Corp.	2023-03-28	edgar/data/1850487/0001213900-23-023664.txt
15-12G	34563	FARMER BROTHERS CO	2023-03-28	edgar/data/34563/0001140361-23-014047.txt
15-15D	1550120	WFRBS Commercial Mortgage Trust 2012-C7	2023-03-28	edgar/data/1550120/0001888524-23-003991.txt
15-15D	1695519	AltaGas Ltd.	2023-03-28	edgar/data/1695519/0001104659-23-037572.txt
25	1709401	Rubius Therapeutics, Inc.	2023-03-28	edgar/data/1709401/0001104659-23-037737.txt
25-NSE	1354457	Nasdaq Stock Market LLC	2023-03-28	edgar/data/1354457/0001354457-23-000220.txt
25-NSE	1794846	Atlas Corp.	2023-03-28	edgar/data/1794846/0000876661-23-000291.txt
25-NSE	1838293	Catcha Investment Corp	2023-03-28	edgar/data/1838293/0000876661-23-000293.txt
25-NSE	1840920	Tech & Energy Transition Corp	2023-03-28	edgar/data/1840920/0001354457-23-000220.txt
25-NSE	876661	NEW YORK STOCK EXCHANGE LLC	2023-03-28	edgar/data/876661/0000876661-23-000291.txt
25-NSE	876661	NEW YORK STOCK EXCHANGE LLC	2023-03-28	edgar/data/876661/0000876661-23-000293.txt
25	1838293	Catcha Investment Corp	2023-03-29	edgar/data/1838293/0001193125-23-083099.txt
25-NSE	1354457	Nasdaq Stock Market LLC	2023-03-29	edgar/data/1354457/0001354457-23-000224.txt
25-NSE	1354457	Nasdaq Stock Market LLC	2023-03-29	edgar/data/1354457/0001354457-23-000225.txt
25-NSE	1354457	Nasdaq Stock Market LLC	2023-03-29	edgar/data/1354457/0001354457-23-000227.txt
25-NSE	1818605	Distoken Acquisition Corp	2023-03-29	edgar/data/1818605/0001354457-23-000224.txt
25-NSE	1828182	Signify Health, Inc.	2023-03-29	edgar/data/1828182/0000876661-23-000295.txt
25-NSE	1846996	MSD ACQUISITION CORP. / NEW	2023-03-29	edgar/data/1846996/0001354457-23-000225.txt
25-NSE	1874259	Maxpro Capital Acquisition Corp.	2023-03-29	edgar/data/1874259/0001354457-23-000227.txt
25-NSE	876661	NEW YORK STOCK EXCHANGE LLC	2023-03-29	edgar/data/876661/0000876661-23-000295.txt
15-12G	1144169	ECO INNOVATION GROUP, INC.	2023-03-30	edgar/data/1144169/0001079973-23-000389.txt
15-12G	1159281	AlerisLife Inc.	2023-03-30	edgar/data/1159281/0001104659-23-038793.txt
15-12G	1841585	Live Oak Mobility Acquisition Corp.	2023-03-30	edgar/data/1841585/0001193125-23-085504.txt
15-12G	1870997	Loyalty Ventures Inc.	2023-03-30	edgar/data/1870997/0001870997-23-000031.txt
15-15D	1410172	Rubicon Technology, Inc.	2023-03-30	edgar/data/1410172/0001213900-23-024749.txt
15-15D	1840792	VPC Impact Acquisition Holdings II	2023-03-30	edgar/data/1840792/0001193125-23-085516.txt
25-NSE	1160951	DUCK CREEK TECHNOLOGIES, INC.	2023-03-30	edgar/data/1160951/0001354457-23-000231.txt
25-NSE	1354457	Nasdaq Stock Market LLC	2023-03-30	edgar/data/1354457/0001354457-23-000231.txt
25-NSE	1354457	Nasdaq Stock Market LLC	2023-03-30	edgar/data/1354457/0001354457-23-000233.txt
25-NSE	1354457	Nasdaq Stock Market LLC	2023-03-30	edgar/data/1354457/0001354457-23-000236.txt
25-NSE	1378872	Invesco Exchange-Traded Fund Trust II	2023-03-30	edgar/data/1378872/0001354457-23-000236.txt
25-NSE	1830188	DiamondHead Holdings Corp.	2023-03-30	edgar/data/1830188/0001354457-23-000233.txt
15-12G	1094084	TELKONET INC	2023-03-31	edgar/data/1094084/0001104659-23-040241.txt
15-12G	1615055	IsoPlexis Corp	2023-03-31	edgar/data/1615055/0001140361-23-015127.txt
15-12G	1745041	IAA, Inc.	2023-03-31	edgar/data/1745041/0001104659-23-039499.txt
15-12G	829325	SPYR, Inc.	2023-03-31	edgar/data/829325/0001829126-23-002498.txt
15-12G	919175	Sugarmade, Inc.	2023-03-31	edgar/data/919175/0001493152-23-009862.txt
15-15D	1541165	One 4 Art Ltd	2023-03-31	edgar/data/1541165/0001829126-23-002468.txt
15F-12G	1301713	STARCORE INTERNATIONAL MINES LTD.	2023-03-31	edgar/data/1301713/0001193125-23-088303.txt
15F-15D	1755281	Sands China Ltd.	2023-03-31	edgar/data/1755281/0001755281-23-000022.txt
25-NSE	1095651	ISTAR INC.	2023-03-31	edgar/data/1095651/0000876661-23-000307.txt
25-NSE	1095651	ISTAR INC.	2023-03-31	edgar/data/1095651/0000876661-23-000308.txt
25-NSE	1095651	ISTAR INC.	2023-03-31	edgar/data/1095651/0000876661-23-000309.txt
25-NSE	1095651	ISTAR INC.	2023-03-31	edgar/data/1095651/0000876661-23-000310.txt
25-NSE	1143362	NYSE ARCA, INC.	2023-03-31	edgar/data/1143362/0001143362-23-000112.txt
25-NSE	1143362	NYSE ARCA, INC.	2023-03-31	edgar/data/1143362/0001143362-23-000113.txt
25-NSE	1354457	Nasdaq Stock Market LLC	2023-03-31	edgar/data/1354457/0001354457-23-000238.txt
25-NSE	1354457	Nasdaq Stock Market LLC	2023-03-31	edgar/data/1354457/0001354457-23-000241.txt
25-NSE	1354457	Nasdaq Stock Market LLC	2023-03-31	edgar/data/1354457/0001354457-23-000242.txt
25-NSE	1408970	AdvisorShares Trust	2023-03-31	edgar/data/1408970/0001354457-23-000241.txt
25-NSE	1464413	Starboard Investment Trust	2023-03-31	edgar/data/1464413/0001143362-23-000112.txt
25-NSE	1464413	Starboard Investment Trust	2023-03-31	edgar/data/1464413/0001143362-23-000113.txt
25-NSE	1557915	Nuveen Intermediate Duration Municipal Term Fund	2023-03-31	edgar/data/1557915/0000876661-23-000312.txt
25-NSE	1592016	AgroFresh Solutions, Inc.	2023-03-31	edgar/data/1592016/0001354457-23-000238.txt
25-NSE	1688852	Safehold Inc.	2023-03-31	edgar/data/1688852/0000876661-23-000306.txt
25-NSE	1819584	Volta Inc.	2023-03-31	edgar/data/1819584/0000876661-23-000299.txt
25-NSE	1841867	Aries I Acquisition Corp.	2023-03-31	edgar/data/1841867/0001354457-23-000242.txt
25-NSE	876661	NEW YORK STOCK EXCHANGE LLC	2023-03-31	edgar/data/876661/0000876661-23-000299.txt
25-NSE	876661	NEW YORK STOCK EXCHANGE LLC	2023-03-31	edgar/data/876661/0000876661-23-000306.txt
25-NSE	876661	NEW YORK STOCK EXCHANGE LLC	2023-03-31	edgar/data/876661/0000876661-23-000307.txt
25-NSE	876661	NEW YORK STOCK EXCHANGE LLC	2023-03-31	edgar/data/876661/0000876661-23-000308.txt
25-NSE	876661	NEW YORK STOCK EXCHANGE LLC	2023-03-31	edgar/data/876661/0000876661-23-000309.txt
25-NSE	876661	NEW YORK STOCK EXCHANGE LLC	2023-03-31	edgar/data/876661/0000876661-23-000310.txt
25-NSE	876661	NEW YORK STOCK EXCHANGE LLC	2023-03-31	edgar/data/876661/0000876661-23-000312.txt
15-12G	1826435	Silver Spike Acquisition Corp II	2023-04-03	edgar/data/1826435/0001140361-23-015855.txt
15-12G	1827076	Dragoneer Growth Opportunities Corp. III	2023-04-03	edgar/data/1827076/0001193125-23-089596.txt
15-12G	1838361	Supernova Partners Acquisition Co III, Ltd.	2023-04-03	edgar/data/1838361/0001193125-23-089407.txt
25	1361538	Primoris Services Corp	2023-04-03	edgar/data/1361538/0001104659-23-040914.txt
25-NSE	1264089	YAMANA GOLD INC.	2023-04-03	edgar/data/1264089/0000876661-23-000314.txt
25-NSE	720005	RAYMOND JAMES FINANCIAL INC	2023-04-03	edgar/data/720005/0000876661-23-000316.txt
25-NSE	876661	NEW YORK STOCK EXCHANGE LLC	2023-04-03	edgar/data/876661/0000876661-23-000314.txt
25-NSE	876661	NEW YORK STOCK EXCHANGE LLC	2023-04-03	edgar/data/876661/0000876661-23-000316.txt
15-12G	1493566	OTONOMY, INC.	2023-04-04	edgar/data/1493566/0001193125-23-090814.txt
15-12G	1597672	RAYONIER ADVANCED MATERIALS INC.	2023-04-04	edgar/data/1597672/0001193125-23-090927.txt
15-12G	1704596	EVO Payments, Inc.	2023-04-04	edgar/data/1704596/0001193125-23-089793.txt
15-12G	1844635	Corazon Capital V838 Monoceros Corp	2023-04-04	edgar/data/1844635/0001104659-23-041577.txt
25	840551	TITAN MEDICAL INC	2023-04-04	edgar/data/840551/0001213900-23-026425.txt
25-NSE	1251769	Apollo Endosurgery, Inc.	2023-04-04	edgar/data/1251769/0001354457-23-000243.txt
25-NSE	1354457	Nasdaq Stock Market LLC	2023-04-04	edgar/data/1354457/0001354457-23-000243.txt
25-NSE	876661	NEW YORK STOCK EXCHANGE LLC	2023-04-04	edgar/data/876661/0000876661-23-000320.txt
25-NSE	932872	SHAW COMMUNICATIONS INC	2023-04-04	edgar/data/932872/0000876661-23-000320.txt
15-12G	1776048	Ameramex International Inc	2023-04-05	edgar/data/1776048/0001099910-23-000058.txt
15-12G	1841383	Levere Holdings Corp.	2023-04-05	edgar/data/1841383/0001193125-23-092206.txt
15-12G	1842373	LDH Growth Corp I	2023-04-05	edgar/data/1842373/0001140361-23-016576.txt
25-NSE	1100663	iSHARES TRUST	2023-04-05	edgar/data/1100663/0001143362-23-000117.txt
25-NSE	1143362	NYSE ARCA, INC.	2023-04-05	edgar/data/1143362/0001143362-23-000117.txt
25-NSE	1794621	Quanergy Systems, Inc.	2023-04-05	edgar/data/1794621/0000876661-23-000323.txt
25-NSE	876661	NEW YORK STOCK EXCHANGE LLC	2023-04-05	edgar/data/876661/0000876661-23-000323.txt
15-12G	1142028	MILLS LIMITED PARTNERSHIP	2023-04-06	edgar/data/1142028/0001104659-23-042561.txt
15-12G	1374535	Altra Industrial Motion Corp.	2023-04-06	edgar/data/1374535/0001193125-23-093036.txt
15-12G	1746563	Diamond Wellness Holdings, Inc.	2023-04-06	edgar/data/1746563/0001477932-23-002295.txt
15-12G	1844363	Rocket Internet Growth Opportunities Corp.	2023-04-06	edgar/data/1844363/0001193125-23-094019.txt
25	1636050	Sio Gene Therapies Inc.	2023-04-06	edgar/data/1636050/0001636050-23-000017.txt
25-NSE	1100663	iSHARES TRUST	2023-04-06	edgar/data/1100663/0001143362-23-000121.txt
25-NSE	1143362	NYSE ARCA, INC.	2023-04-06	edgar/data/1143362/0001143362-23-000121.txt
25-NSE	1143362	NYSE ARCA, INC.	2023-04-06	edgar/data/1143362/0001143362-23-000122.txt
25-NSE	1143362	NYSE ARCA, INC.	2023-04-06	edgar/data/1143362/0001143362-23-000123.txt
25-NSE	1209466	INVESCO EXCHANGE-TRADED FUND TRUST	2023-04-06	edgar/data/1209466/0001143362-23-000122.txt
25-NSE	1657201	Invesco Exchange-Traded Self-Indexed Fund Trust	2023-04-06	edgar/data/1657201/0001143362-23-000123.txt
15-12G	1173924	CLAUDE RESOURCES INC	2023-04-07	edgar/data/1173924/0000947871-23-000436.txt
15-12G	1840920	Tech & Energy Transition Corp	2023-04-07	edgar/data/1840920/0001213900-23-028242.txt
25	1627606	DAVIDsTEA Inc.	2023-04-07	edgar/data/1627606/0001477932-23-002334.txt
15-12G	1160951	DUCK CREEK TECHNOLOGIES, INC.	2023-04-10	edgar/data/1160951/0001140361-23-017386.txt
15-12G	1592016	AgroFresh Solutions, Inc.	2023-04-10	edgar/data/1592016/0001140361-23-017428.txt
15-12G	1688852	Safehold Inc. /MD	2023-04-10	edgar/data/1688852/0001104659-23-043517.txt
15-12G	1709401	Rubius Therapeutics, Inc.	2023-04-10	edgar/data/1709401/0001104659-23-043593.txt
15-12G	1828182	Signify Health, Inc.	2023-04-10	edgar/data/1828182/0001193125-23-095847.txt
15-12G	1846996	MSD ACQUISITION CORP. / NEW	2023-04-10	edgar/data/1846996/0001213900-23-028580.txt
15-12G	1874259	Maxpro Capital Acquisition Corp.	2023-04-10	edgar/data/1874259/0001104659-23-043354.txt
25	1575311	Brookfield DTLA Fund Office Trust Investor Inc.	2023-04-10	edgar/data/1575311/0001104659-23-043613.txt
25	1831006	BlueRiver Acquisition Corp.	2023-04-10	edgar/data/1831006/0001104659-23-043601.txt
25-NSE	1143362	NYSE ARCA, INC.	2023-04-10	edgar/data/1143362/0001143362-23-000125.txt
25-NSE	1354457	Nasdaq Stock Market LLC	2023-04-10	edgar/data/1354457/0001354457-23-000258.txt
25-NSE	1354457	Nasdaq Stock Market LLC	2023-04-10	edgar/data/1354457/0001354457-23-000259.txt
25-NSE	1408970	AdvisorShares Trust	2023-04-10	edgar/data/1408970/0001143362-23-000125.txt
25-NSE	1846068	Khosla Ventures Acquisition Co. III	2023-04-10	edgar/data/1846068/0001354457-23-000258.txt
25-NSE	1853651	Alpine Acquisition Corp.	2023-04-10	edgar/data/1853651/0001354457-23-000259.txt
15-12G	1819584	Volta Inc.	2023-04-11	edgar/data/1819584/0001213900-23-028818.txt
15-12G	1841867	Aries I Acquisition Corp.	2023-04-11	edgar/data/1841867/0001104659-23-044042.txt
15-12G	1843249	Northern Genesis Acquisition Corp. III	2023-04-11	edgar/data/1843249/0001213900-23-028805.txt
15-12G	1867388	GameSquare Esports Inc	2023-04-11	edgar/data/1867388/0001654954-23-004599.txt
15-15D	1458023	Flowerkist Skin Care & Cosmetics, Inc.	2023-04-11	edgar/data/1458023/0001829126-23-002650.txt
15-15D	1552328	UBS-Barclays Commercial Mortgage Trust 2012-C2	2023-04-11	edgar/data/1552328/0001853620-23-000145.txt
15-15D	1554776	COMM 2012-CCRE2 Mortgage Trust	2023-04-11	edgar/data/1554776/0001888524-23-005096.txt
15-15D	1555902	UBS-Barclays Commercial Mortgage Trust 2012-C3	2023-04-11	edgar/data/1555902/0001020242-23-000096.txt
15-15D	1559450	UBS-Barclays Commercial Mortgage Trust 2012-C4	2023-04-11	edgar/data/1559450/0001853620-23-000146.txt
15-15D	1560456	GS Mortgage Securities Trust 2012-GCJ9	2023-04-11	edgar/data/1560456/0001853620-23-000147.txt
15-15D	1561727	COMM 2012-CCRE5 Mortgage Trust	2023-04-11	edgar/data/1561727/0001888524-23-005098.txt
15-15D	1566052	COMM 2013-LC6 Mortgage Trust	2023-04-11	edgar/data/1566052/0001888524-23-005093.txt
15-15D	1566053	GS Mortgage Securities Trust 2013-GC10	2023-04-11	edgar/data/1566053/0001888524-23-005094.txt
15-15D	1566140	COMM 2013-CCRE6 Mortgage Trust	2023-04-11	edgar/data/1566140/0001020242-23-000095.txt
15-15D	1566544	UBS-Barclays Commercial Mortgage Trust 2013-C5	2023-04-11	edgar/data/1566544/0001020242-23-000097.txt
25-NSE	1354457	Nasdaq Stock Market LLC	2023-04-11	edgar/data/1354457/0001354457-23-000260.txt
25-NSE	1399708	NEOVASC INC	2023-04-11	edgar/data/1399708/0001354457-23-000260.txt
15-12G	1653821	CEN BIOTECH INC	2023-04-12	edgar/data/1653821/0001437749-23-010077.txt
25-NSE	1084577	CYREN Ltd.	2023-04-12	edgar/data/1084577/0001354457-23-000268.txt
25-NSE	1140215	REED'S, INC.	2023-04-12	edgar/data/1140215/0001354457-23-000266.txt
25-NSE	1143362	NYSE ARCA, INC.	2023-04-12	edgar/data/1143362/0001143362-23-000129.txt
25-NSE	1354457	Nasdaq Stock Market LLC	2023-04-12	edgar/data/1354457/0001354457-23-000262.txt
25-NSE	1354457	Nasdaq Stock Market LLC	2023-04-12	edgar/data/1354457/0001354457-23-000263.txt
25-NSE	1354457	Nasdaq Stock Market LLC	2023-04-12	edgar/data/1354457/0001354457-23-000264.txt
25-NSE	1354457	Nasdaq Stock Market LLC	2023-04-12	edgar/data/1354457/0001354457-23-000265.txt
25-NSE	1354457	Nasdaq Stock Market LLC	2023-04-12	edgar/data/1354457/0001354457-23-000266.txt
25-NSE	1354457	Nasdaq Stock Market LLC	2023-04-12	edgar/data/1354457/0001354457-23-000267.txt
25-NSE	1354457	Nasdaq Stock Market LLC	2023-04-12	edgar/data/1354457/0001354457-23-000268.txt
25-NSE	1354457	Nasdaq Stock Market LLC	2023-04-12	edgar/data/1354457/0001354457-23-000269.txt
25-NSE	1354457	Nasdaq Stock Market LLC	2023-04-12	edgar/data/1354457/0001354457-23-000270.txt
25-NSE	1354457	Nasdaq Stock Market LLC	2023-04-12	edgar/data/1354457/0001354457-23-000271.txt
25-NSE	1354457	Nasdaq Stock Market LLC	2023-04-12	edgar/data/1354457/0001354457-23-000273.txt
25-NSE	1378872	Invesco Exchange-Traded Fund Trust II	2023-04-12	edgar/data/1378872/0001417835-23-000025.txt
25-NSE	1417835	Cboe BZX Exchange, Inc.	2023-04-12	edgar/data/1417835/0001417835-23-000025.txt
25-NSE	1417835	Cboe BZX Exchange, Inc.	2023-04-12	edgar/data/1417835/0001417835-23-000026.txt
25-NSE	1418144	INVESCO ACTIVELY MANAGED EXCHANGE-TRADED FUND TRUST	2023-04-12	edgar/data/1418144/0001417835-23-000026.txt
25-NSE	1636050	Sio Gene Therapies Inc.	2023-04-12	edgar/data/1636050/0001354457-23-000271.txt
25-NSE	1652724	Lucira Health, Inc.	2023-04-12	edgar/data/1652724/0001354457-23-000269.txt
25-NSE	1683471	Listed Funds Trust	2023-04-12	edgar/data/1683471/0001143362-23-000129.txt
25-NSE	1713832	HyreCar Inc.	2023-04-12	edgar/data/1713832/0001354457-23-000265.txt
25-NSE	1733298	Qutoutiao Inc.	2023-04-12	edgar/data/1733298/0001354457-23-000270.txt
25-NSE	1783010	Amryt Pharma plc	2023-04-12	edgar/data/1783010/0001354457-23-000262.txt
25-NSE	1839341	Core Scientific, Inc./tx	2023-04-12	edgar/data/1839341/0001354457-23-000263.txt
25-NSE	1856774	Games & Esports Experience Acquisition Corp.	2023-04-12	edgar/data/1856774/0001354457-23-000273.txt
25-NSE	1878835	Very Good Food Co Inc.	2023-04-12	edgar/data/1878835/0001354457-23-000264.txt
25-NSE	850261	Sorrento Therapeutics, Inc.	2023-04-12	edgar/data/850261/0001354457-23-000267.txt
25-NSE	876661	NEW YORK STOCK EXCHANGE LLC	2023-04-12	edgar/data/876661/0000876661-23-000329.txt
25-NSE	876661	NEW YORK STOCK EXCHANGE LLC	2023-04-12	edgar/data/876661/0000876661-23-000330.txt
25-NSE	891478	Banco Santander, S.A.	2023-04-12	edgar/data/891478/0000876661-23-000329.txt
25-NSE	891478	Banco Santander, S.A.	2023-04-12	edgar/data/891478/0000876661-23-000330.txt
25	1044896	Industrias Bachoco S.A.B. de C.V.	2023-04-13	edgar/data/1044896/0001104659-23-044844.txt
25-NSE	1354457	Nasdaq Stock Market LLC	2023-04-13	edgar/data/1354457/0001354457-23-000277.txt
25-NSE	1354457	Nasdaq Stock Market LLC	2023-04-13	edgar/data/1354457/0001354457-23-000279.txt
25-NSE	1845580	TCV Acquisition Corp.	2023-04-13	edgar/data/1845580/0001354457-23-000277.txt
25-NSE	1853084	Blue Safari Group Acquisition Corp	2023-04-13	edgar/data/1853084/0001354457-23-000279.txt
15-12G	1251769	Apollo Endosurgery, Inc.	2023-04-14	edgar/data/1251769/0000947871-23-000467.txt
15-12G	1756704	SOLAR INTEGRATED ROOFING CORP.	2023-04-14	edgar/data/1756704/0001096906-23-000805.txt
15-15D	1387998	Snoogoo Corp.	2023-04-14	edgar/data/1387998/0001096906-23-000810.txt
15-12G	1205181	Grapefruit USA, Inc	2023-04-17	edgar/data/1205181/0001493152-23-012505.txt
15-12G	1411165	Ever Harvest International Group Inc.	2023-04-17	edgar/data/1411165/0001683168-23-002426.txt
15-12G	1627606	DAVIDsTEA Inc.	2023-04-17	edgar/data/1627606/0001477932-23-002606.txt
25	771992	PAN AMERICAN SILVER CORP	2023-04-17	edgar/data/771992/0000771992-23-000048.txt
25-NSE	1064642	SPDR SERIES TRUST	2023-04-17	edgar/data/1064642/0001143362-23-000134.txt
25-NSE	1143362	NYSE ARCA, INC.	2023-04-17	edgar/data/1143362/0001143362-23-000134.txt
25-NSE	1143362	NYSE ARCA, INC.	2023-04-17	edgar/data/1143362/0001143362-23-000135.txt
25-NSE	1143362	NYSE ARCA, INC.	2023-04-17	edgar/data/1143362/0001143362-23-000136.txt
25-NSE	1168164	SPDR INDEX SHARES FUNDS	2023-04-17	edgar/data/1168164/0001143362-23-000135.txt
25-NSE	1168164	SPDR INDEX SHARES FUNDS	2023-04-17	edgar/data/1168164/0001143362-23-000136.txt
25-NSE	1177219	NUVEEN GEORGIA QUALITY MUNICIPAL INCOME FUND	2023-04-17	edgar/data/1177219/0000876661-23-000340.txt
25-NSE	1354457	Nasdaq Stock Market LLC	2023-04-17	edgar/data/1354457/0001354457-23-000283.txt
25-NSE	1480999	Eaton Vance Tax-Managed Buy-Write Strategy Fund	2023-04-17	edgar/data/1480999/0000876661-23-000347.txt
25-NSE	1749797	China Index Holdings Ltd	2023-04-17	edgar/data/1749797/0001354457-23-000283.txt
25-NSE	1840859	TPG Pace Beneficial II Corp.	2023-04-17	edgar/data/1840859/0000876661-23-000333.txt
25-NSE	1858327	dMY Technology Group, Inc. VI	2023-04-17	edgar/data/1858327/0000876661-23-000335.txt
25-NSE	313616	DANAHER CORP /DE/	2023-04-17	edgar/data/313616/0000876661-23-000345.txt
25-NSE	876661	NEW YORK STOCK EXCHANGE LLC	2023-04-17	edgar/data/876661/0000876661-23-000333.txt
25-NSE	876661	NEW YORK STOCK EXCHANGE LLC	2023-04-17	edgar/data/876661/0000876661-23-000335.txt
25-NSE	876661	NEW YORK STOCK EXCHANGE LLC	2023-04-17	edgar/data/876661/0000876661-23-000337.txt
25-NSE	876661	NEW YORK STOCK EXCHANGE LLC	2023-04-17	edgar/data/876661/0000876661-23-000340.txt
25-NSE	876661	NEW YORK STOCK EXCHANGE LLC	2023-04-17	edgar/data/876661/0000876661-23-000341.txt
25-NSE	876661	NEW YORK STOCK EXCHANGE LLC	2023-04-17	edgar/data/876661/0000876661-23-000343.txt
25-NSE	876661	NEW YORK STOCK EXCHANGE LLC	2023-04-17	edgar/data/876661/0000876661-23-000345.txt
25-NSE	876661	NEW YORK STOCK EXCHANGE LLC	2023-04-17	edgar/data/876661/0000876661-23-000347.txt
25-NSE	878200	NUVEEN OHIO QUALITY MUNICIPAL INCOME FUND	2023-04-17	edgar/data/878200/0000876661-23-000341.txt
25-NSE	895728	ENBRIDGE INC	2023-04-17	edgar/data/895728/0000876661-23-000343.txt
25-NSE	899051	ALLSTATE CORP	2023-04-17	edgar/data/899051/0000876661-23-000337.txt
15-15D	1765910	Santander Drive Auto Receivables Trust 2019-1	2023-04-18	edgar/data/1765910/0001193125-23-104564.txt
25-NSE	1143362	NYSE ARCA, INC.	2023-04-18	edgar/data/1143362/0001143362-23-000138.txt
25-NSE	1354457	Nasdaq Stock Market LLC	2023-04-18	edgar/data/1354457/0001354457-23-000285.txt
25-NSE	1467831	ETF Managers Trust	2023-04-18	edgar/data/1467831/0001143362-23-000138.txt
25-NSE	1730346	Charah Solutions, Inc.	2023-04-18	edgar/data/1730346/0000876661-23-000351.txt
25-NSE	1828672	Boxed, Inc.	2023-04-18	edgar/data/1828672/0000876661-23-000354.txt
25-NSE	1828672	Boxed, Inc.	2023-04-18	edgar/data/1828672/0000876661-23-000355.txt
25-NSE	1828989	Panacea Acquisition Corp. II	2023-04-18	edgar/data/1828989/0001354457-23-000285.txt
25-NSE	1835881	Tailwind International Acquisition Corp.	2023-04-18	edgar/data/1835881/0000876661-23-000349.txt
25-NSE	876661	NEW YORK STOCK EXCHANGE LLC	2023-04-18	edgar/data/876661/0000876661-23-000349.txt
25-NSE	876661	NEW YORK STOCK EXCHANGE LLC	2023-04-18	edgar/data/876661/0000876661-23-000351.txt
25-NSE	876661	NEW YORK STOCK EXCHANGE LLC	2023-04-18	edgar/data/876661/0000876661-23-000354.txt
25-NSE	876661	NEW YORK STOCK EXCHANGE LLC	2023-04-18	edgar/data/876661/0000876661-23-000355.txt
15-15D	840551	TITAN MEDICAL INC	2023-04-19	edgar/data/840551/0001213900-23-031013.txt
25-NSE	1354457	Nasdaq Stock Market LLC	2023-04-19	edgar/data/1354457/0001354457-23-000286.txt
25-NSE	1751143	ATLAS TECHNICAL CONSULTANTS, INC.	2023-04-19	edgar/data/1751143/0001354457-23-000286.txt
15-12G	1846068	Khosla Ventures Acquisition Co. III	2023-04-20	edgar/data/1846068/0001193125-23-108239.txt
25	1314414	Northern Lights Fund Trust	2023-04-20	edgar/data/1314414/0001580642-23-002154.txt
25	1540305	ETF Series Solutions	2023-04-20	edgar/data/1540305/0000894189-23-002714.txt
15-12G	1575311	Brookfield DTLA Fund Office Trust Investor Inc.	2023-04-21	edgar/data/1575311/0001104659-23-047984.txt
15-15D	1776294	Ally Auto Receivables Trust 2019-2	2023-04-21	edgar/data/1776294/0001776294-23-000035.txt
15F-12B	1264089	YAMANA GOLD INC.	2023-04-21	edgar/data/1264089/0001104659-23-047945.txt
15F-15D	1264089	YAMANA GOLD INC.	2023-04-21	edgar/data/1264089/0001104659-23-047946.txt
15F-15D	1264089	YAMANA GOLD INC.	2023-04-21	edgar/data/1264089/0001104659-23-047950.txt
15F-15D	1619885	Jacobina Mineracao e Comercio Ltda.	2023-04-21	edgar/data/1619885/0001104659-23-047948.txt
15F-15D	1619885	Jacobina Mineracao e Comercio Ltda.	2023-04-21	edgar/data/1619885/0001104659-23-047950.txt
15F-15D	1620350	Minera Meridian Limitada	2023-04-21	edgar/data/1620350/0001104659-23-047948.txt
15F-15D	1620350	Minera Meridian Limitada	2023-04-21	edgar/data/1620350/0001104659-23-047950.txt
15F-15D	1735675	Minera Florida Limitada	2023-04-21	edgar/data/1735675/0001104659-23-047948.txt
15F-15D	1735675	Minera Florida Limitada	2023-04-21	edgar/data/1735675/0001104659-23-047950.txt
15F-15D	1892209	Yamana Santa Cruz Holdings B.V.	2023-04-21	edgar/data/1892209/0001104659-23-047948.txt
25-NSE	1354457	Nasdaq Stock Market LLC	2023-04-21	edgar/data/1354457/0001354457-23-000290.txt
25-NSE	1354457	Nasdaq Stock Market LLC	2023-04-21	edgar/data/1354457/0001354457-23-000292.txt
25-NSE	1801754	Trean Insurance Group, Inc.	2023-04-21	edgar/data/1801754/0001354457-23-000290.txt
25-NSE	1844505	GigCapital5, Inc.	2023-04-21	edgar/data/1844505/0000876661-23-000360.txt
25-NSE	1846163	Tio Tech A	2023-04-21	edgar/data/1846163/0001354457-23-000292.txt
25-NSE	876661	NEW YORK STOCK EXCHANGE LLC	2023-04-21	edgar/data/876661/0000876661-23-000360.txt
15-12G	1845580	TCV Acquisition Corp.	2023-04-24	edgar/data/1845580/0001140361-23-019885.txt
15-12G	1853084	Blue Safari Group Acquisition Corp	2023-04-24	edgar/data/1853084/0001104659-23-048591.txt
15-12G	1856774	Games & Esports Experience Acquisition Corp.	2023-04-24	edgar/data/1856774/0001104659-23-048970.txt
15-12G	54480	KANSAS CITY SOUTHERN	2023-04-24	edgar/data/54480/0001193125-23-113043.txt
15-15D	1785705	Verizon Owner Trust 2019-C	2023-04-24	edgar/data/1785705/0000929638-23-001217.txt
15F-12B	1399708	NEOVASC INC	2023-04-24	edgar/data/1399708/0001104659-23-048992.txt
15F-12B	1783010	Amryt Pharma plc	2023-04-24	edgar/data/1783010/0001140361-23-019690.txt
15F-15D	1044896	Industrias Bachoco S.A.B. de C.V.	2023-04-24	edgar/data/1044896/0001104659-23-049083.txt
25	1698287	Banco Santander Mexico S.A., Institucion de Banca Multiple,	2023-04-24	edgar/data/1698287/0000950103-23-006070.txt
25-NSE	1137360	VanEck ETF Trust	2023-04-24	edgar/data/1137360/0001354457-23-000294.txt
25-NSE	1169717	INVESCO BLDRS INDEX FUNDS TRUST	2023-04-24	edgar/data/1169717/0001354457-23-000295.txt
25-NSE	1354457	Nasdaq Stock Market LLC	2023-04-24	edgar/data/1354457/0001354457-23-000294.txt
25-NSE	1354457	Nasdaq Stock Market LLC	2023-04-24	edgar/data/1354457/0001354457-23-000295.txt
25-NSE	1354457	Nasdaq Stock Market LLC	2023-04-24	edgar/data/1354457/0001354457-23-000296.txt
25-NSE	1354457	Nasdaq Stock Market LLC	2023-04-24	edgar/data/1354457/0001354457-23-000297.txt
25-NSE	1354457	Nasdaq Stock Market LLC	2023-04-24	edgar/data/1354457/0001354457-23-000299.txt
25-NSE	1657201	Invesco Exchange-Traded Self-Indexed Fund Trust	2023-04-24	edgar/data/1657201/0001354457-23-000296.txt
25-NSE	1839611	InterPrivate IV InfraTech Partners Inc.	2023-04-24	edgar/data/1839611/0001354457-23-000299.txt
25-NSE	1867757	Blockchain Moon Acquisition Corp.	2023-04-24	edgar/data/1867757/0001354457-23-000297.txt
15-12G	1636050	Sio Gene Therapies Inc.	2023-04-25	edgar/data/1636050/0001636050-23-000028.txt
15-15D	1852931	NewHold Investment Corp. II	2023-04-25	edgar/data/1852931/0001213900-23-032542.txt
25-NSE	1354457	Nasdaq Stock Market LLC	2023-04-25	edgar/data/1354457/0001354457-23-000301.txt
25-NSE	1852931	NewHold Investment Corp. II	2023-04-25	edgar/data/1852931/0001354457-23-000301.txt
15-12G	1685316	ObsEva SA	2023-04-26	edgar/data/1685316/0001193125-23-116740.txt
25	1107796	MOTIVATING THE MASSES INC	2023-04-26	edgar/data/1107796/0001213900-23-032778.txt
25-NSE	1143313	NYSE AMERICAN LLC	2023-04-26	edgar/data/1143313/0001143313-23-000022.txt
25-NSE	1354457	Nasdaq Stock Market LLC	2023-04-26	edgar/data/1354457/0001354457-23-000302.txt
25-NSE	1805087	GELESIS HOLDINGS, INC.	2023-04-26	edgar/data/1805087/0000876661-23-000363.txt
25-NSE	1821788	Horizon Acquisition Corp II	2023-04-26	edgar/data/1821788/0001143313-23-000022.txt
25-NSE	1822929	Eucrates Biomedical Acquisition Corp.	2023-04-26	edgar/data/1822929/0001354457-23-000302.txt
25-NSE	876661	NEW YORK STOCK EXCHANGE LLC	2023-04-26	edgar/data/876661/0000876661-23-000363.txt
15-12G	1353282	MANAGED FUTURES PREMIER WARRINGTON L.P.	2023-04-27	edgar/data/1353282/0000899140-23-000553.txt
15-12G	1749797	China Index Holdings Ltd	2023-04-27	edgar/data/1749797/0001104659-23-050819.txt
15-12G	1840859	TPG Pace Beneficial II Corp.	2023-04-27	edgar/data/1840859/0001104659-23-051455.txt
15-12G	1858327	dMY Technology Group, Inc. VI	2023-04-27	edgar/data/1858327/0001193125-23-121138.txt
25-NSE	1000298	IMPAC MORTGAGE HOLDINGS INC	2023-04-27	edgar/data/1000298/0001143313-23-000027.txt
25-NSE	1000298	IMPAC MORTGAGE HOLDINGS INC	2023-04-27	edgar/data/1000298/0001143313-23-000028.txt
25-NSE	1092662	CHEMBIO DIAGNOSTICS, INC.	2023-04-27	edgar/data/1092662/0001354457-23-000304.txt
25-NSE	1143313	NYSE AMERICAN LLC	2023-04-27	edgar/data/1143313/0001143313-23-000027.txt
25-NSE	1143313	NYSE AMERICAN LLC	2023-04-27	edgar/data/1143313/0001143313-23-000028.txt
25-NSE	1143362	NYSE ARCA, INC.	2023-04-27	edgar/data/1143362/0001143362-23-000145.txt
25-NSE	1143362	NYSE ARCA, INC.	2023-04-27	edgar/data/1143362/0001143362-23-000146.txt
25-NSE	1143362	NYSE ARCA, INC.	2023-04-27	edgar/data/1143362/0001143362-23-000148.txt
25-NSE	1143362	NYSE ARCA, INC.	2023-04-27	edgar/data/1143362/0001143362-23-000150.txt
25-NSE	1143362	NYSE ARCA, INC.	2023-04-27	edgar/data/1143362/0001143362-23-000152.txt
25-NSE	1143362	NYSE ARCA, INC.	2023-04-27	edgar/data/1143362/0001143362-23-000154.txt
25-NSE	1143362	NYSE ARCA, INC.	2023-04-27	edgar/data/1143362/0001143362-23-000156.txt
25-NSE	1180145	Cardiovascular Systems Inc	2023-04-27	edgar/data/1180145/0001354457-23-000306.txt
25-NSE	1354457	Nasdaq Stock Market LLC	2023-04-27	edgar/data/1354457/0001354457-23-000303.txt
25-NSE	1354457	Nasdaq Stock Market LLC	2023-04-27	edgar/data/1354457/0001354457-23-000304.txt
25-NSE	1354457	Nasdaq Stock Market LLC	2023-04-27	edgar/data/1354457/0001354457-23-000306.txt
25-NSE	1424958	Direxion Shares ETF Trust	2023-04-27	edgar/data/1424958/0001143362-23-000145.txt
25-NSE	1424958	Direxion Shares ETF Trust	2023-04-27	edgar/data/1424958/0001143362-23-000146.txt
25-NSE	1424958	Direxion Shares ETF Trust	2023-04-27	edgar/data/1424958/0001143362-23-000148.txt
25-NSE	1424958	Direxion Shares ETF Trust	2023-04-27	edgar/data/1424958/0001143362-23-000150.txt
25-NSE	1424958	Direxion Shares ETF Trust	2023-04-27	edgar/data/1424958/0001143362-23-000152.txt
25-NSE	1424958	Direxion Shares ETF Trust	2023-04-27	edgar/data/1424958/0001143362-23-000154.txt
25-NSE	1424958	Direxion Shares ETF Trust	2023-04-27	edgar/data/1424958/0001143362-23-000156.txt
25-NSE	1695357	Provention Bio, Inc.	2023-04-27	edgar/data/1695357/0001354457-23-000303.txt
15-12G	1828989	Panacea Acquisition Corp. II	2023-04-28	edgar/data/1828989/0001213900-23-033685.txt
15-12G	884363	EVOLUTIONARY GENOMICS, INC.	2023-04-28	edgar/data/884363/0001079973-23-000571.txt
15-15D	1779033	GM Financial Consumer Automobile Receivables Trust 2019-3	2023-04-28	edgar/data/1779033/0001213900-23-033445.txt
25-NSE	1354457	Nasdaq Stock Market LLC	2023-04-28	edgar/data/1354457/0001354457-23-000308.txt
25-NSE	1354457	Nasdaq Stock Market LLC	2023-04-28	edgar/data/1354457/0001354457-23-000309.txt
25-NSE	1810747	Simplify Exchange Traded Funds	2023-04-28	edgar/data/1810747/0001354457-23-000309.txt
25-NSE	1841338	CIIG Capital Partners II, Inc.	2023-04-28	edgar/data/1841338/0001354457-23-000308.txt
25-NSE	40704	GENERAL MILLS INC	2023-04-28	edgar/data/40704/0000876661-23-000365.txt
25-NSE	874501	AMBAC FINANCIAL GROUP INC	2023-04-28	edgar/data/874501/0000876661-23-000367.txt
25-NSE	876661	NEW YORK STOCK EXCHANGE LLC	2023-04-28	edgar/data/876661/0000876661-23-000365.txt
25-NSE	876661	NEW YORK STOCK EXCHANGE LLC	2023-04-28	edgar/data/876661/0000876661-23-000367.txt
15-12G	1751143	ATLAS TECHNICAL CONSULTANTS, INC.	2023-05-01	edgar/data/1751143/0001213900-23-034410.txt
15-12G	1801754	Trean Insurance Group, Inc.	2023-05-01	edgar/data/1801754/0001140361-23-022013.txt
15-12G	1846163	Tio Tech A	2023-05-01	edgar/data/1846163/0001193125-23-130189.txt
15-15D	1773407	Toyota Auto Receivables 2019-B Owner Trust	2023-05-01	edgar/data/1773407/0000929638-23-001306.txt
25	1847152	SKYDECK ACQUISITION CORP.	2023-05-01	edgar/data/1847152/0001193125-23-130651.txt
25	1847416	Orion Biotech Opportunities Corp.	2023-05-01	edgar/data/1847416/0001213900-23-034707.txt
25	1862463	Insight Acquisition Corp. /DE	2023-05-01	edgar/data/1862463/0001193125-23-130128.txt
25-NSE	1354457	Nasdaq Stock Market LLC	2023-05-01	edgar/data/1354457/0001354457-23-000320.txt
25-NSE	1354457	Nasdaq Stock Market LLC	2023-05-01	edgar/data/1354457/0001354457-23-000324.txt
25-NSE	1358356	LIMESTONE BANCORP, INC.	2023-05-01	edgar/data/1358356/0001354457-23-000320.txt
25-NSE	1610590	Check-Cap Ltd	2023-05-01	edgar/data/1610590/0001354457-23-000324.txt
15-12G	1000683	BLONDER TONGUE LABORATORIES INC	2023-05-02	edgar/data/1000683/0001213900-23-035330.txt
15-12G	887921	REVLON INC /DE/	2023-05-02	edgar/data/887921/0000950142-23-001305.txt
15-15D	1759384	Nissan Auto Receivables 2018-C Owner Trust	2023-05-02	edgar/data/1759384/0001193125-23-132678.txt
15-15D	1822866	Nissan Auto Lease Trust 2020-B	2023-05-02	edgar/data/1822866/0001193125-23-132656.txt
25-NSE	1000229	CORE LABORATORIES N V	2023-05-02	edgar/data/1000229/0000876661-23-000374.txt
25-NSE	1354457	Nasdaq Stock Market LLC	2023-05-02	edgar/data/1354457/0001354457-23-000325.txt
25-NSE	1354457	Nasdaq Stock Market LLC	2023-05-02	edgar/data/1354457/0001354457-23-000326.txt
25-NSE	1354457	Nasdaq Stock Market LLC	2023-05-02	edgar/data/1354457/0001354457-23-000327.txt
25-NSE	1354457	Nasdaq Stock Market LLC	2023-05-02	edgar/data/1354457/0001354457-23-000328.txt
25-NSE	1354457	Nasdaq Stock Market LLC	2023-05-02	edgar/data/1354457/0001354457-23-000329.txt
25-NSE	1354457	Nasdaq Stock Market LLC	2023-05-02	edgar/data/1354457/0001354457-23-000330.txt
25-NSE	1354457	Nasdaq Stock Market LLC	2023-05-02	edgar/data/1354457/0001354457-23-000331.txt
25-NSE	1354457	Nasdaq Stock Market LLC	2023-05-02	edgar/data/1354457/0001354457-23-000332.txt
25-NSE	1354457	Nasdaq Stock Market LLC	2023-05-02	edgar/data/1354457/0001354457-23-000333.txt
25-NSE	1354457	Nasdaq Stock Market LLC	2023-05-02	edgar/data/1354457/0001354457-23-000334.txt
25-NSE	1497504	PLx Pharma Inc.	2023-05-02	edgar/data/1497504/0001354457-23-000329.txt
25-NSE	1517130	Pingtan Marine Enterprise Ltd.	2023-05-02	edgar/data/1517130/0001354457-23-000325.txt
25-NSE	1538217	SRAX, Inc.	2023-05-02	edgar/data/1538217/0001354457-23-000326.txt
25-NSE	1564406	Oak Street Health, Inc.	2023-05-02	edgar/data/1564406/0000876661-23-000369.txt
25-NSE	1659352	Codiak BioSciences, Inc.	2023-05-02	edgar/data/1659352/0001354457-23-000328.txt
25-NSE	1835567	Pear Therapeutics, Inc.	2023-05-02	edgar/data/1835567/0001354457-23-000332.txt
25-NSE	1841230	Trine II Acquisition Corp.	2023-05-02	edgar/data/1841230/0000876661-23-000371.txt
25-NSE	1843388	Virgin Orbit Holdings, Inc.	2023-05-02	edgar/data/1843388/0001354457-23-000330.txt
25-NSE	1850051	Intelligent Medicine Acquisition Corp.	2023-05-02	edgar/data/1850051/0001354457-23-000333.txt
25-NSE	1853928	Anthemis Digital Acquisitions I Corp	2023-05-02	edgar/data/1853928/0001354457-23-000334.txt
25-NSE	1909152	Kalera Public Ltd Co	2023-05-02	edgar/data/1909152/0001354457-23-000331.txt
25-NSE	719739	SVB FINANCIAL GROUP	2023-05-02	edgar/data/719739/0001354457-23-000327.txt
25-NSE	876661	NEW YORK STOCK EXCHANGE LLC	2023-05-02	edgar/data/876661/0000876661-23-000369.txt
25-NSE	876661	NEW YORK STOCK EXCHANGE LLC	2023-05-02	edgar/data/876661/0000876661-23-000371.txt
25-NSE	876661	NEW YORK STOCK EXCHANGE LLC	2023-05-02	edgar/data/876661/0000876661-23-000374.txt
25-NSE	1121142	Maxar Technologies Inc.	2023-05-03	edgar/data/1121142/0000876661-23-000378.txt
25-NSE	1121142	Maxar Technologies Inc.	2023-05-03	edgar/data/1121142/0000876661-23-000379.txt
25-NSE	1354457	Nasdaq Stock Market LLC	2023-05-03	edgar/data/1354457/0001354457-23-000335.txt
25-NSE	1843091	Valor Latitude Acquisition Corp.	2023-05-03	edgar/data/1843091/0001354457-23-000335.txt
25-NSE	876661	NEW YORK STOCK EXCHANGE LLC	2023-05-03	edgar/data/876661/0000876661-23-000378.txt
25-NSE	876661	NEW YORK STOCK EXCHANGE LLC	2023-05-03	edgar/data/876661/0000876661-23-000379.txt
15-12G	1839611	InterPrivate IV InfraTech Partners Inc.	2023-05-04	edgar/data/1839611/0001213900-23-036423.txt
25	1349929	Vyant Bio, Inc.	2023-05-04	edgar/data/1349929/0001493152-23-015454.txt
25-NSE	1354457	Nasdaq Stock Market LLC	2023-05-04	edgar/data/1354457/0001354457-23-000336.txt
25-NSE	1354457	Nasdaq Stock Market LLC	2023-05-04	edgar/data/1354457/0001354457-23-000339.txt
25-NSE	1640455	Jounce Therapeutics, Inc.	2023-05-04	edgar/data/1640455/0001354457-23-000336.txt
25-NSE	1844211	B. Riley Principal 250 Merger Corp.	2023-05-04	edgar/data/1844211/0001354457-23-000339.txt
25-NSE	57725	LANNETT CO INC	2023-05-04	edgar/data/57725/0000876661-23-000382.txt
25-NSE	876661	NEW YORK STOCK EXCHANGE LLC	2023-05-04	edgar/data/876661/0000876661-23-000382.txt
15-12G	1411059	KBS Real Estate Investment Trust II, Inc.	2023-05-05	edgar/data/1411059/0001411059-23-000045.txt
15-12G	1662382	BRAIN SCIENTIFIC INC.	2023-05-05	edgar/data/1662382/0001213900-23-036705.txt
15-12G	1698287	Banco Santander Mexico S.A., Institucion de Banca Multiple,	2023-05-05	edgar/data/1698287/0000950103-23-006938.txt
15-15D	1779201	Ford Credit Auto Owner Trust 2019-B	2023-05-05	edgar/data/1779201/0001779201-23-000023.txt
25-NSE	1143362	NYSE ARCA, INC.	2023-05-05	edgar/data/1143362/0001143362-23-000165.txt
25-NSE	1143362	NYSE ARCA, INC.	2023-05-05	edgar/data/1143362/0001143362-23-000166.txt
25-NSE	1810747	Simplify Exchange Traded Funds	2023-05-05	edgar/data/1810747/0001143362-23-000165.txt
25-NSE	1810747	Simplify Exchange Traded Funds	2023-05-05	edgar/data/1810747/0001143362-23-000166.txt
15-12G	1107796	MOTIVATING THE MASSES INC	2023-05-08	edgar/data/1107796/0001213900-23-037291.txt
15-12G	1180145	Cardiovascular Systems Inc	2023-05-08	edgar/data/1180145/0001104659-23-056753.txt
15-12G	1695357	Provention Bio, Inc.	2023-05-08	edgar/data/1695357/0001193125-23-138263.txt
15-12G	1821788	Horizon Acquisition Corp II	2023-05-08	edgar/data/1821788/0001104659-23-057215.txt
15-12G	1822929	Eucrates Biomedical Acquisition Corp.	2023-05-08	edgar/data/1822929/0001104659-23-056766.txt
15-12G	1841338	CIIG Capital Partners II, Inc.	2023-05-08	edgar/data/1841338/0001193125-23-137740.txt
25	1463833	IDW MEDIA HOLDINGS, INC.	2023-05-08	edgar/data/1463833/0001213900-23-037343.txt
25-NSE	1354457	Nasdaq Stock Market LLC	2023-05-08	edgar/data/1354457/0001354457-23-000341.txt
25-NSE	1834342	Evo Acquisition Corp	2023-05-08	edgar/data/1834342/0001354457-23-000341.txt
15-12G	1092662	CHEMBIO DIAGNOSTICS, INC.	2023-05-09	edgar/data/1092662/0001140361-23-023568.txt
15-12G	1488501	METROSPACES, INC.	2023-05-09	edgar/data/1488501/0001903596-23-000376.txt
15-12G	1835881	Tailwind International Acquisition Corp.	2023-05-09	edgar/data/1835881/0001104659-23-057520.txt
15-15D	1354327	PGT Innovations, Inc.	2023-05-09	edgar/data/1354327/0001193125-23-139244.txt
25-NSE	1143313	NYSE AMERICAN LLC	2023-05-09	edgar/data/1143313/0001143313-23-000031.txt
25-NSE	1354457	Nasdaq Stock Market LLC	2023-05-09	edgar/data/1354457/0001354457-23-000343.txt
25-NSE	1354457	Nasdaq Stock Market LLC	2023-05-09	edgar/data/1354457/0001354457-23-000344.txt
25-NSE	1354457	Nasdaq Stock Market LLC	2023-05-09	edgar/data/1354457/0001354457-23-000345.txt
25-NSE	1579684	Gannett Co., Inc.	2023-05-09	edgar/data/1579684/0000876661-23-000387.txt
25-NSE	1833213	Progress Acquisition Corp.	2023-05-09	edgar/data/1833213/0001354457-23-000345.txt
25-NSE	1850699	7 Acquisition Corp	2023-05-09	edgar/data/1850699/0001354457-23-000344.txt
25-NSE	1858503	Green Visor Financial Technology Acquisition Corp I	2023-05-09	edgar/data/1858503/0001354457-23-000343.txt
25-NSE	1949543	Sitio Royalties Corp.	2023-05-09	edgar/data/1949543/0001143313-23-000031.txt
25-NSE	876661	NEW YORK STOCK EXCHANGE LLC	2023-05-09	edgar/data/876661/0000876661-23-000387.txt
15-12G	1000298	IMPAC MORTGAGE HOLDINGS INC	2023-05-10	edgar/data/1000298/0001104659-23-058505.txt
15-12G	1000298	IMPAC MORTGAGE HOLDINGS INC	2023-05-10	edgar/data/1000298/0001104659-23-058526.txt
15-12G	1867757	Blockchain Moon Acquisition Corp.	2023-05-10	edgar/data/1867757/0001104659-23-058477.txt
15-12G	225211	Touchpoint Group Holdings Inc.	2023-05-10	edgar/data/225211/0001753926-23-000623.txt
25-NSE	1061736	MEXICAN ECONOMIC DEVELOPMENT INC	2023-05-10	edgar/data/1061736/0000876661-23-000393.txt
25-NSE	1413329	Philip Morris International Inc.	2023-05-10	edgar/data/1413329/0000876661-23-000389.txt
25-NSE	876661	NEW YORK STOCK EXCHANGE LLC	2023-05-10	edgar/data/876661/0000876661-23-000389.txt
25-NSE	876661	NEW YORK STOCK EXCHANGE LLC	2023-05-10	edgar/data/876661/0000876661-23-000393.txt
15-12G	1358356	LIMESTONE BANCORP, INC.	2023-05-11	edgar/data/1358356/0000318300-23-000232.txt
15-12G	1664127	ALTITUDE INTERNATIONAL HOLDINGS, INC.	2023-05-11	edgar/data/1664127/0001493152-23-016453.txt
15-12G	1847152	SKYDECK ACQUISITION CORP.	2023-05-11	edgar/data/1847152/0001193125-23-141461.txt
15-12G	1847416	Orion Biotech Opportunities Corp.	2023-05-11	edgar/data/1847416/0001213900-23-038297.txt
15-15D	1567572	MORGAN STANLEY BANK OF AMERICA MERRILL LYNCH TRUST 2013-C8	2023-05-11	edgar/data/1567572/0001888524-23-006770.txt
15-15D	1569414	WFRBS COMMERCIAL MORTGAGE TRUST 2013-C12	2023-05-11	edgar/data/1569414/0001888524-23-006768.txt
15-15D	1571236	COMM 2013-CCRE7 Mortgage Trust	2023-05-11	edgar/data/1571236/0001888524-23-006766.txt
25-NSE	1143362	NYSE ARCA, INC.	2023-05-11	edgar/data/1143362/0001143362-23-000174.txt
25-NSE	1160106	Lloyds Banking Group plc	2023-05-11	edgar/data/1160106/0000876661-23-000395.txt
25-NSE	1312109	Silvergate Capital Corp	2023-05-11	edgar/data/1312109/0000876661-23-000397.txt
25-NSE	1424958	Direxion Shares ETF Trust	2023-05-11	edgar/data/1424958/0001143362-23-000174.txt
25-NSE	876661	NEW YORK STOCK EXCHANGE LLC	2023-05-11	edgar/data/876661/0000876661-23-000395.txt
25-NSE	876661	NEW YORK STOCK EXCHANGE LLC	2023-05-11	edgar/data/876661/0000876661-23-000397.txt
15-12G	1564406	Oak Street Health, Inc.	2023-05-12	edgar/data/1564406/0000947871-23-000572.txt
15-12G	1841230	Trine II Acquisition Corp.	2023-05-12	edgar/data/1841230/0001213900-23-039050.txt
15-12G	1850051	Intelligent Medicine Acquisition Corp.	2023-05-12	edgar/data/1850051/0001104659-23-059809.txt
15-12G	1853928	Anthemis Digital Acquisitions I Corp	2023-05-12	edgar/data/1853928/0000950123-23-004742.txt
15-15D	1932231	NAVA HEALTH MD, LLC	2023-05-12	edgar/data/1932231/0001104659-23-059773.txt
15F-12G	1000229	CORE LABORATORIES N V	2023-05-12	edgar/data/1000229/0001193125-23-143477.txt
25	1091587	ABB LTD	2023-05-12	edgar/data/1091587/0001104659-23-059601.txt
25-NSE	1143313	NYSE AMERICAN LLC	2023-05-12	edgar/data/1143313/0001143313-23-000033.txt
25-NSE	1354457	Nasdaq Stock Market LLC	2023-05-12	edgar/data/1354457/0001354457-23-000347.txt
25-NSE	1354457	Nasdaq Stock Market LLC	2023-05-12	edgar/data/1354457/0001354457-23-000348.txt
25-NSE	1354457	Nasdaq Stock Market LLC	2023-05-12	edgar/data/1354457/0001354457-23-000349.txt
25-NSE	1354457	Nasdaq Stock Market LLC	2023-05-12	edgar/data/1354457/0001354457-23-000350.txt
25-NSE	1643269	Sumo Logic, Inc.	2023-05-12	edgar/data/1643269/0001354457-23-000347.txt
25-NSE	1823882	Airspan Networks Holdings Inc.	2023-05-12	edgar/data/1823882/0001143313-23-000033.txt
25-NSE	1852332	Banner Acquisition Corp.	2023-05-12	edgar/data/1852332/0001354457-23-000348.txt
25-NSE	1855450	LAVA Medtech Acquisition Corp.	2023-05-12	edgar/data/1855450/0001354457-23-000349.txt
25-NSE	1934945	Trailblazer Merger Corp I	2023-05-12	edgar/data/1934945/0001354457-23-000350.txt
15-12G	1121142	Maxar Technologies Inc.	2023-05-15	edgar/data/1121142/0001104659-23-060143.txt
15-12G	1349929	Vyant Bio, Inc.	2023-05-15	edgar/data/1349929/0001493152-23-016921.txt
15-12G	1640455	Jounce Therapeutics, Inc.	2023-05-15	edgar/data/1640455/0001640455-23-000117.txt
15-12G	1843091	Valor Latitude Acquisition Corp.	2023-05-15	edgar/data/1843091/0001193125-23-144251.txt
15-12G	1844211	B. Riley Principal 250 Merger Corp.	2023-05-15	edgar/data/1844211/0001213900-23-039264.txt
15-12G	1852117	Rockley Photonics Holdings Ltd	2023-05-15	edgar/data/1852117/0001193125-23-144200.txt
15-12G	1855450	LAVA Medtech Acquisition Corp.	2023-05-15	edgar/data/1855450/0001213900-23-039947.txt
15-12G	1962903	American Marketplace Capital Corp	2023-05-15	edgar/data/1962903/0001575872-23-000731.txt
15-15D	1786041	Capital One Prime Auto Receivables Trust 2019-2	2023-05-15	edgar/data/1786041/0001193125-23-144733.txt
25-NSE	1354457	Nasdaq Stock Market LLC	2023-05-15	edgar/data/1354457/0001354457-23-000351.txt
25-NSE	1354457	Nasdaq Stock Market LLC	2023-05-15	edgar/data/1354457/0001354457-23-000352.txt
25-NSE	1378453	TravelCenters of America Inc. /MD/	2023-05-15	edgar/data/1378453/0001354457-23-000351.txt
25-NSE	1875943	VMG Consumer Acquisition Corp.	2023-05-15	edgar/data/1875943/0001354457-23-000352.txt
25-NSE	66740	3M CO	2023-05-15	edgar/data/66740/0000876661-23-000401.txt
25-NSE	876661	NEW YORK STOCK EXCHANGE LLC	2023-05-15	edgar/data/876661/0000876661-23-000401.txt
15-12G	1500122	Noble Vici Group, Inc.	2023-05-16	edgar/data/1500122/0001683168-23-003443.txt
15-15D	1770345	CarMax Auto Owner Trust 2019-2	2023-05-16	edgar/data/1770345/0001770345-23-000022.txt
25-NSE	312069	BARCLAYS PLC	2023-05-16	edgar/data/312069/0000876661-23-000403.txt
25-NSE	876661	NEW YORK STOCK EXCHANGE LLC	2023-05-16	edgar/data/876661/0000876661-23-000403.txt
15-12G	742112	INVACARE HOLDINGS Corp	2023-05-17	edgar/data/742112/0000742112-23-000079.txt
25-NSE	1354457	Nasdaq Stock Market LLC	2023-05-17	edgar/data/1354457/0001354457-23-000356.txt
25-NSE	1822792	Goldenbridge Acquisition Ltd	2023-05-17	edgar/data/1822792/0001354457-23-000356.txt
15-12G	1463833	IDW MEDIA HOLDINGS, INC.	2023-05-18	edgar/data/1463833/0001213900-23-041178.txt
25-NSE	1089113	HSBC HOLDINGS PLC	2023-05-18	edgar/data/1089113/0000876661-23-000408.txt
25-NSE	1089113	HSBC HOLDINGS PLC	2023-05-18	edgar/data/1089113/0000876661-23-000409.txt
25-NSE	1243429	ArcelorMittal	2023-05-18	edgar/data/1243429/0000876661-23-000405.txt
25-NSE	876661	NEW YORK STOCK EXCHANGE LLC	2023-05-18	edgar/data/876661/0000876661-23-000405.txt
25-NSE	876661	NEW YORK STOCK EXCHANGE LLC	2023-05-18	edgar/data/876661/0000876661-23-000408.txt
25-NSE	876661	NEW YORK STOCK EXCHANGE LLC	2023-05-18	edgar/data/876661/0000876661-23-000409.txt
15-12G	1850699	7 Acquisition Corp	2023-05-19	edgar/data/1850699/0001104659-23-062674.txt
15-12G	1858503	Green Visor Financial Technology Acquisition Corp I	2023-05-19	edgar/data/1858503/0001104659-23-062598.txt
25	1516912	Origin Bancorp, Inc.	2023-05-19	edgar/data/1516912/0001516912-23-000095.txt
25-NSE	1705682	Venator Materials PLC	2023-05-19	edgar/data/1705682/0000876661-23-000413.txt
25-NSE	732717	AT&T INC.	2023-05-19	edgar/data/732717/0000876661-23-000415.txt
25-NSE	876661	NEW YORK STOCK EXCHANGE LLC	2023-05-19	edgar/data/876661/0000876661-23-000413.txt
25-NSE	876661	NEW YORK STOCK EXCHANGE LLC	2023-05-19	edgar/data/876661/0000876661-23-000415.txt
15-12G	1312109	Silvergate Capital Corp	2023-05-22	edgar/data/1312109/0000950157-23-000562.txt
15-12G	1561180	PETROTEQ ENERGY INC.	2023-05-22	edgar/data/1561180/0001062993-23-011878.txt
15-12G	1643269	Sumo Logic, Inc.	2023-05-22	edgar/data/1643269/0001140361-23-026009.txt
15-12G	1852332	Banner Acquisition Corp.	2023-05-22	edgar/data/1852332/0001104659-23-063019.txt
25	1227500	EQUITY BANCSHARES INC	2023-05-22	edgar/data/1227500/0001193125-23-150486.txt
25-NSE	1136893	Fidelity National Information Services, Inc.	2023-05-22	edgar/data/1136893/0000876661-23-000417.txt
25-NSE	1863099	Kimbell Tiger Acquisition Corp	2023-05-22	edgar/data/1863099/0000876661-23-000419.txt
25-NSE	1898019	AXIOS Sustainable Growth Acquisition Corp	2023-05-22	edgar/data/1898019/0000876661-23-000423.txt
25-NSE	844150	NatWest Group plc	2023-05-22	edgar/data/844150/0000876661-23-000421.txt
25-NSE	876661	NEW YORK STOCK EXCHANGE LLC	2023-05-22	edgar/data/876661/0000876661-23-000417.txt
25-NSE	876661	NEW YORK STOCK EXCHANGE LLC	2023-05-22	edgar/data/876661/0000876661-23-000419.txt
25-NSE	876661	NEW YORK STOCK EXCHANGE LLC	2023-05-22	edgar/data/876661/0000876661-23-000421.txt
25-NSE	876661	NEW YORK STOCK EXCHANGE LLC	2023-05-22	edgar/data/876661/0000876661-23-000423.txt
25-NSE	1029800	URSTADT BIDDLE PROPERTIES INC	2023-05-23	edgar/data/1029800/0000876661-23-000428.txt
25-NSE	1354457	Nasdaq Stock Market LLC	2023-05-23	edgar/data/1354457/0001354457-23-000362.txt
25-NSE	1417835	Cboe BZX Exchange, Inc.	2023-05-23	edgar/data/1417835/0001417835-23-000039.txt
25-NSE	1592900	EA Series Trust	2023-05-23	edgar/data/1592900/0001417835-23-000039.txt
25-NSE	1855447	Roth CH Acquisition IV Co.	2023-05-23	edgar/data/1855447/0001354457-23-000362.txt
25-NSE	49826	ILLINOIS TOOL WORKS INC	2023-05-23	edgar/data/49826/0000876661-23-000430.txt
25-NSE	876661	NEW YORK STOCK EXCHANGE LLC	2023-05-23	edgar/data/876661/0000876661-23-000428.txt
25-NSE	876661	NEW YORK STOCK EXCHANGE LLC	2023-05-23	edgar/data/876661/0000876661-23-000430.txt
25-NSE	10795	BECTON DICKINSON & CO	2023-05-24	edgar/data/10795/0000876661-23-000438.txt
25-NSE	1143313	NYSE AMERICAN LLC	2023-05-24	edgar/data/1143313/0001143313-23-000037.txt
25-NSE	1143362	NYSE ARCA, INC.	2023-05-24	edgar/data/1143362/0001143362-23-000189.txt
25-NSE	1143362	NYSE ARCA, INC.	2023-05-24	edgar/data/1143362/0001143362-23-000190.txt
25-NSE	1159508	DEUTSCHE BANK AKTIENGESELLSCHAFT	2023-05-24	edgar/data/1159508/0000876661-23-000434.txt
25-NSE	1604643	Evoqua Water Technologies Corp.	2023-05-24	edgar/data/1604643/0000876661-23-000436.txt
25-NSE	1683471	Listed Funds Trust	2023-05-24	edgar/data/1683471/0001143362-23-000189.txt
25-NSE	1683471	Listed Funds Trust	2023-05-24	edgar/data/1683471/0001143362-23-000190.txt
25-NSE	1812360	FOXO TECHNOLOGIES INC.	2023-05-24	edgar/data/1812360/0001143313-23-000037.txt
25-NSE	876661	NEW YORK STOCK EXCHANGE LLC	2023-05-24	edgar/data/876661/0000876661-23-000434.txt
25-NSE	876661	NEW YORK STOCK EXCHANGE LLC	2023-05-24	edgar/data/876661/0000876661-23-000436.txt
25-NSE	876661	NEW YORK STOCK EXCHANGE LLC	2023-05-24	edgar/data/876661/0000876661-23-000438.txt
15-15D	1771225	Hyundai Auto Receivables Trust 2019-A	2023-05-25	edgar/data/1771225/0001104659-23-064581.txt
25-NSE	1089113	HSBC HOLDINGS PLC	2023-05-25	edgar/data/1089113/0000876661-23-000443.txt
25-NSE	1354457	Nasdaq Stock Market LLC	2023-05-25	edgar/data/1354457/0001354457-23-000365.txt
25-NSE	876661	NEW YORK STOCK EXCHANGE LLC	2023-05-25	edgar/data/876661/0000876661-23-000443.txt
25-NSE	901832	ASTRAZENECA PLC	2023-05-25	edgar/data/901832/0001354457-23-000365.txt
15-12G	1875943	VMG Consumer Acquisition Corp.	2023-05-26	edgar/data/1875943/0000950123-23-005617.txt
25	1378453	TravelCenters of America Inc. /MD/	2023-05-26	edgar/data/1378453/0001104659-23-065233.txt
25-NSE	1143362	NYSE ARCA, INC.	2023-05-26	edgar/data/1143362/0001143362-23-000192.txt
25-NSE	1143362	NYSE ARCA, INC.	2023-05-26	edgar/data/1143362/0001143362-23-000194.txt
25-NSE	1354457	Nasdaq Stock Market LLC	2023-05-26	edgar/data/1354457/0001354457-23-000366.txt
25-NSE	1354457	Nasdaq Stock Market LLC	2023-05-26	edgar/data/1354457/0001354457-23-000367.txt
25-NSE	1452937	EXCHANGE TRADED CONCEPTS TRUST	2023-05-26	edgar/data/1452937/0001143362-23-000194.txt
25-NSE	1547576	Krane Shares Trust	2023-05-26	edgar/data/1547576/0001143362-23-000192.txt
25-NSE	1575051	Sisecam Resources LP	2023-05-26	edgar/data/1575051/0000876661-23-000449.txt
25-NSE	1661053	enVVeno Medical Corp	2023-05-26	edgar/data/1661053/0001354457-23-000366.txt
25-NSE	1855885	Signal Hill Acquisition Corp.	2023-05-26	edgar/data/1855885/0001354457-23-000367.txt
25-NSE	40545	GENERAL ELECTRIC CO	2023-05-26	edgar/data/40545/0000876661-23-000445.txt
25-NSE	51143	INTERNATIONAL BUSINESS MACHINES CORP	2023-05-26	edgar/data/51143/0000876661-23-000447.txt
25-NSE	876661	NEW YORK STOCK EXCHANGE LLC	2023-05-26	edgar/data/876661/0000876661-23-000445.txt
25-NSE	876661	NEW YORK STOCK EXCHANGE LLC	2023-05-26	edgar/data/876661/0000876661-23-000447.txt
25-NSE	876661	NEW YORK STOCK EXCHANGE LLC	2023-05-26	edgar/data/876661/0000876661-23-000449.txt
25-NSE	876661	NEW YORK STOCK EXCHANGE LLC	2023-05-26	edgar/data/876661/0000876661-23-000451.txt
25-NSE	915389	EASTMAN CHEMICAL CO	2023-05-26	edgar/data/915389/0000876661-23-000451.txt
15-12G	1704760	American Virtual Cloud Technologies, Inc.	2023-05-30	edgar/data/1704760/0001213900-23-044121.txt
15-15D	1792159	Honda Auto Receivables 2019-4 Owner Trust	2023-05-30	edgar/data/1792159/0001104659-23-065806.txt
25-NSE	1830392	Pontem Corp	2023-05-30	edgar/data/1830392/0000876661-23-000453.txt
25-NSE	1843716	Post Holdings Partnering Corp	2023-05-30	edgar/data/1843716/0000876661-23-000456.txt
25-NSE	876661	NEW YORK STOCK EXCHANGE LLC	2023-05-30	edgar/data/876661/0000876661-23-000453.txt
25-NSE	876661	NEW YORK STOCK EXCHANGE LLC	2023-05-30	edgar/data/876661/0000876661-23-000456.txt
25-NSE	1354457	Nasdaq Stock Market LLC	2023-05-31	edgar/data/1354457/0001354457-23-000369.txt
25-NSE	1739936	MOMENTIVE GLOBAL INC.	2023-05-31	edgar/data/1739936/0001354457-23-000369.txt
25-NSE	1784797	Broadmark Realty Capital Inc.	2023-05-31	edgar/data/1784797/0000876661-23-000458.txt
25-NSE	876661	NEW YORK STOCK EXCHANGE LLC	2023-05-31	edgar/data/876661/0000876661-23-000458.txt
15-12G	1338749	POTLATCHDELTIC CORP	2023-06-01	edgar/data/1338749/0001193125-23-158942.txt
15-12G	1863099	Kimbell Tiger Acquisition Corp	2023-06-01	edgar/data/1863099/0001104659-23-067087.txt
25	1659494	51Talk Online Education Group	2023-06-01	edgar/data/1659494/0001104659-23-066780.txt
25	795212	Kaspien Holdings Inc.	2023-06-01	edgar/data/795212/0001140361-23-027789.txt
25-NSE	10795	BECTON DICKINSON & CO	2023-06-01	edgar/data/10795/0000876661-23-000465.txt
25-NSE	1273931	MONEYGRAM INTERNATIONAL INC	2023-06-01	edgar/data/1273931/0001354457-23-000371.txt
25-NSE	1354457	Nasdaq Stock Market LLC	2023-06-01	edgar/data/1354457/0001354457-23-000370.txt
25-NSE	1354457	Nasdaq Stock Market LLC	2023-06-01	edgar/data/1354457/0001354457-23-000371.txt
25-NSE	1354457	Nasdaq Stock Market LLC	2023-06-01	edgar/data/1354457/0001354457-23-000372.txt
25-NSE	1354457	Nasdaq Stock Market LLC	2023-06-01	edgar/data/1354457/0001354457-23-000373.txt
25-NSE	1750019	TCR2 THERAPEUTICS INC.	2023-06-01	edgar/data/1750019/0001354457-23-000372.txt
25-NSE	1883799	Jupiter Wellness Acquisition Corp.	2023-06-01	edgar/data/1883799/0001354457-23-000373.txt
25-NSE	55772	KIMBALL INTERNATIONAL INC	2023-06-01	edgar/data/55772/0001354457-23-000370.txt
25-NSE	876661	NEW YORK STOCK EXCHANGE LLC	2023-06-01	edgar/data/876661/0000876661-23-000463.txt
25-NSE	876661	NEW YORK STOCK EXCHANGE LLC	2023-06-01	edgar/data/876661/0000876661-23-000465.txt
25-NSE	885725	BOSTON SCIENTIFIC CORP	2023-06-01	edgar/data/885725/0000876661-23-000463.txt
15-15D	1615780	Teardroppers, Inc.	2023-06-02	edgar/data/1615780/0001683168-23-003842.txt
15-15D	1764987	Nissan Auto Receivables 2019-A Owner Trust	2023-06-02	edgar/data/1764987/0001193125-23-159732.txt
25-NSE	1354457	Nasdaq Stock Market LLC	2023-06-02	edgar/data/1354457/0001354457-23-000376.txt
25-NSE	1880968	Sound Point Acquisition Corp I, Ltd	2023-06-02	edgar/data/1880968/0001354457-23-000376.txt
15-12G	1604643	Evoqua Water Technologies Corp.	2023-06-05	edgar/data/1604643/0001193125-23-160606.txt
15-12G	1855885	Signal Hill Acquisition Corp.	2023-06-05	edgar/data/1855885/0001104659-23-068059.txt
25-NSE	10795	BECTON DICKINSON & CO	2023-06-05	edgar/data/10795/0000876661-23-000468.txt
25-NSE	1143362	NYSE ARCA, INC.	2023-06-05	edgar/data/1143362/0001143362-23-000198.txt
25-NSE	1354457	Nasdaq Stock Market LLC	2023-06-05	edgar/data/1354457/0001354457-23-000377.txt
25-NSE	1452937	EXCHANGE TRADED CONCEPTS TRUST	2023-06-05	edgar/data/1452937/0001143362-23-000198.txt
25-NSE	1776167	Becton Dickinson Euro Finance S.a. r.l.	2023-06-05	edgar/data/1776167/0000876661-23-000469.txt
25-NSE	1856724	Bullpen Parlay Acquisition Co	2023-06-05	edgar/data/1856724/0001354457-23-000377.txt
25-NSE	876661	NEW YORK STOCK EXCHANGE LLC	2023-06-05	edgar/data/876661/0000876661-23-000468.txt
25-NSE	876661	NEW YORK STOCK EXCHANGE LLC	2023-06-05	edgar/data/876661/0000876661-23-000469.txt
15-12G	1575051	Sisecam Resources LP	2023-06-06	edgar/data/1575051/0001140361-23-028545.txt
25	798354	FISERV INC	2023-06-06	edgar/data/798354/0001193125-23-161601.txt
25-NSE	1417835	Cboe BZX Exchange, Inc.	2023-06-06	edgar/data/1417835/0001417835-23-000041.txt
25-NSE	1417835	Cboe BZX Exchange, Inc.	2023-06-06	edgar/data/1417835/0001417835-23-000042.txt
25-NSE	1650149	Series Portfolios Trust	2023-06-06	edgar/data/1650149/0001417835-23-000041.txt
25-NSE	1650149	Series Portfolios Trust	2023-06-06	edgar/data/1650149/0001417835-23-000042.txt
15-15D	1772793	World Omni Auto Receivables Trust 2019-B	2023-06-07	edgar/data/1772793/0001104659-23-068664.txt
15-12G	1405660	Alternative Investment Corp	2023-06-08	edgar/data/1405660/0001683168-23-004010.txt
15-12G	1834342	Evo Acquisition Corp	2023-06-08	edgar/data/1834342/0001213900-23-047342.txt
25-NSE	1354457	Nasdaq Stock Market LLC	2023-06-08	edgar/data/1354457/0001354457-23-000384.txt
25-NSE	1354457	Nasdaq Stock Market LLC	2023-06-08	edgar/data/1354457/0001354457-23-000385.txt
25-NSE	1692830	Satsuma Pharmaceuticals, Inc.	2023-06-08	edgar/data/1692830/0001354457-23-000385.txt
25-NSE	1836478	Avalon Acquisition Inc.	2023-06-08	edgar/data/1836478/0001354457-23-000384.txt
15-12G	1830392	Pontem Corp	2023-06-09	edgar/data/1830392/0001213900-23-047619.txt
15-12G	1843716	Post Holdings Partnering Corp	2023-06-09	edgar/data/1843716/0001843716-23-000026.txt
15-15D	1226006	RFS HOLDING LLC	2023-06-09	edgar/data/1226006/0001104659-23-069925.txt
15-15D	1226006	RFS HOLDING LLC	2023-06-09	edgar/data/1226006/0001104659-23-069926.txt
15-15D	1226006	RFS HOLDING LLC	2023-06-09	edgar/data/1226006/0001104659-23-069928.txt
15-15D	1290098	Synchrony Credit Card Master Note Trust	2023-06-09	edgar/data/1290098/0001104659-23-069925.txt
15-15D	1290098	Synchrony Credit Card Master Note Trust	2023-06-09	edgar/data/1290098/0001104659-23-069926.txt
15-15D	1290098	Synchrony Credit Card Master Note Trust	2023-06-09	edgar/data/1290098/0001104659-23-069928.txt
25	1473844	Stellar Bancorp, Inc.	2023-06-09	edgar/data/1473844/0001473844-23-000030.txt
25-NSE	1354457	Nasdaq Stock Market LLC	2023-06-09	edgar/data/1354457/0001354457-23-000388.txt
25-NSE	1823854	Senior Connect Acquisition Corp. I	2023-06-09	edgar/data/1823854/0001354457-23-000388.txt
25-NSE	1845437	NET Power Inc.	2023-06-09	edgar/data/1845437/0000876661-23-000474.txt
25-NSE	1853594	Sculptor Acquisition Corp I	2023-06-09	edgar/data/1853594/0000876661-23-000472.txt
25-NSE	1885754	Motive Capital Corp II	2023-06-09	edgar/data/1885754/0000876661-23-000476.txt
25-NSE	876661	NEW YORK STOCK EXCHANGE LLC	2023-06-09	edgar/data/876661/0000876661-23-000472.txt
25-NSE	876661	NEW YORK STOCK EXCHANGE LLC	2023-06-09	edgar/data/876661/0000876661-23-000474.txt
25-NSE	876661	NEW YORK STOCK EXCHANGE LLC	2023-06-09	edgar/data/876661/0000876661-23-000476.txt
15-12G	1273931	MONEYGRAM INTERNATIONAL INC	2023-06-12	edgar/data/1273931/0001193125-23-164889.txt
15-12G	1739936	MOMENTIVE GLOBAL INC.	2023-06-12	edgar/data/1739936/0001140361-23-029249.txt
15-12G	1750019	TCR2 THERAPEUTICS INC.	2023-06-12	edgar/data/1750019/0001104659-23-070143.txt
15-12G	1880968	Sound Point Acquisition Corp I, Ltd	2023-06-12	edgar/data/1880968/0001193125-23-165002.txt
15-12G	55772	KIMBALL INTERNATIONAL INC	2023-06-12	edgar/data/55772/0001140361-23-029227.txt
15-12G	790066	Global Ecology Corp	2023-06-12	edgar/data/790066/0001903596-23-000473.txt
25-NSE	1064642	SPDR SERIES TRUST	2023-06-12	edgar/data/1064642/0001143362-23-000203.txt
25-NSE	1143313	NYSE AMERICAN LLC	2023-06-12	edgar/data/1143313/0001143313-23-000040.txt
25-NSE	1143362	NYSE ARCA, INC.	2023-06-12	edgar/data/1143362/0001143362-23-000203.txt
25-NSE	1159510	CREDIT SUISSE GROUP AG	2023-06-12	edgar/data/1159510/0000876661-23-000481.txt
25-NSE	1354457	Nasdaq Stock Market LLC	2023-06-12	edgar/data/1354457/0001354457-23-000390.txt
25-NSE	1735707	Garrett Motion Inc.	2023-06-12	edgar/data/1735707/0001354457-23-000390.txt
25-NSE	1739174	BiomX Inc.	2023-06-12	edgar/data/1739174/0001143313-23-000040.txt
25-NSE	1841761	Grove Collaborative Holdings, Inc.	2023-06-12	edgar/data/1841761/0000876661-23-000479.txt
25-NSE	844150	NatWest Group plc	2023-06-12	edgar/data/844150/0000876661-23-000483.txt
25-NSE	876661	NEW YORK STOCK EXCHANGE LLC	2023-06-12	edgar/data/876661/0000876661-23-000479.txt
25-NSE	876661	NEW YORK STOCK EXCHANGE LLC	2023-06-12	edgar/data/876661/0000876661-23-000481.txt
25-NSE	876661	NEW YORK STOCK EXCHANGE LLC	2023-06-12	edgar/data/876661/0000876661-23-000483.txt
15-12G	1595585	Tricida, Inc.	2023-06-13	edgar/data/1595585/0001595585-23-000060.txt
25-NSE	1038133	HESKA CORP	2023-06-13	edgar/data/1038133/0001354457-23-000392.txt
25-NSE	1354457	Nasdaq Stock Market LLC	2023-06-13	edgar/data/1354457/0001354457-23-000392.txt
25-NSE	1852495	Jackson Acquisition Co	2023-06-13	edgar/data/1852495/0000876661-23-000485.txt
25-NSE	876661	NEW YORK STOCK EXCHANGE LLC	2023-06-13	edgar/data/876661/0000876661-23-000485.txt
15-12G	1791325	Freedom Internet Group Inc.	2023-06-14	edgar/data/1791325/0001096906-23-001317.txt
25-NSE	1143362	NYSE ARCA, INC.	2023-06-14	edgar/data/1143362/0001143362-23-000211.txt
25-NSE	1143362	NYSE ARCA, INC.	2023-06-14	edgar/data/1143362/0001143362-23-000212.txt
25-NSE	1143362	NYSE ARCA, INC.	2023-06-14	edgar/data/1143362/0001143362-23-000213.txt
25-NSE	1143362	NYSE ARCA, INC.	2023-06-14	edgar/data/1143362/0001143362-23-000214.txt
25-NSE	1143362	NYSE ARCA, INC.	2023-06-14	edgar/data/1143362/0001143362-23-000215.txt
25-NSE	1143362	NYSE ARCA, INC.	2023-06-14	edgar/data/1143362/0001143362-23-000221.txt
25-NSE	1143362	NYSE ARCA, INC.	2023-06-14	edgar/data/1143362/0001143362-23-000222.txt
25-NSE	1143362	NYSE ARCA, INC.	2023-06-14	edgar/data/1143362/0001143362-23-000223.txt
25-NSE	1143362	NYSE ARCA, INC.	2023-06-14	edgar/data/1143362/0001143362-23-000224.txt
25-NSE	1143362	NYSE ARCA, INC.	2023-06-14	edgar/data/1143362/0001143362-23-000225.txt
25-NSE	1143362	NYSE ARCA, INC.	2023-06-14	edgar/data/1143362/0001143362-23-000227.txt
25-NSE	1143362	NYSE ARCA, INC.	2023-06-14	edgar/data/1143362/0001143362-23-000229.txt
25-NSE	1143362	NYSE ARCA, INC.	2023-06-14	edgar/data/1143362/0001143362-23-000231.txt
25-NSE	1143362	NYSE ARCA, INC.	2023-06-14	edgar/data/1143362/0001143362-23-000233.txt
25-NSE	1143362	NYSE ARCA, INC.	2023-06-14	edgar/data/1143362/0001143362-23-000235.txt
25-NSE	1143362	NYSE ARCA, INC.	2023-06-14	edgar/data/1143362/0001143362-23-000237.txt
25-NSE	1143362	NYSE ARCA, INC.	2023-06-14	edgar/data/1143362/0001143362-23-000243.txt
25-NSE	1143362	NYSE ARCA, INC.	2023-06-14	edgar/data/1143362/0001143362-23-000244.txt
25-NSE	1143362	NYSE ARCA, INC.	2023-06-14	edgar/data/1143362/0001143362-23-000245.txt
25-NSE	1143362	NYSE ARCA, INC.	2023-06-14	edgar/data/1143362/0001143362-23-000246.txt
25-NSE	1143362	NYSE ARCA, INC.	2023-06-14	edgar/data/1143362/0001143362-23-000247.txt
25-NSE	1259429	Oxford Square Capital Corp.	2023-06-14	edgar/data/1259429/0001354457-23-000396.txt
25-NSE	1324272	Ruths Hospitality Group, Inc.	2023-06-14	edgar/data/1324272/0001354457-23-000395.txt
25-NSE	1354457	Nasdaq Stock Market LLC	2023-06-14	edgar/data/1354457/0001354457-23-000395.txt
25-NSE	1354457	Nasdaq Stock Market LLC	2023-06-14	edgar/data/1354457/0001354457-23-000396.txt
25-NSE	1858684	ST Energy Transition I Ltd.	2023-06-14	edgar/data/1858684/0000876661-23-000487.txt
25-NSE	312070	BARCLAYS BANK PLC	2023-06-14	edgar/data/312070/0001143362-23-000211.txt
25-NSE	312070	BARCLAYS BANK PLC	2023-06-14	edgar/data/312070/0001143362-23-000212.txt
25-NSE	312070	BARCLAYS BANK PLC	2023-06-14	edgar/data/312070/0001143362-23-000213.txt
25-NSE	312070	BARCLAYS BANK PLC	2023-06-14	edgar/data/312070/0001143362-23-000214.txt
25-NSE	312070	BARCLAYS BANK PLC	2023-06-14	edgar/data/312070/0001143362-23-000215.txt
25-NSE	312070	BARCLAYS BANK PLC	2023-06-14	edgar/data/312070/0001143362-23-000221.txt
25-NSE	312070	BARCLAYS BANK PLC	2023-06-14	edgar/data/312070/0001143362-23-000222.txt
25-NSE	312070	BARCLAYS BANK PLC	2023-06-14	edgar/data/312070/0001143362-23-000223.txt
25-NSE	312070	BARCLAYS BANK PLC	2023-06-14	edgar/data/312070/0001143362-23-000224.txt
25-NSE	312070	BARCLAYS BANK PLC	2023-06-14	edgar/data/312070/0001143362-23-000225.txt
25-NSE	312070	BARCLAYS BANK PLC	2023-06-14	edgar/data/312070/0001143362-23-000227.txt
25-NSE	312070	BARCLAYS BANK PLC	2023-06-14	edgar/data/312070/0001143362-23-000229.txt
25-NSE	312070	BARCLAYS BANK PLC	2023-06-14	edgar/data/312070/0001143362-23-000231.txt
25-NSE	312070	BARCLAYS BANK PLC	2023-06-14	edgar/data/312070/0001143362-23-000233.txt
25-NSE	312070	BARCLAYS BANK PLC	2023-06-14	edgar/data/312070/0001143362-23-000235.txt
25-NSE	312070	BARCLAYS BANK PLC	2023-06-14	edgar/data/312070/0001143362-23-000237.txt
25-NSE	312070	BARCLAYS BANK PLC	2023-06-14	edgar/data/312070/0001143362-23-000243.txt
25-NSE	312070	BARCLAYS BANK PLC	2023-06-14	edgar/data/312070/0001143362-23-000244.txt
25-NSE	312070	BARCLAYS BANK PLC	2023-06-14	edgar/data/312070/0001143362-23-000245.txt
25-NSE	312070	BARCLAYS BANK PLC	2023-06-14	edgar/data/312070/0001143362-23-000246.txt
25-NSE	312070	BARCLAYS BANK PLC	2023-06-14	edgar/data/312070/0001143362-23-000247.txt
25-NSE	876661	NEW YORK STOCK EXCHANGE LLC	2023-06-14	edgar/data/876661/0000876661-23-000487.txt
15-12G	1002771	Integrated Cannabis Solutions, Inc.	2023-06-15	edgar/data/1002771/0001477932-23-004604.txt
15-12G	1378453	TravelCenters of America Inc. /MD/	2023-06-15	edgar/data/1378453/0001104659-23-071431.txt
25-NSE	1338065	DCP Midstream, LP	2023-06-15	edgar/data/1338065/0000876661-23-000493.txt
25-NSE	1338065	DCP Midstream, LP	2023-06-15	edgar/data/1338065/0000876661-23-000495.txt
25-NSE	1354457	Nasdaq Stock Market LLC	2023-06-15	edgar/data/1354457/0001354457-23-000399.txt
25-NSE	1354457	Nasdaq Stock Market LLC	2023-06-15	edgar/data/1354457/0001354457-23-000400.txt
25-NSE	1521332	Aptiv PLC	2023-06-15	edgar/data/1521332/0000876661-23-000497.txt
25-NSE	1827075	CVENT HOLDING CORP.	2023-06-15	edgar/data/1827075/0001354457-23-000399.txt
25-NSE	1849408	Zimmer Energy Transition Acquisition Corp.	2023-06-15	edgar/data/1849408/0001354457-23-000400.txt
25-NSE	876661	NEW YORK STOCK EXCHANGE LLC	2023-06-15	edgar/data/876661/0000876661-23-000493.txt
25-NSE	876661	NEW YORK STOCK EXCHANGE LLC	2023-06-15	edgar/data/876661/0000876661-23-000495.txt
25-NSE	876661	NEW YORK STOCK EXCHANGE LLC	2023-06-15	edgar/data/876661/0000876661-23-000497.txt
15-12G	1784797	Broadmark Realty Capital Inc.	2023-06-16	edgar/data/1784797/0001104659-23-071765.txt
15-12G	1856724	Bullpen Parlay Acquisition Co	2023-06-16	edgar/data/1856724/0001140361-23-030202.txt
15-15D	1769324	Drive Auto Receivables Trust 2019-2	2023-06-16	edgar/data/1769324/0001193125-23-168735.txt
25-NSE	1114446	UBS AG	2023-06-16	edgar/data/1114446/0001143362-23-000252.txt
25-NSE	1114446	UBS AG	2023-06-16	edgar/data/1114446/0001143362-23-000253.txt
25-NSE	1114446	UBS AG	2023-06-16	edgar/data/1114446/0001143362-23-000254.txt
25-NSE	1143362	NYSE ARCA, INC.	2023-06-16	edgar/data/1143362/0001143362-23-000252.txt
25-NSE	1143362	NYSE ARCA, INC.	2023-06-16	edgar/data/1143362/0001143362-23-000253.txt
25-NSE	1143362	NYSE ARCA, INC.	2023-06-16	edgar/data/1143362/0001143362-23-000254.txt
25-NSE	1143362	NYSE ARCA, INC.	2023-06-16	edgar/data/1143362/0001143362-23-000256.txt
25-NSE	1143362	NYSE ARCA, INC.	2023-06-16	edgar/data/1143362/0001143362-23-000257.txt
25-NSE	1143362	NYSE ARCA, INC.	2023-06-16	edgar/data/1143362/0001143362-23-000258.txt
25-NSE	1354457	Nasdaq Stock Market LLC	2023-06-16	edgar/data/1354457/0001354457-23-000405.txt
25-NSE	1354457	Nasdaq Stock Market LLC	2023-06-16	edgar/data/1354457/0001354457-23-000406.txt
25-NSE	1354457	Nasdaq Stock Market LLC	2023-06-16	edgar/data/1354457/0001354457-23-000411.txt
25-NSE	1354457	Nasdaq Stock Market LLC	2023-06-16	edgar/data/1354457/0001354457-23-000412.txt
25-NSE	1354457	Nasdaq Stock Market LLC	2023-06-16	edgar/data/1354457/0001354457-23-000413.txt
25-NSE	1354457	Nasdaq Stock Market LLC	2023-06-16	edgar/data/1354457/0001354457-23-000414.txt
25-NSE	1354457	Nasdaq Stock Market LLC	2023-06-16	edgar/data/1354457/0001354457-23-000415.txt
25-NSE	1354457	Nasdaq Stock Market LLC	2023-06-16	edgar/data/1354457/0001354457-23-000416.txt
25-NSE	1354457	Nasdaq Stock Market LLC	2023-06-16	edgar/data/1354457/0001354457-23-000417.txt
25-NSE	1354457	Nasdaq Stock Market LLC	2023-06-16	edgar/data/1354457/0001354457-23-000418.txt
25-NSE	1518042	NORTHERN LIGHTS FUND TRUST II	2023-06-16	edgar/data/1518042/0001143362-23-000256.txt
25-NSE	1518042	NORTHERN LIGHTS FUND TRUST II	2023-06-16	edgar/data/1518042/0001143362-23-000257.txt
25-NSE	1518042	NORTHERN LIGHTS FUND TRUST II	2023-06-16	edgar/data/1518042/0001143362-23-000258.txt
25-NSE	1587982	Investment Managers Series Trust II	2023-06-16	edgar/data/1587982/0001354457-23-000411.txt
25-NSE	1594555	HV Bancorp, Inc.	2023-06-16	edgar/data/1594555/0001354457-23-000418.txt
25-NSE	1689873	GraniteShares ETF Trust	2023-06-16	edgar/data/1689873/0001354457-23-000412.txt
25-NSE	1718852	Prometheus Biosciences, Inc.	2023-06-16	edgar/data/1718852/0001354457-23-000406.txt
25-NSE	1722969	Atlis Motor Vehicles Inc	2023-06-16	edgar/data/1722969/0001354457-23-000415.txt
25-NSE	1807594	Malacca Straits Acquisition Co Ltd	2023-06-16	edgar/data/1807594/0001354457-23-000416.txt
25-NSE	1843205	Jaws Hurricane Acquisition Corp	2023-06-16	edgar/data/1843205/0001354457-23-000413.txt
25-NSE	1849280	G Squared Ascend II, Inc.	2023-06-16	edgar/data/1849280/0000876661-23-000499.txt
25-NSE	1853021	Metals Acquisition Corp	2023-06-16	edgar/data/1853021/0000876661-23-000501.txt
25-NSE	1856696	Ahren Acquisition Corp.	2023-06-16	edgar/data/1856696/0001354457-23-000414.txt
25-NSE	1860482	Talon 1 Acquisition Corp	2023-06-16	edgar/data/1860482/0001354457-23-000417.txt
25-NSE	1870258	MELI Kaszek Pioneer Corp	2023-06-16	edgar/data/1870258/0001354457-23-000405.txt
25-NSE	876661	NEW YORK STOCK EXCHANGE LLC	2023-06-16	edgar/data/876661/0000876661-23-000499.txt
25-NSE	876661	NEW YORK STOCK EXCHANGE LLC	2023-06-16	edgar/data/876661/0000876661-23-000501.txt
15-12G	101829	RAYTHEON TECHNOLOGIES CORP	2023-06-20	edgar/data/101829/0001193125-23-170194.txt
15-12G	1692830	Satsuma Pharmaceuticals, Inc.	2023-06-20	edgar/data/1692830/0001193125-23-169963.txt
15-12G	1853594	Sculptor Acquisition Corp I	2023-06-20	edgar/data/1853594/0001140361-23-030493.txt
15-12G	57725	LANNETT CO INC	2023-06-20	edgar/data/57725/0001104659-23-072540.txt
15-15D	1556377	Life Stem Genetics Inc.	2023-06-20	edgar/data/1556377/0001683168-23-004260.txt
25-NSE	1354457	Nasdaq Stock Market LLC	2023-06-20	edgar/data/1354457/0001354457-23-000419.txt
25-NSE	1354457	Nasdaq Stock Market LLC	2023-06-20	edgar/data/1354457/0001354457-23-000420.txt
25-NSE	1354457	Nasdaq Stock Market LLC	2023-06-20	edgar/data/1354457/0001354457-23-000421.txt
25-NSE	1528356	Genie Energy Ltd.	2023-06-20	edgar/data/1528356/0000876661-23-000516.txt
25-NSE	1552740	FIRST TRUST EXCHANGE-TRADED FUND VI	2023-06-20	edgar/data/1552740/0001354457-23-000420.txt
25-NSE	1843862	Elliott Opportunity II Corp.	2023-06-20	edgar/data/1843862/0000876661-23-000509.txt
25-NSE	1884516	ROC Energy Acquisition Corp.	2023-06-20	edgar/data/1884516/0001354457-23-000421.txt
25-NSE	28823	DIEBOLD NIXDORF, Inc	2023-06-20	edgar/data/28823/0000876661-23-000511.txt
25-NSE	77159	Ranger Oil Corp	2023-06-20	edgar/data/77159/0001354457-23-000419.txt
25-NSE	876661	NEW YORK STOCK EXCHANGE LLC	2023-06-20	edgar/data/876661/0000876661-23-000509.txt
25-NSE	876661	NEW YORK STOCK EXCHANGE LLC	2023-06-20	edgar/data/876661/0000876661-23-000511.txt
25-NSE	876661	NEW YORK STOCK EXCHANGE LLC	2023-06-20	edgar/data/876661/0000876661-23-000516.txt
15-12G	1512927	China United Insurance Service, Inc.	2023-06-21	edgar/data/1512927/0001104659-23-073387.txt
15-12G	1836478	Beneficient Merger Sub II, LLC	2023-06-21	edgar/data/1836478/0001193125-23-171302.txt
15-12G	908255	BORGWARNER INC	2023-06-21	edgar/data/908255/0001104659-23-073334.txt
15-12G	1823854	Senior Connect Acquisition Corp. I	2023-06-22	edgar/data/1823854/0001213900-23-050631.txt
15-12G	1885754	Motive Capital Corp II	2023-06-22	edgar/data/1885754/0001104659-23-073761.txt
15-12G	825322	MPHASE TECHNOLOGIES, INC.	2023-06-22	edgar/data/825322/0001493152-23-022157.txt
25	1861121	EVe Mobility Acquisition Corp	2023-06-22	edgar/data/1861121/0001213900-23-050973.txt
25-NSE	1143313	NYSE AMERICAN LLC	2023-06-22	edgar/data/1143313/0001143313-23-000042.txt
25-NSE	1354457	Nasdaq Stock Market LLC	2023-06-22	edgar/data/1354457/0001354457-23-000423.txt
25-NSE	1354457	Nasdaq Stock Market LLC	2023-06-22	edgar/data/1354457/0001354457-23-000425.txt
25-NSE	1467808	Global Cord Blood Corp	2023-06-22	edgar/data/1467808/0000876661-23-000523.txt
25-NSE	1690947	HEXO Corp.	2023-06-22	edgar/data/1690947/0001354457-23-000425.txt
25-NSE	1815849	ATI Physical Therapy, Inc.	2023-06-22	edgar/data/1815849/0000876661-23-000527.txt
25-NSE	1842609	Jaws Juggernaut Acquisition Corp	2023-06-22	edgar/data/1842609/0001354457-23-000423.txt
25-NSE	1855168	Williams Rowland Acquisition Corp.	2023-06-22	edgar/data/1855168/0001143313-23-000042.txt
25-NSE	1858684	ST Energy Transition I Ltd.	2023-06-22	edgar/data/1858684/0000876661-23-000525.txt
25-NSE	876661	NEW YORK STOCK EXCHANGE LLC	2023-06-22	edgar/data/876661/0000876661-23-000523.txt
25-NSE	876661	NEW YORK STOCK EXCHANGE LLC	2023-06-22	edgar/data/876661/0000876661-23-000525.txt
25-NSE	876661	NEW YORK STOCK EXCHANGE LLC	2023-06-22	edgar/data/876661/0000876661-23-000527.txt
15-12G	1038133	HESKA CORP	2023-06-23	edgar/data/1038133/0001140361-23-031048.txt
15-12G	1159510	CREDIT SUISSE GROUP AG	2023-06-23	edgar/data/1159510/0001104659-23-073896.txt
15-12G	1852495	Jackson Acquisition Co	2023-06-23	edgar/data/1852495/0001140361-23-031160.txt
25	1355848	Genius Brands International, Inc.	2023-06-23	edgar/data/1355848/0001683168-23-004390.txt
25	846546	BONSO ELECTRONICS INTERNATIONAL INC	2023-06-23	edgar/data/846546/0001553350-23-000339.txt
25-NSE	1354457	Nasdaq Stock Market LLC	2023-06-23	edgar/data/1354457/0001354457-23-000426.txt
25-NSE	1838615	AlTi Global, Inc.	2023-06-23	edgar/data/1838615/0001354457-23-000426.txt
25-NSE	7084	Archer-Daniels-Midland Co	2023-06-23	edgar/data/7084/0000876661-23-000532.txt
25-NSE	876661	NEW YORK STOCK EXCHANGE LLC	2023-06-23	edgar/data/876661/0000876661-23-000530.txt
25-NSE	876661	NEW YORK STOCK EXCHANGE LLC	2023-06-23	edgar/data/876661/0000876661-23-000532.txt
25-NSE	96021	SYSCO CORP	2023-06-23	edgar/data/96021/0000876661-23-000530.txt
15-12G	1324272	Ruths Hospitality Group, Inc.	2023-06-26	edgar/data/1324272/0001193125-23-175062.txt
15-12G	1338065	DCP Midstream, LP	2023-06-26	edgar/data/1338065/0001193125-23-174715.txt
15-12G	1594555	HV Bancorp, Inc.	2023-06-26	edgar/data/1594555/0001193125-23-175227.txt
15-12G	1807594	Malacca Straits Acquisition Co Ltd	2023-06-26	edgar/data/1807594/0001213900-23-051687.txt
15-12G	1827075	CVENT HOLDING CORP.	2023-06-26	edgar/data/1827075/0001193125-23-175118.txt
15-12G	1848364	Logistics Innovation Technologies Corp.	2023-06-26	edgar/data/1848364/0001213900-23-051594.txt
15-12G	1849408	Zimmer Energy Transition Acquisition Corp.	2023-06-26	edgar/data/1849408/0001104659-23-074751.txt
15-12G	1870258	MELI Kaszek Pioneer Corp	2023-06-26	edgar/data/1870258/0001387131-23-007799.txt
25	1851908	Black Spade Acquisition Co	2023-06-26	edgar/data/1851908/0001193125-23-174412.txt
25-NSE	1143362	NYSE ARCA, INC.	2023-06-26	edgar/data/1143362/0001143362-23-000268.txt
25-NSE	1354457	Nasdaq Stock Market LLC	2023-06-26	edgar/data/1354457/0001354457-23-000428.txt
25-NSE	1354457	Nasdaq Stock Market LLC	2023-06-26	edgar/data/1354457/0001354457-23-000429.txt
25-NSE	1484018	Spinnaker ETF Series	2023-06-26	edgar/data/1484018/0001143362-23-000268.txt
25-NSE	1877333	TH International Ltd	2023-06-26	edgar/data/1877333/0001354457-23-000429.txt
25-NSE	844150	NatWest Group plc	2023-06-26	edgar/data/844150/0000876661-23-000535.txt
25-NSE	876661	NEW YORK STOCK EXCHANGE LLC	2023-06-26	edgar/data/876661/0000876661-23-000535.txt
25-NSE	891293	CTI BIOPHARMA CORP	2023-06-26	edgar/data/891293/0001354457-23-000428.txt
15-12G	1718852	Prometheus Biosciences, Inc.	2023-06-27	edgar/data/1718852/0000950142-23-001829.txt
15-12G	1856696	Ahren Acquisition Corp.	2023-06-27	edgar/data/1856696/0001213900-23-052174.txt
15-12G	1860482	Talon 1 Acquisition Corp	2023-06-27	edgar/data/1860482/0001193125-23-175941.txt
15-15D	1819876	Triterras, Inc.	2023-06-27	edgar/data/1819876/0001213900-23-051844.txt
25	1721181	HeadHunter Group PLC	2023-06-28	edgar/data/1721181/0001104659-23-075568.txt
25-NSE	1259942	BELLUS Health Inc.	2023-06-28	edgar/data/1259942/0001354457-23-000434.txt
25-NSE	1354457	Nasdaq Stock Market LLC	2023-06-28	edgar/data/1354457/0001354457-23-000432.txt
25-NSE	1354457	Nasdaq Stock Market LLC	2023-06-28	edgar/data/1354457/0001354457-23-000434.txt
25-NSE	1747748	Qualtrics International Inc.	2023-06-28	edgar/data/1747748/0001354457-23-000432.txt
25-NSE	38009	FORD MOTOR CREDIT CO LLC	2023-06-28	edgar/data/38009/0000876661-23-000542.txt
25-NSE	876661	NEW YORK STOCK EXCHANGE LLC	2023-06-28	edgar/data/876661/0000876661-23-000542.txt
15-12G	1078799	Marijuana Co of America, Inc.	2023-06-29	edgar/data/1078799/0001553350-23-000379.txt
15-12G	1853021	Metals Acquisition Corp	2023-06-29	edgar/data/1853021/0001104659-23-076067.txt
15-15D	1575190	GS Mortgage Securities Trust 2013-GCJ12	2023-06-29	edgar/data/1575190/0001888524-23-009197.txt
15-15D	1782479	Toyota Auto Receivables 2019-C Owner Trust	2023-06-29	edgar/data/1782479/0000929638-23-001867.txt
25-NSE	1037390	INDUS REALTY TRUST, INC.	2023-06-29	edgar/data/1037390/0001354457-23-000438.txt
25-NSE	1354457	Nasdaq Stock Market LLC	2023-06-29	edgar/data/1354457/0001354457-23-000438.txt
25-NSE	1354457	Nasdaq Stock Market LLC	2023-06-29	edgar/data/1354457/0001354457-23-000441.txt
25-NSE	1587982	Investment Managers Series Trust II	2023-06-29	edgar/data/1587982/0001354457-23-000441.txt
25-NSE	1725134	Digital Media Solutions, Inc.	2023-06-29	edgar/data/1725134/0000876661-23-000545.txt
25-NSE	876661	NEW YORK STOCK EXCHANGE LLC	2023-06-29	edgar/data/876661/0000876661-23-000545.txt
15-12G	1508381	Bionik Laboratories Corp.	2023-06-30	edgar/data/1508381/0001104659-23-077170.txt
15-12G	1596946	Quotient Ltd	2023-06-30	edgar/data/1596946/0001437749-23-018962.txt
15-12G	1843205	Jaws Hurricane Acquisition Corp	2023-06-30	edgar/data/1843205/0001213900-23-053554.txt
15-15D	1754388	AmeriCredit Automobile Receivables Trust 2018-3	2023-06-30	edgar/data/1754388/0001213900-23-053158.txt
25-NSE	1143362	NYSE ARCA, INC.	2023-06-30	edgar/data/1143362/0001143362-23-000275.txt
25-NSE	1143362	NYSE ARCA, INC.	2023-06-30	edgar/data/1143362/0001143362-23-000278.txt
25-NSE	1143362	NYSE ARCA, INC.	2023-06-30	edgar/data/1143362/0001143362-23-000279.txt
25-NSE	1354457	Nasdaq Stock Market LLC	2023-06-30	edgar/data/1354457/0001354457-23-000445.txt
25-NSE	1354457	Nasdaq Stock Market LLC	2023-06-30	edgar/data/1354457/0001354457-23-000446.txt
25-NSE	1354457	Nasdaq Stock Market LLC	2023-06-30	edgar/data/1354457/0001354457-23-000448.txt
25-NSE	1354457	Nasdaq Stock Market LLC	2023-06-30	edgar/data/1354457/0001354457-23-000449.txt
25-NSE	1408970	AdvisorShares Trust	2023-06-30	edgar/data/1408970/0001143362-23-000278.txt
25-NSE	1408970	AdvisorShares Trust	2023-06-30	edgar/data/1408970/0001143362-23-000279.txt
25-NSE	1564584	Nuveen Intermediate Duration Quality Municipal Term Fund	2023-06-30	edgar/data/1564584/0000876661-23-000549.txt
25-NSE	1742912	Tidal ETF Trust	2023-06-30	edgar/data/1742912/0001143362-23-000275.txt
25-NSE	1850271	Social Capital Suvretta Holdings Corp. II	2023-06-30	edgar/data/1850271/0001354457-23-000448.txt
25-NSE	1850272	Social Capital Suvretta Holdings Corp. IV	2023-06-30	edgar/data/1850272/0001354457-23-000449.txt
25-NSE	798354	FISERV INC	2023-06-30	edgar/data/798354/0001354457-23-000445.txt
25-NSE	855874	COMMUNITY FINANCIAL CORP /MD/	2023-06-30	edgar/data/855874/0001354457-23-000446.txt
25-NSE	876661	NEW YORK STOCK EXCHANGE LLC	2023-06-30	edgar/data/876661/0000876661-23-000549.txt
15-12G	1144834	CIL&D, LLC	2023-07-03	edgar/data/1144834/0001193125-23-181160.txt
15-12G	1690947	HEXO Corp.	2023-07-03	edgar/data/1690947/0001140361-23-032785.txt
15-12G	1842609	Jaws Juggernaut Acquisition Corp	2023-07-03	edgar/data/1842609/0001213900-23-053745.txt
15-12G	1858684	ST Energy Transition I Ltd.	2023-07-03	edgar/data/1858684/0001829126-23-004555.txt
25-NSE	1143362	NYSE ARCA, INC.	2023-07-03	edgar/data/1143362/0001143362-23-000281.txt
25-NSE	1354457	Nasdaq Stock Market LLC	2023-07-03	edgar/data/1354457/0001354457-23-000451.txt
25-NSE	1491978	FLEXSHARES TRUST	2023-07-03	edgar/data/1491978/0001143362-23-000281.txt
25-NSE	1814287	East Resources Acquisition Co	2023-07-03	edgar/data/1814287/0001354457-23-000451.txt
25-NSE	820318	COHERENT CORP.	2023-07-03	edgar/data/820318/0000876661-23-000552.txt
25-NSE	876661	NEW YORK STOCK EXCHANGE LLC	2023-07-03	edgar/data/876661/0000876661-23-000552.txt
25-NSE	876661	NEW YORK STOCK EXCHANGE LLC	2023-07-03	edgar/data/876661/0000876661-23-000554.txt
25-NSE	923571	US XPRESS ENTERPRISES INC	2023-07-03	edgar/data/923571/0000876661-23-000554.txt
25	882835	ROPER TECHNOLOGIES INC	2023-07-05	edgar/data/882835/0001193125-23-182011.txt
25-NSE	1143362	NYSE ARCA, INC.	2023-07-05	edgar/data/1143362/0001143362-23-000283.txt
25-NSE	1354457	Nasdaq Stock Market LLC	2023-07-05	edgar/data/1354457/0001354457-23-000453.txt
25-NSE	1816708	Owlet, Inc.	2023-07-05	edgar/data/1816708/0000876661-23-000558.txt
25-NSE	1831617	Diversey Holdings, Ltd.	2023-07-05	edgar/data/1831617/0001354457-23-000453.txt
25-NSE	1924868	Tidal Trust II	2023-07-05	edgar/data/1924868/0001143362-23-000283.txt
25-NSE	1928446	Granite Ridge Resources, Inc.	2023-07-05	edgar/data/1928446/0000876661-23-000557.txt
25-NSE	876661	NEW YORK STOCK EXCHANGE LLC	2023-07-05	edgar/data/876661/0000876661-23-000557.txt
25-NSE	876661	NEW YORK STOCK EXCHANGE LLC	2023-07-05	edgar/data/876661/0000876661-23-000558.txt
15-12G	1487198	ASPEN GROUP, INC.	2023-07-06	edgar/data/1487198/0001079973-23-000912.txt
15-12G	1722969	Nxu, Inc.	2023-07-06	edgar/data/1722969/0001214659-23-009305.txt
15-12G	891293	CTI BIOPHARMA CORP	2023-07-06	edgar/data/891293/0001193125-23-182785.txt
15-15D	1784326	BMW Vehicle Owner Trust 2019-A	2023-07-06	edgar/data/1784326/0000929638-23-001982.txt
25-NSE	1378872	Invesco Exchange-Traded Fund Trust II	2023-07-06	edgar/data/1378872/0001417835-23-000053.txt
25-NSE	1417835	Cboe BZX Exchange, Inc.	2023-07-06	edgar/data/1417835/0001417835-23-000053.txt
25-NSE	1417835	Cboe BZX Exchange, Inc.	2023-07-06	edgar/data/1417835/0001417835-23-000054.txt
25-NSE	1418144	INVESCO ACTIVELY MANAGED EXCHANGE-TRADED FUND TRUST	2023-07-06	edgar/data/1418144/0001417835-23-000054.txt
25-NSE	1852940	GoGreen Investments Corp	2023-07-06	edgar/data/1852940/0000876661-23-000567.txt
25-NSE	876661	NEW YORK STOCK EXCHANGE LLC	2023-07-06	edgar/data/876661/0000876661-23-000562.txt
25-NSE	876661	NEW YORK STOCK EXCHANGE LLC	2023-07-06	edgar/data/876661/0000876661-23-000567.txt
25-NSE	882184	HORTON D R INC /DE/	2023-07-06	edgar/data/882184/0000876661-23-000562.txt
15-12G	1326321	AEI Income & Growth Fund 26 LLC	2023-07-07	edgar/data/1326321/0001326321-23-000006.txt
15-12G	1518720	BIGtoken, Inc.	2023-07-07	edgar/data/1518720/0001213900-23-055558.txt
25-NSE	1166663	TSAKOS ENERGY NAVIGATION LTD	2023-07-07	edgar/data/1166663/0000876661-23-000572.txt
25-NSE	1354457	Nasdaq Stock Market LLC	2023-07-07	edgar/data/1354457/0001354457-23-000475.txt
25-NSE	1819253	biote Corp.	2023-07-07	edgar/data/1819253/0001354457-23-000475.txt
25-NSE	1819516	Wheels Up Experience Inc.	2023-07-07	edgar/data/1819516/0000876661-23-000570.txt
25-NSE	876661	NEW YORK STOCK EXCHANGE LLC	2023-07-07	edgar/data/876661/0000876661-23-000570.txt
25-NSE	876661	NEW YORK STOCK EXCHANGE LLC	2023-07-07	edgar/data/876661/0000876661-23-000572.txt
15-12G	1037390	INDUS REALTY TRUST, INC.	2023-07-10	edgar/data/1037390/0001193125-23-184436.txt
15-12G	1259942	BELLUS Health Inc.	2023-07-10	edgar/data/1259942/0001104659-23-079338.txt
15-12G	1747748	Qualtrics International Inc.	2023-07-10	edgar/data/1747748/0001628280-23-024643.txt
15-12G	855874	COMMUNITY FINANCIAL CORP /MD/	2023-07-10	edgar/data/855874/0001104659-23-079655.txt
15-15D	1837019	Ford Credit Auto Lease Trust 2021-A	2023-07-10	edgar/data/1837019/0001837019-23-000030.txt
15F-12B	1721181	HeadHunter Group PLC	2023-07-10	edgar/data/1721181/0001104659-23-079640.txt
25	1836379	VectivBio Holding AG	2023-07-10	edgar/data/1836379/0001193125-23-184214.txt
25-NSE	100716	UNICO AMERICAN CORP	2023-07-10	edgar/data/100716/0001354457-23-000489.txt
25-NSE	1076682	POLARITYTE, INC.	2023-07-10	edgar/data/1076682/0001354457-23-000490.txt
25-NSE	1169987	HTG MOLECULAR DIAGNOSTICS, INC	2023-07-10	edgar/data/1169987/0001354457-23-000488.txt
25-NSE	1300699	Athenex, Inc.	2023-07-10	edgar/data/1300699/0001354457-23-000482.txt
25-NSE	1354457	Nasdaq Stock Market LLC	2023-07-10	edgar/data/1354457/0001354457-23-000476.txt
25-NSE	1354457	Nasdaq Stock Market LLC	2023-07-10	edgar/data/1354457/0001354457-23-000477.txt
25-NSE	1354457	Nasdaq Stock Market LLC	2023-07-10	edgar/data/1354457/0001354457-23-000478.txt
25-NSE	1354457	Nasdaq Stock Market LLC	2023-07-10	edgar/data/1354457/0001354457-23-000479.txt
25-NSE	1354457	Nasdaq Stock Market LLC	2023-07-10	edgar/data/1354457/0001354457-23-000480.txt
25-NSE	1354457	Nasdaq Stock Market LLC	2023-07-10	edgar/data/1354457/0001354457-23-000481.txt
25-NSE	1354457	Nasdaq Stock Market LLC	2023-07-10	edgar/data/1354457/0001354457-23-000482.txt
25-NSE	1354457	Nasdaq Stock Market LLC	2023-07-10	edgar/data/1354457/0001354457-23-000483.txt
25-NSE	1354457	Nasdaq Stock Market LLC	2023-07-10	edgar/data/1354457/0001354457-23-000484.txt
25-NSE	1354457	Nasdaq Stock Market LLC	2023-07-10	edgar/data/1354457/0001354457-23-000485.txt
25-NSE	1354457	Nasdaq Stock Market LLC	2023-07-10	edgar/data/1354457/0001354457-23-000486.txt
25-NSE	1354457	Nasdaq Stock Market LLC	2023-07-10	edgar/data/1354457/0001354457-23-000487.txt
25-NSE	1354457	Nasdaq Stock Market LLC	2023-07-10	edgar/data/1354457/0001354457-23-000488.txt
25-NSE	1354457	Nasdaq Stock Market LLC	2023-07-10	edgar/data/1354457/0001354457-23-000489.txt
25-NSE	1354457	Nasdaq Stock Market LLC	2023-07-10	edgar/data/1354457/0001354457-23-000490.txt
25-NSE	1354457	Nasdaq Stock Market LLC	2023-07-10	edgar/data/1354457/0001354457-23-000491.txt
25-NSE	1354457	Nasdaq Stock Market LLC	2023-07-10	edgar/data/1354457/0001354457-23-000492.txt
25-NSE	1358403	BELLICUM PHARMACEUTICALS, INC	2023-07-10	edgar/data/1358403/0001354457-23-000485.txt
25-NSE	1444307	ONCOSEC MEDICAL Inc	2023-07-10	edgar/data/1444307/0001354457-23-000492.txt
25-NSE	1612875	GOLDMAN SACHS MLP & ENERGY RENAISSANCE FUND	2023-07-10	edgar/data/1612875/0000876661-23-000574.txt
25-NSE	1637890	Celyad Oncology SA	2023-07-10	edgar/data/1637890/0001354457-23-000480.txt
25-NSE	1671818	Oncorus, Inc.	2023-07-10	edgar/data/1671818/0001354457-23-000491.txt
25-NSE	1674365	Aptinyx Inc.	2023-07-10	edgar/data/1674365/0001354457-23-000481.txt
25-NSE	1698514	National Energy Services Reunited Corp.	2023-07-10	edgar/data/1698514/0001354457-23-000477.txt
25-NSE	1729089	Puhui Wealth Investment Management Co., Ltd.	2023-07-10	edgar/data/1729089/0001354457-23-000476.txt
25-NSE	1734768	IMV Inc.	2023-07-10	edgar/data/1734768/0001354457-23-000479.txt
25-NSE	1768910	Greencity Acquisition Corp	2023-07-10	edgar/data/1768910/0001354457-23-000483.txt
25-NSE	1794905	Cyxtera Technologies, Inc.	2023-07-10	edgar/data/1794905/0001354457-23-000487.txt
25-NSE	1839412	QualTek Services Inc.	2023-07-10	edgar/data/1839412/0001354457-23-000484.txt
25-NSE	1864448	Wejo Group Ltd	2023-07-10	edgar/data/1864448/0001354457-23-000486.txt
25-NSE	876661	NEW YORK STOCK EXCHANGE LLC	2023-07-10	edgar/data/876661/0000876661-23-000574.txt
25-NSE	886158	BED BATH & BEYOND INC	2023-07-10	edgar/data/886158/0001354457-23-000478.txt
15-12G	1466301	Clovis Oncology, Inc.	2023-07-11	edgar/data/1466301/0001193125-23-185198.txt
15-12G	1849280	G Squared Ascend II, Inc.	2023-07-11	edgar/data/1849280/0001104659-23-080028.txt
15-12G	1850271	Social Capital Suvretta Holdings Corp. II	2023-07-11	edgar/data/1850271/0001193125-23-185221.txt
15-12G	1850272	Social Capital Suvretta Holdings Corp. IV	2023-07-11	edgar/data/1850272/0001193125-23-185223.txt
15-12G	846546	BONSO ELECTRONICS INTERNATIONAL INC	2023-07-11	edgar/data/846546/0001079973-23-000935.txt
25-NSE	1143313	NYSE AMERICAN LLC	2023-07-11	edgar/data/1143313/0000876661-23-000581.txt
25-NSE	1143362	NYSE ARCA, INC.	2023-07-11	edgar/data/1143362/0001143362-23-000289.txt
25-NSE	1354457	Nasdaq Stock Market LLC	2023-07-11	edgar/data/1354457/0001354457-23-000493.txt
25-NSE	1410939	IVERIC bio, Inc.	2023-07-11	edgar/data/1410939/0001354457-23-000493.txt
25-NSE	1633061	Amplify ETF Trust	2023-07-11	edgar/data/1633061/0001143362-23-000289.txt
25-NSE	1842659	Corsair Partnering Corp	2023-07-11	edgar/data/1842659/0000876661-23-000579.txt
25-NSE	1843862	Elliott Opportunity II Corp.	2023-07-11	edgar/data/1843862/0000876661-23-000577.txt
25-NSE	1852767	Marti Technologies, Inc.	2023-07-11	edgar/data/1852767/0000876661-23-000581.txt
25-NSE	876661	NEW YORK STOCK EXCHANGE LLC	2023-07-11	edgar/data/876661/0000876661-23-000577.txt
25-NSE	876661	NEW YORK STOCK EXCHANGE LLC	2023-07-11	edgar/data/876661/0000876661-23-000579.txt
15-12G	922521	FALCONSTOR SOFTWARE INC	2023-07-12	edgar/data/922521/0000921895-23-001670.txt
25-NSE	1137360	VanEck ETF Trust	2023-07-12	edgar/data/1137360/0001417835-23-000058.txt
25-NSE	1354457	Nasdaq Stock Market LLC	2023-07-12	edgar/data/1354457/0001354457-23-000499.txt
25-NSE	1417835	Cboe BZX Exchange, Inc.	2023-07-12	edgar/data/1417835/0001417835-23-000058.txt
25-NSE	1859310	Minority Equality Opportunities Acquisition Inc.	2023-07-12	edgar/data/1859310/0001354457-23-000499.txt
15-12G	1119897	PCT LTD	2023-07-13	edgar/data/1119897/0001554795-23-000211.txt
15-12G	820318	COHERENT CORP.	2023-07-13	edgar/data/820318/0001193125-23-186292.txt
15-12G	923571	US XPRESS ENTERPRISES INC	2023-07-13	edgar/data/923571/0001008886-23-000183.txt
15-15D	1823672	World Omni Automobile Lease Securitization Trust 2020-B	2023-07-13	edgar/data/1823672/0001104659-23-080489.txt
25-NSE	1354457	Nasdaq Stock Market LLC	2023-07-13	edgar/data/1354457/0001354457-23-000502.txt
25-NSE	1598655	GasLog Partners LP	2023-07-13	edgar/data/1598655/0000876661-23-000583.txt
25-NSE	1821812	Stratim Cloud Acquisition Corp.	2023-07-13	edgar/data/1821812/0001354457-23-000502.txt
25-NSE	876661	NEW YORK STOCK EXCHANGE LLC	2023-07-13	edgar/data/876661/0000876661-23-000583.txt
15-12G	1553264	AQUA POWER SYSTEMS INC.	2023-07-14	edgar/data/1553264/0001683168-23-004864.txt
25-NSE	1354457	Nasdaq Stock Market LLC	2023-07-14	edgar/data/1354457/0001354457-23-000503.txt
25-NSE	1354457	Nasdaq Stock Market LLC	2023-07-14	edgar/data/1354457/0001354457-23-000504.txt
25-NSE	1354457	Nasdaq Stock Market LLC	2023-07-14	edgar/data/1354457/0001354457-23-000505.txt
25-NSE	1354457	Nasdaq Stock Market LLC	2023-07-14	edgar/data/1354457/0001354457-23-000506.txt
25-NSE	1364608	FIRST TRUST EXCHANGE-TRADED FUND II	2023-07-14	edgar/data/1364608/0001354457-23-000505.txt
25-NSE	1841144	Hawks Acquisition Corp	2023-07-14	edgar/data/1841144/0000876661-23-000585.txt
25-NSE	1842916	Forum Merger IV Corp	2023-07-14	edgar/data/1842916/0001354457-23-000504.txt
25-NSE	1842939	ALPHA HEALTHCARE ACQUISITION CORP III	2023-07-14	edgar/data/1842939/0001354457-23-000503.txt
25-NSE	1852432	ARYA Sciences Acquisition Corp V	2023-07-14	edgar/data/1852432/0001354457-23-000506.txt
25-NSE	876661	NEW YORK STOCK EXCHANGE LLC	2023-07-14	edgar/data/876661/0000876661-23-000585.txt
15-12G	1645260	TODOS MEDICAL LTD.	2023-07-17	edgar/data/1645260/0001493152-23-024677.txt
15-12G	1831617	Diversey Holdings, Ltd.	2023-07-17	edgar/data/1831617/0001104659-23-081623.txt
15-12G	1852940	GoGreen Investments Corp	2023-07-17	edgar/data/1852940/0001213900-23-057218.txt
15-15D	1816906	Gaming Technologies, Inc.	2023-07-17	edgar/data/1816906/0001683168-23-004953.txt
25	1838987	Freedom Acquisition I Corp.	2023-07-17	edgar/data/1838987/0001193125-23-188103.txt
25	798354	FISERV INC	2023-07-17	edgar/data/798354/0001193125-23-188094.txt
25-NSE	1143362	NYSE ARCA, INC.	2023-07-17	edgar/data/1143362/0001143362-23-000296.txt
25-NSE	1354457	Nasdaq Stock Market LLC	2023-07-17	edgar/data/1354457/0001354457-23-000507.txt
25-NSE	1354457	Nasdaq Stock Market LLC	2023-07-17	edgar/data/1354457/0001354457-23-000508.txt
25-NSE	1467831	ETF Managers Trust	2023-07-17	edgar/data/1467831/0001143362-23-000296.txt
25-NSE	1550603	MALVERN BANCORP, INC.	2023-07-17	edgar/data/1550603/0001354457-23-000507.txt
25-NSE	1866390	Babylon Holdings Ltd	2023-07-17	edgar/data/1866390/0000876661-23-000587.txt
25-NSE	876661	NEW YORK STOCK EXCHANGE LLC	2023-07-17	edgar/data/876661/0000876661-23-000587.txt
25-NSE	927355	TESSCO TECHNOLOGIES INC	2023-07-17	edgar/data/927355/0001354457-23-000508.txt
25-NSE	1143362	NYSE ARCA, INC.	2023-07-18	edgar/data/1143362/0001143362-23-000300.txt
25-NSE	1354457	Nasdaq Stock Market LLC	2023-07-18	edgar/data/1354457/0001354457-23-000512.txt
25-NSE	1491978	FLEXSHARES TRUST	2023-07-18	edgar/data/1491978/0001143362-23-000300.txt
25-NSE	1560385	Liberty Media Corp	2023-07-18	edgar/data/1560385/0001354457-23-000512.txt
15-12G	1868079	Predictmedix Inc.	2023-07-19	edgar/data/1868079/0001062993-23-015072.txt
25-NSE	1354457	Nasdaq Stock Market LLC	2023-07-19	edgar/data/1354457/0001354457-23-000513.txt
25-NSE	1354457	Nasdaq Stock Market LLC	2023-07-19	edgar/data/1354457/0001354457-23-000514.txt
25-NSE	1604477	SQZ Biotechnologies Co	2023-07-19	edgar/data/1604477/0000876661-23-000590.txt
25-NSE	1618500	Medigus Ltd.	2023-07-19	edgar/data/1618500/0001354457-23-000513.txt
25-NSE	1853920	Viscogliosi Brothers Acquisition Corp	2023-07-19	edgar/data/1853920/0001354457-23-000514.txt
25-NSE	876661	NEW YORK STOCK EXCHANGE LLC	2023-07-19	edgar/data/876661/0000876661-23-000590.txt
15-12G	1730346	Charah Solutions, Inc.	2023-07-20	edgar/data/1730346/0001140361-23-035327.txt
15-12G	1839412	QualTek Services Inc.	2023-07-20	edgar/data/1839412/0001104659-23-082778.txt
15-12G	77159	BAYTEX ENERGY USA, INC.	2023-07-20	edgar/data/77159/0001104659-23-082466.txt
15-12G	886093	NUNZIA PHARMACEUTICAL Co	2023-07-20	edgar/data/886093/0001683168-23-005014.txt
15-15D	1785489	Ally Auto Receivables Trust 2019-3	2023-07-20	edgar/data/1785489/0001785489-23-000048.txt
15-15D	1793667	Ally Auto Receivables Trust 2019-4	2023-07-20	edgar/data/1793667/0001793667-23-000050.txt
15-15D	1839412	QualTek Services Inc.	2023-07-20	edgar/data/1839412/0001104659-23-082779.txt
15-15D	1925541	QualTek Wireline LLC	2023-07-20	edgar/data/1925541/0001104659-23-082779.txt
15-15D	1925549	QualTek MidCo, LLC	2023-07-20	edgar/data/1925549/0001104659-23-082779.txt
15-15D	1925561	QualTek Recovery Logistics LLC	2023-07-20	edgar/data/1925561/0001104659-23-082779.txt
15-15D	1925597	QualTek Renewables LLC	2023-07-20	edgar/data/1925597/0001104659-23-082779.txt
15-15D	1925605	QualTek Wireless LLC	2023-07-20	edgar/data/1925605/0001104659-23-082779.txt
15-15D	1925606	Site Safe, LLC	2023-07-20	edgar/data/1925606/0001104659-23-082779.txt
15-15D	1925647	QualTek Management, LLC	2023-07-20	edgar/data/1925647/0001104659-23-082779.txt
15-15D	1925814	QualTek LLC	2023-07-20	edgar/data/1925814/0001104659-23-082779.txt
15-15D	1925905	QualTek Fulfillment LLC	2023-07-20	edgar/data/1925905/0001104659-23-082779.txt
15-15D	1925913	QualTek Buyer, LLC	2023-07-20	edgar/data/1925913/0001104659-23-082779.txt
15-15D	1925957	QualSat, LLC	2023-07-20	edgar/data/1925957/0001104659-23-082779.txt
15-15D	1925963	NX Utilities ULC	2023-07-20	edgar/data/1925963/0001104659-23-082779.txt
15-15D	1925983	Concurrent Group LLC	2023-07-20	edgar/data/1925983/0001104659-23-082779.txt
15-15D	1925989	AdvanTek Electrical Construction, LLC	2023-07-20	edgar/data/1925989/0001104659-23-082779.txt
25-NSE	1354457	Nasdaq Stock Market LLC	2023-07-20	edgar/data/1354457/0001354457-23-000515.txt
25-NSE	1354457	Nasdaq Stock Market LLC	2023-07-20	edgar/data/1354457/0001354457-23-000518.txt
25-NSE	1417835	Cboe BZX Exchange, Inc.	2023-07-20	edgar/data/1417835/0001417835-23-000062.txt
25-NSE	1824734	Berkshire Grey, Inc.	2023-07-20	edgar/data/1824734/0001354457-23-000515.txt
25-NSE	1914404	Emerge ETF Trust	2023-07-20	edgar/data/1914404/0001417835-23-000062.txt
25-NSE	1918661	ESH Acquisition Corp.	2023-07-20	edgar/data/1918661/0001354457-23-000518.txt
25-NSE	876661	NEW YORK STOCK EXCHANGE LLC	2023-07-20	edgar/data/876661/0000876661-23-000592.txt
25-NSE	944314	LIFE STORAGE, INC.	2023-07-20	edgar/data/944314/0000876661-23-000592.txt
15-12G	1410939	IVERIC bio, Inc.	2023-07-21	edgar/data/1410939/0001104659-23-082897.txt
15-12G	1842659	Corsair Partnering Corp	2023-07-21	edgar/data/1842659/0000950103-23-010611.txt
15-12G	1843862	Elliott Opportunity II Corp.	2023-07-21	edgar/data/1843862/0001193125-23-191232.txt
25	1837607	Priveterra Acquisition Corp.	2023-07-21	edgar/data/1837607/0001104659-23-082989.txt
25-NSE	1143362	NYSE ARCA, INC.	2023-07-21	edgar/data/1143362/0001143362-23-000303.txt
25-NSE	1354457	Nasdaq Stock Market LLC	2023-07-21	edgar/data/1354457/0001354457-23-000519.txt
25-NSE	1354457	Nasdaq Stock Market LLC	2023-07-21	edgar/data/1354457/0001354457-23-000520.txt
25-NSE	1667919	FIRST TRUST EXCHANGE-TRADED FUND VIII	2023-07-21	edgar/data/1667919/0001143362-23-000303.txt
25-NSE	1835800	Pivotal Investment Corp III	2023-07-21	edgar/data/1835800/0000876661-23-000596.txt
25-NSE	1837248	Sustainable Development Acquisition I Corp.	2023-07-21	edgar/data/1837248/0001354457-23-000520.txt
25-NSE	1867752	Cian PLC	2023-07-21	edgar/data/1867752/0000876661-23-000594.txt
25-NSE	1870925	Enterprise 4.0 Technology Acquisition Corp	2023-07-21	edgar/data/1870925/0001354457-23-000519.txt
25-NSE	876661	NEW YORK STOCK EXCHANGE LLC	2023-07-21	edgar/data/876661/0000876661-23-000594.txt
25-NSE	876661	NEW YORK STOCK EXCHANGE LLC	2023-07-21	edgar/data/876661/0000876661-23-000596.txt
15-12G	1598655	GasLog Partners LP	2023-07-24	edgar/data/1598655/0000950157-23-000790.txt
15-12G	1821812	Stratim Cloud Acquisition Corp.	2023-07-24	edgar/data/1821812/0001213900-23-059268.txt
15-12G	1841144	Hawks Acquisition Corp	2023-07-24	edgar/data/1841144/0000950142-23-002085.txt
15-12G	1842916	Forum Merger IV Corp	2023-07-24	edgar/data/1842916/0001213900-23-059210.txt
15-15D	1796705	Verizon Owner Trust 2020-A	2023-07-24	edgar/data/1796705/0000929638-23-002059.txt
25-NSE	1143362	NYSE ARCA, INC.	2023-07-24	edgar/data/1143362/0001143362-23-000306.txt
25-NSE	1354457	Nasdaq Stock Market LLC	2023-07-24	edgar/data/1354457/0001354457-23-000521.txt
25-NSE	1467831	ETF Managers Trust	2023-07-24	edgar/data/1467831/0001143362-23-000306.txt
25-NSE	1822691	GreenLight Biosciences Holdings, PBC	2023-07-24	edgar/data/1822691/0001354457-23-000521.txt
25-NSE	1847064	PSQ Holdings, Inc.	2023-07-24	edgar/data/1847064/0000876661-23-000598.txt
25-NSE	876661	NEW YORK STOCK EXCHANGE LLC	2023-07-24	edgar/data/876661/0000876661-23-000598.txt
15-12G	1084577	CYREN Ltd.	2023-07-25	edgar/data/1084577/0001213900-23-059419.txt
15-12G	1532595	Sincerity Applied Materials Holdings Corp.	2023-07-25	edgar/data/1532595/0001532595-23-000005.txt
15-12G	1836379	VectivBio Holding AG	2023-07-25	edgar/data/1836379/0001193125-23-192440.txt
15-15D	1835747	Mercedes-Benz Auto Lease Trust 2021-A	2023-07-25	edgar/data/1835747/0000905148-23-000498.txt
25-NSE	1143362	NYSE ARCA, INC.	2023-07-25	edgar/data/1143362/0001143362-23-000310.txt
25-NSE	1354457	Nasdaq Stock Market LLC	2023-07-25	edgar/data/1354457/0001354457-23-000535.txt
25-NSE	1728860	Natixis ETF Trust II	2023-07-25	edgar/data/1728860/0001143362-23-000310.txt
25-NSE	1845618	Bilander Acquisition Corp.	2023-07-25	edgar/data/1845618/0001354457-23-000535.txt
15-12G	1499684	Qiansui International Group Co. Ltd.	2023-07-26	edgar/data/1499684/0001640334-23-001364.txt
15-15D	1787304	GM Financial Consumer Automobile Receivables Trust 2019-4	2023-07-26	edgar/data/1787304/0001213900-23-059819.txt
25-NSE	1354457	Nasdaq Stock Market LLC	2023-07-26	edgar/data/1354457/0001354457-23-000537.txt
25-NSE	1722438	Doma Holdings, Inc.	2023-07-26	edgar/data/1722438/0000876661-23-000603.txt
25-NSE	1842384	Belong Acquisition Corp.	2023-07-26	edgar/data/1842384/0001354457-23-000537.txt
25-NSE	876661	NEW YORK STOCK EXCHANGE LLC	2023-07-26	edgar/data/876661/0000876661-23-000603.txt
15-12G	1550603	MALVERN BANCORP, INC.	2023-07-27	edgar/data/1550603/0001437749-23-020808.txt
15-12G	927355	TESSCO TECHNOLOGIES INC	2023-07-27	edgar/data/927355/0001104659-23-084791.txt
15-15D	1799186	Honda Auto Receivables 2020-1 Owner Trust	2023-07-27	edgar/data/1799186/0001104659-23-084666.txt
25	1777946	IronNet, Inc.	2023-07-27	edgar/data/1777946/0001193125-23-196126.txt
25	1882198	Athena Technology Acquisition Corp. II	2023-07-27	edgar/data/1882198/0001213900-23-060281.txt
25-NSE	1071058	ABSOLUTE SOFTWARE CORP	2023-07-27	edgar/data/1071058/0001354457-23-000546.txt
25-NSE	1354457	Nasdaq Stock Market LLC	2023-07-27	edgar/data/1354457/0001354457-23-000538.txt
25-NSE	1354457	Nasdaq Stock Market LLC	2023-07-27	edgar/data/1354457/0001354457-23-000539.txt
25-NSE	1354457	Nasdaq Stock Market LLC	2023-07-27	edgar/data/1354457/0001354457-23-000540.txt
25-NSE	1354457	Nasdaq Stock Market LLC	2023-07-27	edgar/data/1354457/0001354457-23-000541.txt
25-NSE	1354457	Nasdaq Stock Market LLC	2023-07-27	edgar/data/1354457/0001354457-23-000542.txt
25-NSE	1354457	Nasdaq Stock Market LLC	2023-07-27	edgar/data/1354457/0001354457-23-000543.txt
25-NSE	1354457	Nasdaq Stock Market LLC	2023-07-27	edgar/data/1354457/0001354457-23-000544.txt
25-NSE	1354457	Nasdaq Stock Market LLC	2023-07-27	edgar/data/1354457/0001354457-23-000545.txt
25-NSE	1354457	Nasdaq Stock Market LLC	2023-07-27	edgar/data/1354457/0001354457-23-000546.txt
25-NSE	1354457	Nasdaq Stock Market LLC	2023-07-27	edgar/data/1354457/0001354457-23-000547.txt
25-NSE	1513525	ADIAL PHARMACEUTICALS, INC.	2023-07-27	edgar/data/1513525/0001354457-23-000547.txt
25-NSE	1566469	NantHealth, Inc.	2023-07-27	edgar/data/1566469/0001354457-23-000538.txt
25-NSE	1741231	Tattooed Chef, Inc.	2023-07-27	edgar/data/1741231/0001354457-23-000543.txt
25-NSE	1759546	Lordstown Motors Corp.	2023-07-27	edgar/data/1759546/0001354457-23-000539.txt
25-NSE	1760173	SURGALIGN HOLDINGS, INC.	2023-07-27	edgar/data/1760173/0001354457-23-000545.txt
25-NSE	1821146	Better World Acquisition Corp.	2023-07-27	edgar/data/1821146/0001354457-23-000542.txt
25-NSE	1851230	Crescera Capital Acquisition Corp.	2023-07-27	edgar/data/1851230/0001354457-23-000541.txt
25-NSE	1882607	ALPINE SUMMIT ENERGY PARTNERS, INC.	2023-07-27	edgar/data/1882607/0001354457-23-000544.txt
25-NSE	870826	iMedia Brands, Inc.	2023-07-27	edgar/data/870826/0001354457-23-000540.txt
15-12G	1666384	AG Twin Brook BDC, Inc.	2023-07-28	edgar/data/1666384/0001666384-23-000046.txt
15-12G	1852432	ARYA Sciences Acquisition Corp V	2023-07-28	edgar/data/1852432/0001140361-23-036784.txt
25-NSE	1143362	NYSE ARCA, INC.	2023-07-28	edgar/data/1143362/0001143362-23-000313.txt
25-NSE	1143362	NYSE ARCA, INC.	2023-07-28	edgar/data/1143362/0001143362-23-000314.txt
25-NSE	1143362	NYSE ARCA, INC.	2023-07-28	edgar/data/1143362/0001143362-23-000317.txt
25-NSE	1354457	Nasdaq Stock Market LLC	2023-07-28	edgar/data/1354457/0001354457-23-000548.txt
25-NSE	1414040	ALPS ETF Trust	2023-07-28	edgar/data/1414040/0001143362-23-000313.txt
25-NSE	1452937	EXCHANGE TRADED CONCEPTS TRUST	2023-07-28	edgar/data/1452937/0001143362-23-000314.txt
25-NSE	1719812	Collaborative Investment Series Trust	2023-07-28	edgar/data/1719812/0001143362-23-000317.txt
25-NSE	1863294	DA32 Life Science Tech Acquisition Corp.	2023-07-28	edgar/data/1863294/0001354457-23-000548.txt
25-NSE	40888	AEROJET ROCKETDYNE HOLDINGS, INC.	2023-07-28	edgar/data/40888/0000876661-23-000609.txt
25-NSE	876661	NEW YORK STOCK EXCHANGE LLC	2023-07-28	edgar/data/876661/0000876661-23-000609.txt
15-12G	1060224	LIFE STORAGE LP	2023-07-31	edgar/data/1060224/0001193125-23-199257.txt
15-12G	1060224	LIFE STORAGE LP	2023-07-31	edgar/data/1060224/0001193125-23-199331.txt
15-12G	1824734	Berkshire Grey, Inc.	2023-07-31	edgar/data/1824734/0001140361-23-036905.txt
15-12G	1870925	Enterprise 4.0 Technology Acquisition Corp	2023-07-31	edgar/data/1870925/0001193125-23-199138.txt
15-12G	944314	LIFE STORAGE, INC.	2023-07-31	edgar/data/944314/0001193125-23-199265.txt
15-12G	944314	LIFE STORAGE, INC.	2023-07-31	edgar/data/944314/0001193125-23-199368.txt
25	1501078	Oconee Federal Financial Corp.	2023-07-31	edgar/data/1501078/0001387131-23-009097.txt
25	1784851	Shapeways Holdings, Inc.	2023-07-31	edgar/data/1784851/0001628280-23-026240.txt
25	1824036	IDEX Biometrics ASA	2023-07-31	edgar/data/1824036/0001193125-23-198633.txt
25-NSE	1093428	NUVEEN SENIOR INCOME FUND	2023-07-31	edgar/data/1093428/0000876661-23-000619.txt
25-NSE	1143362	NYSE ARCA, INC.	2023-07-31	edgar/data/1143362/0001143362-23-000320.txt
25-NSE	1289213	Nuveen Floating Rate Income Opportunity Fund	2023-07-31	edgar/data/1289213/0000876661-23-000617.txt
25-NSE	1509253	Nuveen Short Duration Credit Opportunities Fund	2023-07-31	edgar/data/1509253/0000876661-23-000618.txt
25-NSE	1683471	Listed Funds Trust	2023-07-31	edgar/data/1683471/0001143362-23-000320.txt
25-NSE	876661	NEW YORK STOCK EXCHANGE LLC	2023-07-31	edgar/data/876661/0000876661-23-000612.txt
25-NSE	876661	NEW YORK STOCK EXCHANGE LLC	2023-07-31	edgar/data/876661/0000876661-23-000617.txt
25-NSE	876661	NEW YORK STOCK EXCHANGE LLC	2023-07-31	edgar/data/876661/0000876661-23-000618.txt
25-NSE	876661	NEW YORK STOCK EXCHANGE LLC	2023-07-31	edgar/data/876661/0000876661-23-000619.txt
25-NSE	98222	TIDEWATER INC	2023-07-31	edgar/data/98222/0000876661-23-000612.txt
15-12G	1102432	VIKING ENERGY GROUP, INC.	2023-08-01	edgar/data/1102432/0001477932-23-005663.txt
15-12G	1302084	NextSource Materials Inc.	2023-08-01	edgar/data/1302084/0001654954-23-009937.txt
15-12G	1837248	Sustainable Development Acquisition I Corp.	2023-08-01	edgar/data/1837248/0001193125-23-199629.txt
15-15D	1837523	GM Financial Automobile Leasing Trust 2021-1	2023-08-01	edgar/data/1837523/0001213900-23-061625.txt
25-NSE	1136294	Williams Industrial Services Group Inc.	2023-08-01	edgar/data/1136294/0001143313-23-000048.txt
25-NSE	1143313	NYSE AMERICAN LLC	2023-08-01	edgar/data/1143313/0001143313-23-000048.txt
25-NSE	1354457	Nasdaq Stock Market LLC	2023-08-01	edgar/data/1354457/0001354457-23-000557.txt
25-NSE	1354457	Nasdaq Stock Market LLC	2023-08-01	edgar/data/1354457/0001354457-23-000558.txt
25-NSE	1354457	Nasdaq Stock Market LLC	2023-08-01	edgar/data/1354457/0001354457-23-000559.txt
25-NSE	1417835	Cboe BZX Exchange, Inc.	2023-08-01	edgar/data/1417835/0001417835-23-000067.txt
25-NSE	1494319	Univar Solutions Inc.	2023-08-01	edgar/data/1494319/0000876661-23-000621.txt
25-NSE	1501825	Hartford Funds Exchange-Traded Trust	2023-08-01	edgar/data/1501825/0001417835-23-000067.txt
25-NSE	1827871	Electriq Power Holdings, Inc.	2023-08-01	edgar/data/1827871/0000876661-23-000624.txt
25-NSE	1830197	Home Point Capital Inc.	2023-08-01	edgar/data/1830197/0001354457-23-000558.txt
25-NSE	1865482	Reunion Neuroscience Inc.	2023-08-01	edgar/data/1865482/0001354457-23-000559.txt
25-NSE	831547	SPECTRUM PHARMACEUTICALS INC	2023-08-01	edgar/data/831547/0001354457-23-000557.txt
25-NSE	876661	NEW YORK STOCK EXCHANGE LLC	2023-08-01	edgar/data/876661/0000876661-23-000621.txt
25-NSE	876661	NEW YORK STOCK EXCHANGE LLC	2023-08-01	edgar/data/876661/0000876661-23-000624.txt
15-12G	1843388	Virgin Orbit Holdings, Inc.	2023-08-02	edgar/data/1843388/0001628280-23-026790.txt
25-NSE	1354457	Nasdaq Stock Market LLC	2023-08-02	edgar/data/1354457/0001354457-23-000560.txt
25-NSE	1827980	Embark Technology, Inc.	2023-08-02	edgar/data/1827980/0001354457-23-000560.txt
25-NSE	1828608	Compute Health Acquisition Corp.	2023-08-02	edgar/data/1828608/0000876661-23-000626.txt
25-NSE	1830795	Quantum FinTech Acquisition Corp	2023-08-02	edgar/data/1830795/0000876661-23-000628.txt
25-NSE	876661	NEW YORK STOCK EXCHANGE LLC	2023-08-02	edgar/data/876661/0000876661-23-000626.txt
25-NSE	876661	NEW YORK STOCK EXCHANGE LLC	2023-08-02	edgar/data/876661/0000876661-23-000628.txt
15-12G	1671818	Oncorus, Inc.	2023-08-03	edgar/data/1671818/0001193125-23-202970.txt
15-15D	1845317	BMW Vehicle Lease Trust 2021-1	2023-08-03	edgar/data/1845317/0000929638-23-002177.txt
25-NSE	1354457	Nasdaq Stock Market LLC	2023-08-03	edgar/data/1354457/0001354457-23-000562.txt
25-NSE	1354457	Nasdaq Stock Market LLC	2023-08-03	edgar/data/1354457/0001354457-23-000563.txt
25-NSE	1354457	Nasdaq Stock Market LLC	2023-08-03	edgar/data/1354457/0001354457-23-000564.txt
25-NSE	1560385	Liberty Media Corp	2023-08-03	edgar/data/1560385/0001354457-23-000564.txt
25-NSE	1823826	Aequi Acquisition Corp.	2023-08-03	edgar/data/1823826/0001354457-23-000562.txt
25-NSE	1850529	Heartland Media Acquisition Corp.	2023-08-03	edgar/data/1850529/0000876661-23-000630.txt
25-NSE	1853112	Genesis Unicorn Capital Corp.	2023-08-03	edgar/data/1853112/0001354457-23-000563.txt
25-NSE	876661	NEW YORK STOCK EXCHANGE LLC	2023-08-03	edgar/data/876661/0000876661-23-000630.txt
15-12G	1845618	Bilander Acquisition Corp.	2023-08-04	edgar/data/1845618/0001213900-23-063202.txt
25-NSE	1143313	NYSE AMERICAN LLC	2023-08-04	edgar/data/1143313/0001143313-23-000052.txt
25-NSE	1354457	Nasdaq Stock Market LLC	2023-08-04	edgar/data/1354457/0001354457-23-000566.txt
25-NSE	1854863	Blue Whale Acquisition Corp I	2023-08-04	edgar/data/1854863/0001354457-23-000566.txt
25-NSE	878828	WIRELESS TELECOM GROUP INC	2023-08-04	edgar/data/878828/0001143313-23-000052.txt
15-12G	1071058	ABSOLUTE SOFTWARE CORP	2023-08-07	edgar/data/1071058/0001193125-23-204723.txt
15-12G	1821146	Better World Acquisition Corp.	2023-08-07	edgar/data/1821146/0001213900-23-063848.txt
15-12G	40888	AEROJET ROCKETDYNE HOLDINGS, INC.	2023-08-07	edgar/data/40888/0001193125-23-204864.txt
25	1540305	ETF Series Solutions	2023-08-07	edgar/data/1540305/0000894189-23-005426.txt
25-NSE	1354457	Nasdaq Stock Market LLC	2023-08-07	edgar/data/1354457/0001354457-23-000567.txt
25-NSE	1444406	ECOPETROL S.A.	2023-08-07	edgar/data/1444406/0000876661-23-000632.txt
25-NSE	1606457	Atento S.A.	2023-08-07	edgar/data/1606457/0000876661-23-000640.txt
25-NSE	77877	PDC ENERGY, INC.	2023-08-07	edgar/data/77877/0001354457-23-000567.txt
25-NSE	876661	NEW YORK STOCK EXCHANGE LLC	2023-08-07	edgar/data/876661/0000876661-23-000632.txt
25-NSE	876661	NEW YORK STOCK EXCHANGE LLC	2023-08-07	edgar/data/876661/0000876661-23-000640.txt
15-12G	1424844	SOUTHWEST IOWA RENEWABLE ENERGY, LLC	2023-08-08	edgar/data/1424844/0001140361-23-038542.txt
15-12G	1863294	DA32 Life Science Tech Acquisition Corp.	2023-08-08	edgar/data/1863294/0001193125-23-205131.txt
15-15D	1882607	ALPINE SUMMIT ENERGY PARTNERS, INC.	2023-08-08	edgar/data/1882607/0001062993-23-015942.txt
15-12G	1381507	LIMEADE, INC	2023-08-09	edgar/data/1381507/0001381507-23-000048.txt
15-12G	8868	AVON PRODUCTS INC	2023-08-09	edgar/data/8868/0000950103-23-011780.txt
15-15D	1571238	UBS-Barclays Commercial Mortgage Trust 2013-C6	2023-08-09	edgar/data/1571238/0001853620-23-000247.txt
25-NSE	1354457	Nasdaq Stock Market LLC	2023-08-09	edgar/data/1354457/0001354457-23-000569.txt
25-NSE	1645569	DICE Therapeutics, Inc.	2023-08-09	edgar/data/1645569/0001354457-23-000569.txt
15-12G	1501078	Oconee Federal Financial Corp.	2023-08-10	edgar/data/1501078/0001387131-23-009534.txt
15F-12B	1824036	IDEX Biometrics ASA	2023-08-10	edgar/data/1824036/0001193125-23-209198.txt
25-NSE	1143362	NYSE ARCA, INC.	2023-08-10	edgar/data/1143362/0001143362-23-000327.txt
25-NSE	1199046	UNIFIED SERIES TRUST	2023-08-10	edgar/data/1199046/0001143362-23-000327.txt
25-NSE	1354457	Nasdaq Stock Market LLC	2023-08-10	edgar/data/1354457/0001354457-23-000571.txt
25-NSE	1354457	Nasdaq Stock Market LLC	2023-08-10	edgar/data/1354457/0001354457-23-000572.txt
25-NSE	1826667	MedTech Acquisition Corp	2023-08-10	edgar/data/1826667/0001354457-23-000571.txt
25-NSE	1861622	Oxbridge Acquisition Corp.	2023-08-10	edgar/data/1861622/0001354457-23-000572.txt
15-12G	1076682	POLARITYTE, INC.	2023-08-11	edgar/data/1076682/0001493152-23-027870.txt
15-12G	1494319	Univar Solutions Inc.	2023-08-11	edgar/data/1494319/0000950142-23-002209.txt
15-12G	1822691	GreenLight Biosciences Holdings, PBC	2023-08-11	edgar/data/1822691/0001193125-23-209927.txt
15-12G	1830197	Home Point Capital Inc.	2023-08-11	edgar/data/1830197/0001140361-23-039193.txt
15-12G	1849011	Apeiron Capital Investment Corp.	2023-08-11	edgar/data/1849011/0001104659-23-090572.txt
25	1830795	Quantum FinTech Acquisition Corp	2023-08-11	edgar/data/1830795/0001213900-23-066232.txt
25-NSE	1354457	Nasdaq Stock Market LLC	2023-08-11	edgar/data/1354457/0001354457-23-000573.txt
25-NSE	1354457	Nasdaq Stock Market LLC	2023-08-11	edgar/data/1354457/0001354457-23-000574.txt
25-NSE	1354457	Nasdaq Stock Market LLC	2023-08-11	edgar/data/1354457/0001354457-23-000575.txt
25-NSE	1354457	Nasdaq Stock Market LLC	2023-08-11	edgar/data/1354457/0001354457-23-000576.txt
25-NSE	1354457	Nasdaq Stock Market LLC	2023-08-11	edgar/data/1354457/0001354457-23-000577.txt
25-NSE	1435049	CHINOOK THERAPEUTICS, INC.	2023-08-11	edgar/data/1435049/0001354457-23-000573.txt
25-NSE	1552740	FIRST TRUST EXCHANGE-TRADED FUND VI	2023-08-11	edgar/data/1552740/0001354457-23-000576.txt
25-NSE	1637736	ELECTRAMECCANICA VEHICLES CORP.	2023-08-11	edgar/data/1637736/0001354457-23-000575.txt
25-NSE	1821323	Sigilon Therapeutics, Inc.	2023-08-11	edgar/data/1821323/0001354457-23-000574.txt
25-NSE	1841137	Conyers Park III Acquisition Corp.	2023-08-11	edgar/data/1841137/0001354457-23-000577.txt
15-12G	1823826	Aequi Acquisition Corp.	2023-08-14	edgar/data/1823826/0001213900-23-066409.txt
15-12G	1827980	Embark Technology, Inc.	2023-08-14	edgar/data/1827980/0001104659-23-091051.txt
15-12G	1828608	Compute Health Acquisition Corp.	2023-08-14	edgar/data/1828608/0001193125-23-212448.txt
15-12G	1842384	Belong Acquisition Corp.	2023-08-14	edgar/data/1842384/0001213900-23-066974.txt
15-12G	1850529	Heartland Media Acquisition Corp.	2023-08-14	edgar/data/1850529/0001140361-23-039356.txt
15-12G	1854863	Blue Whale Acquisition Corp I	2023-08-14	edgar/data/1854863/0001829126-23-005384.txt
15-12G	1895251	Sustainable Green Team, Ltd.	2023-08-14	edgar/data/1895251/0001493152-23-028674.txt
15-12G	1966787	Gold Quantum Group, Inc.	2023-08-14	edgar/data/1966787/0001575872-23-001309.txt
15-12G	707511	REGENERX BIOPHARMACEUTICALS INC	2023-08-14	edgar/data/707511/0001104659-23-091294.txt
15-12G	878828	WIRELESS TELECOM GROUP INC	2023-08-14	edgar/data/878828/0001493152-23-028079.txt
25	1734875	Mid-Southern Bancorp, Inc.	2023-08-14	edgar/data/1734875/0001104659-23-091059.txt
25-NSE	1060219	SALISBURY BANCORP, INC.	2023-08-14	edgar/data/1060219/0001354457-23-000578.txt
25-NSE	10795	BECTON DICKINSON & CO	2023-08-14	edgar/data/10795/0000876661-23-000647.txt
25-NSE	1143313	NYSE AMERICAN LLC	2023-08-14	edgar/data/1143313/0001143313-23-000055.txt
25-NSE	1354457	Nasdaq Stock Market LLC	2023-08-14	edgar/data/1354457/0001354457-23-000578.txt
25-NSE	1354457	Nasdaq Stock Market LLC	2023-08-14	edgar/data/1354457/0001354457-23-000582.txt
25-NSE	1354457	Nasdaq Stock Market LLC	2023-08-14	edgar/data/1354457/0001354457-23-000583.txt
25-NSE	1498828	Howard Hughes Corp	2023-08-14	edgar/data/1498828/0000876661-23-000651.txt
25-NSE	1823882	Airspan Networks Holdings Inc.	2023-08-14	edgar/data/1823882/0001143313-23-000055.txt
25-NSE	1857662	AxonPrime Infrastructure Acquisition Corp	2023-08-14	edgar/data/1857662/0001354457-23-000583.txt
25-NSE	4904	AMERICAN ELECTRIC POWER CO INC	2023-08-14	edgar/data/4904/0001354457-23-000582.txt
25-NSE	876661	NEW YORK STOCK EXCHANGE LLC	2023-08-14	edgar/data/876661/0000876661-23-000647.txt
25-NSE	876661	NEW YORK STOCK EXCHANGE LLC	2023-08-14	edgar/data/876661/0000876661-23-000651.txt
15-12G	1393311	Public Storage	2023-08-15	edgar/data/1393311/0001193125-23-213539.txt
25-NSE	1393311	Public Storage	2023-08-15	edgar/data/1393311/0000876661-23-000658.txt
25-NSE	1527590	Ready Capital Corp	2023-08-15	edgar/data/1527590/0000876661-23-000653.txt
25-NSE	1567094	CNH Industrial N.V.	2023-08-15	edgar/data/1567094/0000876661-23-000660.txt
25-NSE	876661	NEW YORK STOCK EXCHANGE LLC	2023-08-15	edgar/data/876661/0000876661-23-000653.txt
25-NSE	876661	NEW YORK STOCK EXCHANGE LLC	2023-08-15	edgar/data/876661/0000876661-23-000658.txt
25-NSE	876661	NEW YORK STOCK EXCHANGE LLC	2023-08-15	edgar/data/876661/0000876661-23-000660.txt
25	861838	Aceragen, Inc.	2023-08-16	edgar/data/861838/0001104659-23-092579.txt
25-NSE	1160106	Lloyds Banking Group plc	2023-08-16	edgar/data/1160106/0000876661-23-000662.txt
25-NSE	1354457	Nasdaq Stock Market LLC	2023-08-16	edgar/data/1354457/0001354457-23-000587.txt
25-NSE	1865975	AfterNext HealthTech Acquisition Corp.	2023-08-16	edgar/data/1865975/0000876661-23-000664.txt
25-NSE	876661	NEW YORK STOCK EXCHANGE LLC	2023-08-16	edgar/data/876661/0000876661-23-000662.txt
25-NSE	876661	NEW YORK STOCK EXCHANGE LLC	2023-08-16	edgar/data/876661/0000876661-23-000664.txt
25-NSE	901832	ASTRAZENECA PLC	2023-08-16	edgar/data/901832/0001354457-23-000587.txt
25-NSE	1004980	PG&E Corp	2023-08-17	edgar/data/1004980/0000876661-23-000669.txt
25-NSE	1089113	HSBC HOLDINGS PLC	2023-08-17	edgar/data/1089113/0000876661-23-000667.txt
25-NSE	1354457	Nasdaq Stock Market LLC	2023-08-17	edgar/data/1354457/0001354457-23-000591.txt
25-NSE	1354457	Nasdaq Stock Market LLC	2023-08-17	edgar/data/1354457/0001354457-23-000592.txt
25-NSE	1354457	Nasdaq Stock Market LLC	2023-08-17	edgar/data/1354457/0001354457-23-000593.txt
25-NSE	1411690	Bionano Genomics, Inc.	2023-08-17	edgar/data/1411690/0001354457-23-000592.txt
25-NSE	1857662	AxonPrime Infrastructure Acquisition Corp	2023-08-17	edgar/data/1857662/0001354457-23-000591.txt
25-NSE	1894370	Hainan Manaslu Acquisition Corp.	2023-08-17	edgar/data/1894370/0001354457-23-000593.txt
25-NSE	876661	NEW YORK STOCK EXCHANGE LLC	2023-08-17	edgar/data/876661/0000876661-23-000667.txt
25-NSE	876661	NEW YORK STOCK EXCHANGE LLC	2023-08-17	edgar/data/876661/0000876661-23-000669.txt
15-12G	1572384	Phoenix Rising Companies	2023-08-18	edgar/data/1572384/0001640334-23-001601.txt
15-12G	1859310	Minority Equality Opportunities Acquisition Inc.	2023-08-18	edgar/data/1859310/0001213900-23-069036.txt
15-12G	1865482	Reunion Neuroscience Inc.	2023-08-18	edgar/data/1865482/0001104659-23-093362.txt
25	1019671	SEACHANGE INTERNATIONAL INC	2023-08-18	edgar/data/1019671/0001193125-23-215967.txt
25-NSE	1029800	URSTADT BIDDLE PROPERTIES INC	2023-08-18	edgar/data/1029800/0000876661-23-000673.txt
25-NSE	1790982	Arconic Corp	2023-08-18	edgar/data/1790982/0000876661-23-000671.txt
25-NSE	876661	NEW YORK STOCK EXCHANGE LLC	2023-08-18	edgar/data/876661/0000876661-23-000671.txt
25-NSE	876661	NEW YORK STOCK EXCHANGE LLC	2023-08-18	edgar/data/876661/0000876661-23-000673.txt
15-12G	1435049	CHINOOK THERAPEUTICS, INC.	2023-08-21	edgar/data/1435049/0001193125-23-216824.txt
15-12G	1645569	DICE Therapeutics, Inc.	2023-08-21	edgar/data/1645569/0001193125-23-216601.txt
15-12G	1821323	Sigilon Therapeutics, Inc.	2023-08-21	edgar/data/1821323/0001193125-23-216622.txt
15-12G	1841137	Conyers Park III Acquisition Corp.	2023-08-21	edgar/data/1841137/0001213900-23-069348.txt
25	1413837	First Foundation Inc.	2023-08-21	edgar/data/1413837/0001104659-23-093946.txt
25	1851908	Black Spade Acquisition Co	2023-08-21	edgar/data/1851908/0001193125-23-216408.txt
25-NSE	1354457	Nasdaq Stock Market LLC	2023-08-21	edgar/data/1354457/0001354457-23-000597.txt
25-NSE	1528930	Franchise Group, Inc.	2023-08-21	edgar/data/1528930/0001354457-23-000597.txt
25-NSE	1354457	Nasdaq Stock Market LLC	2023-08-22	edgar/data/1354457/0001354457-23-000601.txt
25-NSE	1813756	WeWork Inc.	2023-08-22	edgar/data/1813756/0000876661-23-000676.txt
25-NSE	1844270	FTAC ZEUS ACQUISITION CORP.	2023-08-22	edgar/data/1844270/0001354457-23-000601.txt
25-NSE	876661	NEW YORK STOCK EXCHANGE LLC	2023-08-22	edgar/data/876661/0000876661-23-000676.txt
15-12G	1067873	AS-IP TECH INC	2023-08-23	edgar/data/1067873/0001067873-23-000001.txt
15-12G	1857662	AxonPrime Infrastructure Acquisition Corp	2023-08-23	edgar/data/1857662/0001140361-23-040967.txt
25-NSE	1354457	Nasdaq Stock Market LLC	2023-08-23	edgar/data/1354457/0001354457-23-000602.txt
25-NSE	1354457	Nasdaq Stock Market LLC	2023-08-23	edgar/data/1354457/0001354457-23-000603.txt
25-NSE	1417835	Cboe BZX Exchange, Inc.	2023-08-23	edgar/data/1417835/0001417835-23-000076.txt
25-NSE	1543916	ForgeRock, Inc.	2023-08-23	edgar/data/1543916/0000876661-23-000678.txt
25-NSE	1811168	2nd Vote Funds	2023-08-23	edgar/data/1811168/0001417835-23-000076.txt
25-NSE	1814140	Apexigen, Inc.	2023-08-23	edgar/data/1814140/0001354457-23-000602.txt
25-NSE	1835856	Better Home & Finance Holding Co	2023-08-23	edgar/data/1835856/0001354457-23-000603.txt
25-NSE	876661	NEW YORK STOCK EXCHANGE LLC	2023-08-23	edgar/data/876661/0000876661-23-000678.txt
15-12G	1060219	SALISBURY BANCORP, INC.	2023-08-24	edgar/data/1060219/0001140361-23-041091.txt
15-12G	1734875	Mid-Southern Bancorp, Inc.	2023-08-24	edgar/data/1734875/0001734875-23-000043.txt
15-12G	1898019	AXIOS Sustainable Growth Acquisition Corp	2023-08-24	edgar/data/1898019/0001104659-23-094819.txt
15-12G	1949543	Sitio Royalties Corp.	2023-08-24	edgar/data/1949543/0001193125-23-220157.txt
15-15D	1802617	John Deere Owner Trust 2020	2023-08-24	edgar/data/1802617/0001558370-23-015243.txt
15-12G	1498828	Howard Hughes Corp	2023-08-25	edgar/data/1498828/0001104659-23-095350.txt
15-12G	1642985	Mobile Infrastructure Corp	2023-08-25	edgar/data/1642985/0001472375-23-000129.txt
15-12G	77877	PDC ENERGY, INC.	2023-08-25	edgar/data/77877/0001193125-23-220420.txt
25	1847874	Mobile Infrastructure Corp	2023-08-25	edgar/data/1847874/0001193125-23-220998.txt
25-NSE	1354457	Nasdaq Stock Market LLC	2023-08-25	edgar/data/1354457/0001354457-23-000604.txt
25-NSE	1411579	AMC ENTERTAINMENT HOLDINGS, INC.	2023-08-25	edgar/data/1411579/0000876661-23-000680.txt
25-NSE	1788717	F45 Training Holdings Inc.	2023-08-25	edgar/data/1788717/0000876661-23-000686.txt
25-NSE	1823896	Golden Falcon Acquisition Corp.	2023-08-25	edgar/data/1823896/0000876661-23-000688.txt
25-NSE	1858180	Prime Number Acquisition I Corp.	2023-08-25	edgar/data/1858180/0001354457-23-000604.txt
25-NSE	876661	NEW YORK STOCK EXCHANGE LLC	2023-08-25	edgar/data/876661/0000876661-23-000680.txt
25-NSE	876661	NEW YORK STOCK EXCHANGE LLC	2023-08-25	edgar/data/876661/0000876661-23-000686.txt
25-NSE	876661	NEW YORK STOCK EXCHANGE LLC	2023-08-25	edgar/data/876661/0000876661-23-000688.txt
15-12G	1019671	SEACHANGE INTERNATIONAL INC	2023-08-28	edgar/data/1019671/0001193125-23-222170.txt
15-12G	1029800	URSTADT BIDDLE PROPERTIES INC	2023-08-28	edgar/data/1029800/0001193125-23-222210.txt
15-12G	1790982	Arconic Corp	2023-08-28	edgar/data/1790982/0000950142-23-002309.txt
15-12G	1865975	AfterNext HealthTech Acquisition Corp.	2023-08-28	edgar/data/1865975/0001193125-23-222595.txt
15-12G	861838	Aceragen, Inc.	2023-08-28	edgar/data/861838/0001104659-23-096000.txt
25	1734342	Amerant Bancorp Inc.	2023-08-28	edgar/data/1734342/0001734342-23-000062.txt
25-NSE	1143362	NYSE ARCA, INC.	2023-08-28	edgar/data/1143362/0001143362-23-000345.txt
25-NSE	1143362	NYSE ARCA, INC.	2023-08-28	edgar/data/1143362/0001143362-23-000347.txt
25-NSE	1143362	NYSE ARCA, INC.	2023-08-28	edgar/data/1143362/0001143362-23-000349.txt
25-NSE	1354457	Nasdaq Stock Market LLC	2023-08-28	edgar/data/1354457/0001354457-23-000607.txt
25-NSE	1467831	ETF Managers Trust	2023-08-28	edgar/data/1467831/0001143362-23-000345.txt
25-NSE	1547950	Exchange Listed Funds Trust	2023-08-28	edgar/data/1547950/0001143362-23-000349.txt
25-NSE	1683471	Listed Funds Trust	2023-08-28	edgar/data/1683471/0001143362-23-000347.txt
25-NSE	1858180	Prime Number Acquisition I Corp.	2023-08-28	edgar/data/1858180/0001354457-23-000607.txt
15-12G	1408057	iCoreConnect Inc.	2023-08-29	edgar/data/1408057/0001477932-23-006502.txt
15-12G	1439237	Quality Online Education Group Inc.	2023-08-29	edgar/data/1439237/0001829126-23-005711.txt
15-12G	1527590	Ready Capital Corp	2023-08-29	edgar/data/1527590/0001104659-23-096527.txt
15-12G	1004980	PG&E Corp	2023-08-30	edgar/data/1004980/0000950157-23-000914.txt
15-12G	75488	PACIFIC GAS & ELECTRIC Co	2023-08-30	edgar/data/75488/0000950157-23-000914.txt
15-15D	1580891	COMM 2013-CCRE10 Mortgage Trust	2023-08-30	edgar/data/1580891/0001888524-23-011777.txt
15-15D	1581653	GS Mortgage Securities Trust 2013-GCJ14	2023-08-30	edgar/data/1581653/0001888524-23-011779.txt
25-NSE	1143362	NYSE ARCA, INC.	2023-08-30	edgar/data/1143362/0001143362-23-000356.txt
25-NSE	1143362	NYSE ARCA, INC.	2023-08-30	edgar/data/1143362/0001143362-23-000358.txt
25-NSE	1742912	Tidal ETF Trust	2023-08-30	edgar/data/1742912/0001143362-23-000358.txt
25-NSE	1833909	African Gold Acquisition Corp	2023-08-30	edgar/data/1833909/0000876661-23-000690.txt
25-NSE	1860434	Harbor ETF Trust	2023-08-30	edgar/data/1860434/0001143362-23-000356.txt
25-NSE	876661	NEW YORK STOCK EXCHANGE LLC	2023-08-30	edgar/data/876661/0000876661-23-000690.txt
15-12G	1528930	Franchise Group, Inc.	2023-08-31	edgar/data/1528930/0001104659-23-097296.txt
15-12G	1851908	Black Spade Acquisition Co	2023-08-31	edgar/data/1851908/0001193125-23-225427.txt
25-NSE	1143362	NYSE ARCA, INC.	2023-08-31	edgar/data/1143362/0001143362-23-000362.txt
25-NSE	1354457	Nasdaq Stock Market LLC	2023-08-31	edgar/data/1354457/0001354457-23-000611.txt
25-NSE	1547950	Exchange Listed Funds Trust	2023-08-31	edgar/data/1547950/0001143362-23-000362.txt
25-NSE	1822711	PARDES BIOSCIENCES, INC.	2023-08-31	edgar/data/1822711/0001354457-23-000611.txt
15-12G	1883389	Da Zhong Trading Group Holding Co	2023-09-01	edgar/data/1883389/0001683168-23-006230.txt
25	1861233	illumin Holdings Inc.	2023-09-01	edgar/data/1861233/0001171843-23-005519.txt
25-NSE	1142596	NUVASIVE INC	2023-09-01	edgar/data/1142596/0001354457-23-000616.txt
25-NSE	1143362	NYSE ARCA, INC.	2023-09-01	edgar/data/1143362/0001143362-23-000364.txt
25-NSE	1354457	Nasdaq Stock Market LLC	2023-09-01	edgar/data/1354457/0001354457-23-000615.txt
25-NSE	1354457	Nasdaq Stock Market LLC	2023-09-01	edgar/data/1354457/0001354457-23-000616.txt
25-NSE	1354457	Nasdaq Stock Market LLC	2023-09-01	edgar/data/1354457/0001354457-23-000618.txt
25-NSE	1354457	Nasdaq Stock Market LLC	2023-09-01	edgar/data/1354457/0001354457-23-000619.txt
25-NSE	1408970	AdvisorShares Trust	2023-09-01	edgar/data/1408970/0001143362-23-000364.txt
25-NSE	1587982	Investment Managers Series Trust II	2023-09-01	edgar/data/1587982/0001354457-23-000618.txt
25-NSE	1597033	Sabre Corp	2023-09-01	edgar/data/1597033/0001354457-23-000615.txt
25-NSE	1635088	Roivant Sciences Ltd.	2023-09-01	edgar/data/1635088/0001354457-23-000619.txt
25-NSE	1688476	NEXTIER OILFIELD SOLUTIONS INC.	2023-09-01	edgar/data/1688476/0000876661-23-000694.txt
25-NSE	753308	NEXTERA ENERGY INC	2023-09-01	edgar/data/753308/0000876661-23-000692.txt
25-NSE	876661	NEW YORK STOCK EXCHANGE LLC	2023-09-01	edgar/data/876661/0000876661-23-000692.txt
25-NSE	876661	NEW YORK STOCK EXCHANGE LLC	2023-09-01	edgar/data/876661/0000876661-23-000694.txt
15-12G	1271554	Entree Resources Ltd.	2023-09-05	edgar/data/1271554/0001279569-23-001134.txt
15-12G	1543916	ForgeRock, Inc.	2023-09-05	edgar/data/1543916/0001140361-23-042741.txt
15-12G	1814140	Apexigen, Inc.	2023-09-05	edgar/data/1814140/0001193125-23-228613.txt
15-12G	1817153	EdtechX Holdings Acquisition Corp. II	2023-09-05	edgar/data/1817153/0001213900-23-073913.txt
25	1007273	BANK OF SOUTH CAROLINA CORP	2023-09-05	edgar/data/1007273/0001193125-23-228016.txt
25-NSE	1115128	Quotient Technology Inc.	2023-09-05	edgar/data/1115128/0000876661-23-000698.txt
25-NSE	1305773	Conformis Inc	2023-09-05	edgar/data/1305773/0001354457-23-000620.txt
25-NSE	1354457	Nasdaq Stock Market LLC	2023-09-05	edgar/data/1354457/0001354457-23-000620.txt
25-NSE	1627014	Black Knight, Inc.	2023-09-05	edgar/data/1627014/0000876661-23-000696.txt
25-NSE	732717	AT&T INC.	2023-09-05	edgar/data/732717/0000876661-23-000700.txt
25-NSE	732717	AT&T INC.	2023-09-05	edgar/data/732717/0000876661-23-000703.txt
25-NSE	732717	AT&T INC.	2023-09-05	edgar/data/732717/0000876661-23-000704.txt
25-NSE	876661	NEW YORK STOCK EXCHANGE LLC	2023-09-05	edgar/data/876661/0000876661-23-000696.txt
25-NSE	876661	NEW YORK STOCK EXCHANGE LLC	2023-09-05	edgar/data/876661/0000876661-23-000698.txt
25-NSE	876661	NEW YORK STOCK EXCHANGE LLC	2023-09-05	edgar/data/876661/0000876661-23-000700.txt
25-NSE	876661	NEW YORK STOCK EXCHANGE LLC	2023-09-05	edgar/data/876661/0000876661-23-000703.txt
25-NSE	876661	NEW YORK STOCK EXCHANGE LLC	2023-09-05	edgar/data/876661/0000876661-23-000704.txt
15-12G	1756574	NEW WORLD TECHNOLOGIES, INC.	2023-09-06	edgar/data/1756574/0001493152-23-031872.txt
25-NSE	1143313	NYSE AMERICAN LLC	2023-09-06	edgar/data/1143313/0001143313-23-000058.txt
25-NSE	1143313	NYSE AMERICAN LLC	2023-09-06	edgar/data/1143313/0001143313-23-000060.txt
25-NSE	1354457	Nasdaq Stock Market LLC	2023-09-06	edgar/data/1354457/0001354457-23-000623.txt
25-NSE	1515816	Plymouth Industrial REIT, Inc.	2023-09-06	edgar/data/1515816/0001143313-23-000060.txt
25-NSE	1567892	Mallinckrodt plc	2023-09-06	edgar/data/1567892/0001143313-23-000058.txt
25-NSE	1675033	Great Elm Capital Corp.	2023-09-06	edgar/data/1675033/0001354457-23-000623.txt
15-12G	1844270	FTAC ZEUS ACQUISITION CORP.	2023-09-07	edgar/data/1844270/0001213900-23-074959.txt
25-NSE	1354457	Nasdaq Stock Market LLC	2023-09-07	edgar/data/1354457/0001354457-23-000641.txt
25-NSE	1540305	ETF Series Solutions	2023-09-07	edgar/data/1540305/0001354457-23-000641.txt
15-12G	1858180	Prime Number Acquisition I Corp.	2023-09-08	edgar/data/1858180/0001193125-23-231243.txt
15-15D	1775870	Nissan Auto Receivables 2019-B Owner Trust	2023-09-08	edgar/data/1775870/0001193125-23-231400.txt
25-NSE	1018735	NYMOX PHARMACEUTICAL CORP	2023-09-08	edgar/data/1018735/0001354457-23-000656.txt
25-NSE	1143362	NYSE ARCA, INC.	2023-09-08	edgar/data/1143362/0001143362-23-000368.txt
25-NSE	1199046	UNIFIED SERIES TRUST	2023-09-08	edgar/data/1199046/0001143362-23-000368.txt
25-NSE	1354457	Nasdaq Stock Market LLC	2023-09-08	edgar/data/1354457/0001354457-23-000642.txt
25-NSE	1354457	Nasdaq Stock Market LLC	2023-09-08	edgar/data/1354457/0001354457-23-000643.txt
25-NSE	1354457	Nasdaq Stock Market LLC	2023-09-08	edgar/data/1354457/0001354457-23-000644.txt
25-NSE	1354457	Nasdaq Stock Market LLC	2023-09-08	edgar/data/1354457/0001354457-23-000645.txt
25-NSE	1354457	Nasdaq Stock Market LLC	2023-09-08	edgar/data/1354457/0001354457-23-000646.txt
25-NSE	1354457	Nasdaq Stock Market LLC	2023-09-08	edgar/data/1354457/0001354457-23-000647.txt
25-NSE	1354457	Nasdaq Stock Market LLC	2023-09-08	edgar/data/1354457/0001354457-23-000648.txt
25-NSE	1354457	Nasdaq Stock Market LLC	2023-09-08	edgar/data/1354457/0001354457-23-000649.txt
25-NSE	1354457	Nasdaq Stock Market LLC	2023-09-08	edgar/data/1354457/0001354457-23-000650.txt
25-NSE	1354457	Nasdaq Stock Market LLC	2023-09-08	edgar/data/1354457/0001354457-23-000651.txt
25-NSE	1354457	Nasdaq Stock Market LLC	2023-09-08	edgar/data/1354457/0001354457-23-000652.txt
25-NSE	1354457	Nasdaq Stock Market LLC	2023-09-08	edgar/data/1354457/0001354457-23-000653.txt
25-NSE	1354457	Nasdaq Stock Market LLC	2023-09-08	edgar/data/1354457/0001354457-23-000654.txt
25-NSE	1354457	Nasdaq Stock Market LLC	2023-09-08	edgar/data/1354457/0001354457-23-000655.txt
25-NSE	1354457	Nasdaq Stock Market LLC	2023-09-08	edgar/data/1354457/0001354457-23-000656.txt
25-NSE	1354457	Nasdaq Stock Market LLC	2023-09-08	edgar/data/1354457/0001354457-23-000657.txt
25-NSE	1365916	AMYRIS, INC.	2023-09-08	edgar/data/1365916/0001354457-23-000646.txt
25-NSE	1467154	Novan, Inc.	2023-09-08	edgar/data/1467154/0001354457-23-000654.txt
25-NSE	1551986	9 METERS BIOPHARMA, INC.	2023-09-08	edgar/data/1551986/0001354457-23-000652.txt
25-NSE	1597313	ViewRay, Inc.	2023-09-08	edgar/data/1597313/0001354457-23-000653.txt
25-NSE	1614067	Aridis Pharmaceuticals, Inc.	2023-09-08	edgar/data/1614067/0001354457-23-000655.txt
25-NSE	1641640	Nabriva Therapeutics plc	2023-09-08	edgar/data/1641640/0001354457-23-000651.txt
25-NSE	1718108	Surface Oncology, Inc.	2023-09-08	edgar/data/1718108/0001354457-23-000642.txt
25-NSE	1801602	SpringBig Holdings, Inc.	2023-09-08	edgar/data/1801602/0001354457-23-000643.txt
25-NSE	1807707	AppHarvest, Inc.	2023-09-08	edgar/data/1807707/0001354457-23-000649.txt
25-NSE	1820630	Proterra Inc	2023-09-08	edgar/data/1820630/0001354457-23-000647.txt
25-NSE	1845149	Chain Bridge I	2023-09-08	edgar/data/1845149/0001354457-23-000645.txt
25-NSE	1849580	Waverley Capital Acquisition Corp. 1	2023-09-08	edgar/data/1849580/0000876661-23-000712.txt
25-NSE	1855447	TIGO ENERGY, INC.	2023-09-08	edgar/data/1855447/0001354457-23-000657.txt
25-NSE	1868269	LatAmGrowth SPAC	2023-09-08	edgar/data/1868269/0001354457-23-000644.txt
25-NSE	1879221	UTA Acquisition Corp	2023-09-08	edgar/data/1879221/0001354457-23-000650.txt
25-NSE	716006	Yellow Corp	2023-09-08	edgar/data/716006/0001354457-23-000648.txt
25-NSE	876661	NEW YORK STOCK EXCHANGE LLC	2023-09-08	edgar/data/876661/0000876661-23-000712.txt
15-12G	1142596	NUVASIVE INC	2023-09-11	edgar/data/1142596/0001193125-23-232535.txt
15-12G	1651052	Focus Financial Partners Inc.	2023-09-11	edgar/data/1651052/0001104659-23-099543.txt
15-12G	1822711	PARDES BIOSCIENCES, INC.	2023-09-11	edgar/data/1822711/0001140361-23-043444.txt
15-12G	1823896	Golden Falcon Acquisition Corp.	2023-09-11	edgar/data/1823896/0001213900-23-075732.txt
15-15D	1579306	J.P. Morgan Chase Commercial Mortgage Securities Trust 2013-	2023-09-11	edgar/data/1579306/0001888524-23-012573.txt
25-NSE	1354457	Nasdaq Stock Market LLC	2023-09-11	edgar/data/1354457/0001354457-23-000658.txt
25-NSE	1833498	Rosecliff Acquisition Corp I	2023-09-11	edgar/data/1833498/0001354457-23-000658.txt
15-12G	1688476	NEXTIER OILFIELD SOLUTIONS INC.	2023-09-12	edgar/data/1688476/0001193125-23-232938.txt
25-NSE	1091907	WORLD WRESTLING ENTERTAINMENT, LLC	2023-09-12	edgar/data/1091907/0000876661-23-000718.txt
25-NSE	1354457	Nasdaq Stock Market LLC	2023-09-12	edgar/data/1354457/0001354457-23-000660.txt
25-NSE	1568162	Necessity Retail REIT, Inc.	2023-09-12	edgar/data/1568162/0001354457-23-000660.txt
25-NSE	844150	NatWest Group plc	2023-09-12	edgar/data/844150/0000876661-23-000720.txt
25-NSE	876661	NEW YORK STOCK EXCHANGE LLC	2023-09-12	edgar/data/876661/0000876661-23-000718.txt
25-NSE	876661	NEW YORK STOCK EXCHANGE LLC	2023-09-12	edgar/data/876661/0000876661-23-000720.txt
25-NSE	1143313	NYSE AMERICAN LLC	2023-09-13	edgar/data/1143313/0001143313-23-000063.txt
25-NSE	1855485	First Light Acquisition Group, Inc.	2023-09-13	edgar/data/1855485/0001143313-23-000063.txt
25-NSE	1143362	NYSE ARCA, INC.	2023-09-14	edgar/data/1143362/0001143362-23-000379.txt
25-NSE	1493580	BNY Mellon ETF Trust	2023-09-14	edgar/data/1493580/0001143362-23-000379.txt
25-NSE	876661	NEW YORK STOCK EXCHANGE LLC	2023-09-14	edgar/data/876661/0000876661-23-000722.txt
25-NSE	886982	GOLDMAN SACHS GROUP INC	2023-09-14	edgar/data/886982/0000876661-23-000722.txt
15-12G	1007273	BANK OF SOUTH CAROLINA CORP	2023-09-15	edgar/data/1007273/0001193125-23-235545.txt
15-12G	1305773	Conformis Inc	2023-09-15	edgar/data/1305773/0001140361-23-044065.txt
25-NSE	1306965	Shell plc	2023-09-15	edgar/data/1306965/0000876661-23-000726.txt
25-NSE	1333621	Shell International Finance B.V.	2023-09-15	edgar/data/1333621/0000876661-23-000728.txt
25-NSE	1354457	Nasdaq Stock Market LLC	2023-09-15	edgar/data/1354457/0001354457-23-000672.txt
25-NSE	1354457	Nasdaq Stock Market LLC	2023-09-15	edgar/data/1354457/0001354457-23-000673.txt
25-NSE	1354457	Nasdaq Stock Market LLC	2023-09-15	edgar/data/1354457/0001354457-23-000674.txt
25-NSE	1354917	NEXPOINT FUNDS I	2023-09-15	edgar/data/1354917/0001354457-23-000672.txt
25-NSE	1404912	KKR & Co. Inc.	2023-09-15	edgar/data/1404912/0000876661-23-000724.txt
25-NSE	1879221	UTA Acquisition Corp	2023-09-15	edgar/data/1879221/0001354457-23-000674.txt
25-NSE	1946425	Hammerhead Energy Inc.	2023-09-15	edgar/data/1946425/0001354457-23-000673.txt
25-NSE	72971	WELLS FARGO & COMPANY/MN	2023-09-15	edgar/data/72971/0000876661-23-000733.txt
25-NSE	732717	AT&T INC.	2023-09-15	edgar/data/732717/0000876661-23-000735.txt
25-NSE	833444	Johnson Controls International plc	2023-09-15	edgar/data/833444/0000876661-23-000730.txt
25-NSE	876661	NEW YORK STOCK EXCHANGE LLC	2023-09-15	edgar/data/876661/0000876661-23-000724.txt
25-NSE	876661	NEW YORK STOCK EXCHANGE LLC	2023-09-15	edgar/data/876661/0000876661-23-000726.txt
25-NSE	876661	NEW YORK STOCK EXCHANGE LLC	2023-09-15	edgar/data/876661/0000876661-23-000728.txt
25-NSE	876661	NEW YORK STOCK EXCHANGE LLC	2023-09-15	edgar/data/876661/0000876661-23-000730.txt
25-NSE	876661	NEW YORK STOCK EXCHANGE LLC	2023-09-15	edgar/data/876661/0000876661-23-000733.txt
25-NSE	876661	NEW YORK STOCK EXCHANGE LLC	2023-09-15	edgar/data/876661/0000876661-23-000735.txt
15-12G	1718108	Surface Oncology, Inc.	2023-09-18	edgar/data/1718108/0001193125-23-236303.txt
15-12G	1833909	African Gold Acquisition Corp	2023-09-18	edgar/data/1833909/0001213900-23-077356.txt
15-12G	1849580	Waverley Capital Acquisition Corp. 1	2023-09-18	edgar/data/1849580/0000950142-23-002427.txt
15-15D	1774409	Santander Drive Auto Receivables Trust 2019-2	2023-09-18	edgar/data/1774409/0001193125-23-236283.txt
15-15D	1779026	CarMax Auto Owner Trust 2019-3	2023-09-18	edgar/data/1779026/0001779026-23-000044.txt
25-NSE	1143313	NYSE AMERICAN LLC	2023-09-18	edgar/data/1143313/0001143313-23-000065.txt
25-NSE	1491487	Takung Art Co., Ltd	2023-09-18	edgar/data/1491487/0001143313-23-000065.txt
15-12G	1115128	Quotient Technology Inc.	2023-09-19	edgar/data/1115128/0000950142-23-002433.txt
15-12G	1406588	Mining Global, Inc.	2023-09-19	edgar/data/1406588/0001683168-23-006534.txt
25-NSE	842180	BANCO BILBAO VIZCAYA ARGENTARIA, S.A.	2023-09-19	edgar/data/842180/0000876661-23-000739.txt
25-NSE	876661	NEW YORK STOCK EXCHANGE LLC	2023-09-19	edgar/data/876661/0000876661-23-000739.txt
15F-12B	1867752	Cian PLC	2023-09-20	edgar/data/1867752/0001104659-23-102174.txt
25-NSE	103379	V F CORP	2023-09-20	edgar/data/103379/0000876661-23-000742.txt
25-NSE	1354457	Nasdaq Stock Market LLC	2023-09-20	edgar/data/1354457/0001354457-23-000685.txt
25-NSE	1354457	Nasdaq Stock Market LLC	2023-09-20	edgar/data/1354457/0001354457-23-000686.txt
25-NSE	1839998	American Oncology Network, Inc.	2023-09-20	edgar/data/1839998/0001354457-23-000685.txt
25-NSE	1868640	Roadzen Inc.	2023-09-20	edgar/data/1868640/0001354457-23-000686.txt
25-NSE	876661	NEW YORK STOCK EXCHANGE LLC	2023-09-20	edgar/data/876661/0000876661-23-000742.txt
15-12G	716006	Yellow Corp	2023-09-21	edgar/data/716006/0001193125-23-239703.txt
15-12G	96699	TECHNICAL COMMUNICATIONS CORP	2023-09-21	edgar/data/96699/0001171843-23-005815.txt
25-NSE	1143362	NYSE ARCA, INC.	2023-09-21	edgar/data/1143362/0001143362-23-000387.txt
25-NSE	1178711	Paratek Pharmaceuticals, Inc.	2023-09-21	edgar/data/1178711/0001354457-23-000688.txt
25-NSE	1354457	Nasdaq Stock Market LLC	2023-09-21	edgar/data/1354457/0001354457-23-000688.txt
25-NSE	1354457	Nasdaq Stock Market LLC	2023-09-21	edgar/data/1354457/0001354457-23-000689.txt
25-NSE	1354457	Nasdaq Stock Market LLC	2023-09-21	edgar/data/1354457/0001354457-23-000691.txt
25-NSE	1485894	J.P. Morgan Exchange-Traded Fund Trust	2023-09-21	edgar/data/1485894/0001143362-23-000387.txt
25-NSE	1721484	Longeveron Inc.	2023-09-21	edgar/data/1721484/0001354457-23-000691.txt
25-NSE	1810739	Radius Global Infrastructure, Inc.	2023-09-21	edgar/data/1810739/0001354457-23-000689.txt
25-NSE	1856589	M3-Brigade Acquisition III Corp.	2023-09-21	edgar/data/1856589/0000876661-23-000745.txt
25-NSE	876661	NEW YORK STOCK EXCHANGE LLC	2023-09-21	edgar/data/876661/0000876661-23-000745.txt
15-12G	1568162	Necessity Retail REIT, Inc.	2023-09-22	edgar/data/1568162/0001104659-23-103195.txt
15-12G	1734768	IMV Inc.	2023-09-22	edgar/data/1734768/0001104659-23-103206.txt
15-15D	1793612	Harley-Davidson Motorcycle Trust 2020-A	2023-09-22	edgar/data/1793612/0001628280-23-032821.txt
25	1701114	Blue Apron Holdings, Inc.	2023-09-22	edgar/data/1701114/0001701114-23-000113.txt
25-NSE	1354457	Nasdaq Stock Market LLC	2023-09-22	edgar/data/1354457/0001354457-23-000694.txt
25-NSE	1411494	Apollo Asset Management, Inc.	2023-09-22	edgar/data/1411494/0000876661-23-000750.txt
25-NSE	1841004	Altimar Acquisition Corp. III	2023-09-22	edgar/data/1841004/0000876661-23-000748.txt
25-NSE	1896212	CONDUIT PHARMACEUTICALS INC.	2023-09-22	edgar/data/1896212/0001354457-23-000694.txt
25-NSE	876661	NEW YORK STOCK EXCHANGE LLC	2023-09-22	edgar/data/876661/0000876661-23-000748.txt
25-NSE	876661	NEW YORK STOCK EXCHANGE LLC	2023-09-22	edgar/data/876661/0000876661-23-000750.txt
15-12G	1091907	WORLD WRESTLING ENTERTAINMENT, LLC	2023-09-25	edgar/data/1091907/0001193125-23-240930.txt
15-12G	1404912	KKR & Co. Inc.	2023-09-25	edgar/data/1404912/0001140361-23-045125.txt
15-12G	1846968	Cascadia Acquisition Corp.	2023-09-25	edgar/data/1846968/0001193125-23-241313.txt
15-15D	1785844	Mercedes-Benz Auto Receivables Trust 2019-1	2023-09-25	edgar/data/1785844/0000905148-23-000998.txt
25	711404	COOPER COMPANIES, INC.	2023-09-25	edgar/data/711404/0000711404-23-000049.txt
25-NSE	1067428	ANGLOGOLD ASHANTI LTD	2023-09-25	edgar/data/1067428/0000876661-23-000756.txt
25-NSE	1067428	ANGLOGOLD ASHANTI LTD	2023-09-25	edgar/data/1067428/0000876661-23-000758.txt
25-NSE	1126975	Magellan Midstream Partners, L.P.	2023-09-25	edgar/data/1126975/0000876661-23-000760.txt
25-NSE	1273813	ASSURED GUARANTY LTD	2023-09-25	edgar/data/1273813/0000876661-23-000762.txt
25-NSE	1289244	Assured Guaranty US Holdings Inc.	2023-09-25	edgar/data/1289244/0000876661-23-000764.txt
25-NSE	1354457	Nasdaq Stock Market LLC	2023-09-25	edgar/data/1354457/0001354457-23-000695.txt
25-NSE	1354457	Nasdaq Stock Market LLC	2023-09-25	edgar/data/1354457/0001354457-23-000696.txt
25-NSE	1354457	Nasdaq Stock Market LLC	2023-09-25	edgar/data/1354457/0001354457-23-000698.txt
25-NSE	1656536	Decibel Therapeutics, Inc.	2023-09-25	edgar/data/1656536/0001354457-23-000695.txt
25-NSE	1822912	26 Capital Acquisition Corp.	2023-09-25	edgar/data/1822912/0001354457-23-000698.txt
25-NSE	1876714	Growth for Good Acquisition Corp	2023-09-25	edgar/data/1876714/0001354457-23-000696.txt
25-NSE	849395	CRH PUBLIC LTD CO	2023-09-25	edgar/data/849395/0000876661-23-000754.txt
25-NSE	876661	NEW YORK STOCK EXCHANGE LLC	2023-09-25	edgar/data/876661/0000876661-23-000754.txt
25-NSE	876661	NEW YORK STOCK EXCHANGE LLC	2023-09-25	edgar/data/876661/0000876661-23-000756.txt
25-NSE	876661	NEW YORK STOCK EXCHANGE LLC	2023-09-25	edgar/data/876661/0000876661-23-000758.txt
25-NSE	876661	NEW YORK STOCK EXCHANGE LLC	2023-09-25	edgar/data/876661/0000876661-23-000760.txt
25-NSE	876661	NEW YORK STOCK EXCHANGE LLC	2023-09-25	edgar/data/876661/0000876661-23-000762.txt
25-NSE	876661	NEW YORK STOCK EXCHANGE LLC	2023-09-25	edgar/data/876661/0000876661-23-000764.txt
15-12G	1879221	UTA Acquisition Corp	2023-09-26	edgar/data/1879221/0001193125-23-242292.txt
25	1792789	DoorDash, Inc.	2023-09-26	edgar/data/1792789/0001628280-23-033028.txt
25-NSE	1306830	Celanese Corp	2023-09-26	edgar/data/1306830/0000876661-23-000768.txt
25-NSE	1314497	Celanese Acetate LLC	2023-09-26	edgar/data/1314497/0000876661-23-000772.txt
25-NSE	1314498	Celanese Americas LLC	2023-09-26	edgar/data/1314498/0000876661-23-000774.txt
25-NSE	1314499	Celanese Chemicals, Inc.	2023-09-26	edgar/data/1314499/0000876661-23-000776.txt
25-NSE	1314502	Celanese International Corp	2023-09-26	edgar/data/1314502/0000876661-23-000778.txt
25-NSE	1314503	Celanese Ltd.	2023-09-26	edgar/data/1314503/0000876661-23-000780.txt
25-NSE	1314506	Celtran, Inc.	2023-09-26	edgar/data/1314506/0000876661-23-000782.txt
25-NSE	1314511	Ticona Fortron Inc.	2023-09-26	edgar/data/1314511/0000876661-23-000784.txt
25-NSE	1314512	Ticona LLC	2023-09-26	edgar/data/1314512/0000876661-23-000786.txt
25-NSE	1314513	Ticona Polymers, Inc.	2023-09-26	edgar/data/1314513/0000876661-23-000788.txt
25-NSE	1314514	Celanese US Holdings LLC	2023-09-26	edgar/data/1314514/0000876661-23-000790.txt
25-NSE	1351172	Liminal BioSciences Inc.	2023-09-26	edgar/data/1351172/0001354457-23-000699.txt
25-NSE	1354457	Nasdaq Stock Market LLC	2023-09-26	edgar/data/1354457/0001354457-23-000699.txt
25-NSE	1354457	Nasdaq Stock Market LLC	2023-09-26	edgar/data/1354457/0001354457-23-000700.txt
25-NSE	1354457	Nasdaq Stock Market LLC	2023-09-26	edgar/data/1354457/0001354457-23-000702.txt
25-NSE	1358762	REATA PHARMACEUTICALS INC	2023-09-26	edgar/data/1358762/0001354457-23-000700.txt
25-NSE	1513331	KEP Americas Engineering Plastics, LLC	2023-09-26	edgar/data/1513331/0000876661-23-000792.txt
25-NSE	1513332	Celanese Global Relocation LLC	2023-09-26	edgar/data/1513332/0000876661-23-000794.txt
25-NSE	1681009	Celanese Sales U.S. Ltd.	2023-09-26	edgar/data/1681009/0000876661-23-000796.txt
25-NSE	1842498	Otonomo Technologies Ltd.	2023-09-26	edgar/data/1842498/0001354457-23-000702.txt
25-NSE	812427	CNA HOLDINGS LLC	2023-09-26	edgar/data/812427/0000876661-23-000770.txt
25-NSE	876661	NEW YORK STOCK EXCHANGE LLC	2023-09-26	edgar/data/876661/0000876661-23-000768.txt
25-NSE	876661	NEW YORK STOCK EXCHANGE LLC	2023-09-26	edgar/data/876661/0000876661-23-000770.txt
25-NSE	876661	NEW YORK STOCK EXCHANGE LLC	2023-09-26	edgar/data/876661/0000876661-23-000772.txt
25-NSE	876661	NEW YORK STOCK EXCHANGE LLC	2023-09-26	edgar/data/876661/0000876661-23-000774.txt
25-NSE	876661	NEW YORK STOCK EXCHANGE LLC	2023-09-26	edgar/data/876661/0000876661-23-000776.txt
25-NSE	876661	NEW YORK STOCK EXCHANGE LLC	2023-09-26	edgar/data/876661/0000876661-23-000778.txt
25-NSE	876661	NEW YORK STOCK EXCHANGE LLC	2023-09-26	edgar/data/876661/0000876661-23-000780.txt
25-NSE	876661	NEW YORK STOCK EXCHANGE LLC	2023-09-26	edgar/data/876661/0000876661-23-000782.txt
25-NSE	876661	NEW YORK STOCK EXCHANGE LLC	2023-09-26	edgar/data/876661/0000876661-23-000784.txt
25-NSE	876661	NEW YORK STOCK EXCHANGE LLC	2023-09-26	edgar/data/876661/0000876661-23-000786.txt
25-NSE	876661	NEW YORK STOCK EXCHANGE LLC	2023-09-26	edgar/data/876661/0000876661-23-000788.txt
25-NSE	876661	NEW YORK STOCK EXCHANGE LLC	2023-09-26	edgar/data/876661/0000876661-23-000790.txt
25-NSE	876661	NEW YORK STOCK EXCHANGE LLC	2023-09-26	edgar/data/876661/0000876661-23-000792.txt
25-NSE	876661	NEW YORK STOCK EXCHANGE LLC	2023-09-26	edgar/data/876661/0000876661-23-000794.txt
25-NSE	876661	NEW YORK STOCK EXCHANGE LLC	2023-09-26	edgar/data/876661/0000876661-23-000796.txt
15-12G	319016	Fuse Medical, Inc.	2023-09-27	edgar/data/319016/0001437749-23-026834.txt
25-NSE	1137360	VanEck ETF Trust	2023-09-27	edgar/data/1137360/0001143362-23-000395.txt
25-NSE	1143362	NYSE ARCA, INC.	2023-09-27	edgar/data/1143362/0001143362-23-000395.txt
25-NSE	1354457	Nasdaq Stock Market LLC	2023-09-27	edgar/data/1354457/0001354457-23-000706.txt
25-NSE	1417835	Cboe BZX Exchange, Inc.	2023-09-27	edgar/data/1417835/0001417835-23-000084.txt
25-NSE	1644419	Northern Lights Fund Trust IV	2023-09-27	edgar/data/1644419/0001417835-23-000084.txt
25-NSE	1842644	SILVERspac Inc.	2023-09-27	edgar/data/1842644/0001354457-23-000706.txt
15-12G	1072627	KINGSWAY FINANCIAL SERVICES INC	2023-09-28	edgar/data/1072627/0001437749-23-027038.txt
15-12G	13372	NSTAR ELECTRIC CO	2023-09-28	edgar/data/13372/0001104659-23-104758.txt
15-12G	23426	CONNECTICUT LIGHT & POWER CO	2023-09-28	edgar/data/23426/0001104659-23-104755.txt
25-NSE	1354457	Nasdaq Stock Market LLC	2023-09-28	edgar/data/1354457/0001354457-23-000707.txt
25-NSE	1610950	Syneos Health, Inc.	2023-09-28	edgar/data/1610950/0001354457-23-000707.txt
25-NSE	1660734	Triton International Ltd	2023-09-28	edgar/data/1660734/0000876661-23-000801.txt
25-NSE	1819404	Nerdy Inc.	2023-09-28	edgar/data/1819404/0000876661-23-000803.txt
25-NSE	876661	NEW YORK STOCK EXCHANGE LLC	2023-09-28	edgar/data/876661/0000876661-23-000801.txt
25-NSE	876661	NEW YORK STOCK EXCHANGE LLC	2023-09-28	edgar/data/876661/0000876661-23-000803.txt
15-12G	1407573	AmeriCrew Inc.	2023-09-29	edgar/data/1407573/0001654954-23-012386.txt
15-12G	1853436	Mercato Partners Acquisition Corp	2023-09-29	edgar/data/1853436/0001193125-23-247393.txt
15-12G	886158	20230930-DK-Butterfly-1, Inc.	2023-09-29	edgar/data/886158/0001193125-23-247520.txt
15-15D	1465872	VANTAGE DRILLING INTERNATIONAL	2023-09-29	edgar/data/1465872/0001193125-23-247039.txt
25	1845459	Graf Acquisition Corp. IV	2023-09-29	edgar/data/1845459/0001104659-23-105342.txt
25-NSE	1143362	NYSE ARCA, INC.	2023-09-29	edgar/data/1143362/0001143362-23-000404.txt
25-NSE	1354457	Nasdaq Stock Market LLC	2023-09-29	edgar/data/1354457/0001354457-23-000712.txt
25-NSE	1354457	Nasdaq Stock Market LLC	2023-09-29	edgar/data/1354457/0001354457-23-000713.txt
25-NSE	1354457	Nasdaq Stock Market LLC	2023-09-29	edgar/data/1354457/0001354457-23-000714.txt
25-NSE	1354457	Nasdaq Stock Market LLC	2023-09-29	edgar/data/1354457/0001354457-23-000715.txt
25-NSE	1408970	AdvisorShares Trust	2023-09-29	edgar/data/1408970/0001143362-23-000404.txt
25-NSE	1502292	Conifer Holdings, Inc.	2023-09-29	edgar/data/1502292/0001354457-23-000715.txt
25-NSE	1840877	Anzu Special Acquisition Corp I	2023-09-29	edgar/data/1840877/0001354457-23-000714.txt
25-NSE	1853436	Mercato Partners Acquisition Corp	2023-09-29	edgar/data/1853436/0001354457-23-000713.txt
25-NSE	73088	NORTHWESTERN CORP	2023-09-29	edgar/data/73088/0001354457-23-000712.txt
15-12G	1178711	Paratek Pharmaceuticals, Inc.	2023-10-02	edgar/data/1178711/0001193125-23-248079.txt
15-12G	1810739	Radius Global Infrastructure, Inc.	2023-10-02	edgar/data/1810739/0001193125-23-249050.txt
15-12G	1841004	Altimar Acquisition Corp. III	2023-10-02	edgar/data/1841004/0000950142-23-002516.txt
15-12G	1856589	M3-Brigade Acquisition III Corp.	2023-10-02	edgar/data/1856589/0001013762-23-000144.txt
15-15D	1235468	LIQUIDITY SERVICES INC	2023-10-02	edgar/data/1235468/0001193125-23-249010.txt
15-15D	1765880	AmeriCredit Automobile Receivables Trust 2019-1	2023-10-02	edgar/data/1765880/0001013762-23-000135.txt
25-NSE	1039765	ING GROEP NV	2023-10-02	edgar/data/1039765/0001143362-23-000410.txt
25-NSE	1131399	GSK plc	2023-10-02	edgar/data/1131399/0001143313-23-000074.txt
25-NSE	1224544	GLAXOSMITHKLINE CAPITAL PLC	2023-10-02	edgar/data/1224544/0001143313-23-000073.txt
25-NSE	1261788	Trust for Advised Portfolios	2023-10-02	edgar/data/1261788/0001417835-23-000092.txt
25-NSE	1354457	Nasdaq Stock Market LLC	2023-10-02	edgar/data/1354457/0001354457-23-000717.txt
25-NSE	1354457	Nasdaq Stock Market LLC	2023-10-02	edgar/data/1354457/0001354457-23-000718.txt
25-NSE	1417835	Cboe BZX Exchange, Inc.	2023-10-02	edgar/data/1417835/0001417835-23-000092.txt
25-NSE	1689657	Bruker Cellular Analysis, Inc.	2023-10-02	edgar/data/1689657/0001354457-23-000717.txt
25-NSE	1764046	CLARIVATE Plc	2023-10-02	edgar/data/1764046/0001143313-23-000069.txt
25-NSE	1819175	Prime Impact Acquisition I	2023-10-02	edgar/data/1819175/0001143313-23-000067.txt
25-NSE	1819175	Prime Impact Acquisition I	2023-10-02	edgar/data/1819175/0001143362-23-000407.txt
25-NSE	1836176	Fathom Digital Manufacturing Corp	2023-10-02	edgar/data/1836176/0001143362-23-000412.txt
25-NSE	1851266	LF Capital Acquisition Corp. II	2023-10-02	edgar/data/1851266/0001354457-23-000718.txt
25-NSE	815097	CARNIVAL CORP	2023-10-02	edgar/data/815097/0001143313-23-000076.txt
25-NSE	876661	NEW YORK STOCK EXCHANGE LLC	2023-10-02	edgar/data/876661/0001143313-23-000067.txt
25-NSE	876661	NEW YORK STOCK EXCHANGE LLC	2023-10-02	edgar/data/876661/0001143313-23-000069.txt
25-NSE	876661	NEW YORK STOCK EXCHANGE LLC	2023-10-02	edgar/data/876661/0001143313-23-000073.txt
25-NSE	876661	NEW YORK STOCK EXCHANGE LLC	2023-10-02	edgar/data/876661/0001143313-23-000074.txt
25-NSE	876661	NEW YORK STOCK EXCHANGE LLC	2023-10-02	edgar/data/876661/0001143313-23-000076.txt
25-NSE	876661	NEW YORK STOCK EXCHANGE LLC	2023-10-02	edgar/data/876661/0001143362-23-000407.txt
25-NSE	876661	NEW YORK STOCK EXCHANGE LLC	2023-10-02	edgar/data/876661/0001143362-23-000410.txt
25-NSE	876661	NEW YORK STOCK EXCHANGE LLC	2023-10-02	edgar/data/876661/0001143362-23-000412.txt
15-12G	1411494	Apollo Asset Management, Inc.	2023-10-03	edgar/data/1411494/0000950142-23-002536.txt
25-NSE	1910950	Atlas Energy Solutions Inc.	2023-10-03	edgar/data/1910950/0001143313-23-000078.txt
25-NSE	876661	NEW YORK STOCK EXCHANGE LLC	2023-10-03	edgar/data/876661/0001143313-23-000078.txt
15-12G	1606457	Atento S.A.	2023-10-04	edgar/data/1606457/0001292814-23-004083.txt
15-12G	1652724	Lucira Health, Inc.	2023-10-04	edgar/data/1652724/0001193125-23-250689.txt
25-NSE	1354457	Nasdaq Stock Market LLC	2023-10-04	edgar/data/1354457/0001354457-23-000722.txt
25-NSE	1794338	International General Insurance Holdings Ltd.	2023-10-04	edgar/data/1794338/0001354457-23-000722.txt
15-12G	1067428	ANGLOGOLD ASHANTI (PTY) LTD	2023-10-05	edgar/data/1067428/0000950157-23-001025.txt
15-12G	1876714	Growth for Good Acquisition Corp	2023-10-05	edgar/data/1876714/0001104659-23-107049.txt
15-15D	1548599	COMM 2012-CCRE1 Mortgage Trust	2023-10-05	edgar/data/1548599/0001888524-23-014134.txt
15-15D	1575686	COMM 2013-CCRE8 Mortgage Trust	2023-10-05	edgar/data/1575686/0001020242-23-000199.txt
15-15D	1578533	COMM 2013-CCRE9 Mortgage Trust	2023-10-05	edgar/data/1578533/0001020242-23-000198.txt
15-15D	1586883	COMM 2013-CCRE11 Mortgage Trust	2023-10-05	edgar/data/1586883/0001020242-23-000200.txt
25	1839824	FAST Acquisition Corp. II	2023-10-05	edgar/data/1839824/0001013762-23-002137.txt
25-NSE	1143313	NYSE AMERICAN LLC	2023-10-05	edgar/data/1143313/0001143313-23-000082.txt
25-NSE	1354457	Nasdaq Stock Market LLC	2023-10-05	edgar/data/1354457/0001354457-23-000724.txt
25-NSE	1719489	Kaleyra, Inc.	2023-10-05	edgar/data/1719489/0001143313-23-000082.txt
25-NSE	1719489	Kaleyra, Inc.	2023-10-05	edgar/data/1719489/0001143313-23-000084.txt
25-NSE	1844417	Estrella Immunopharma, Inc.	2023-10-05	edgar/data/1844417/0001354457-23-000724.txt
25-NSE	876661	NEW YORK STOCK EXCHANGE LLC	2023-10-05	edgar/data/876661/0001143313-23-000084.txt
15-12G	1351172	Liminal BioSciences Inc.	2023-10-06	edgar/data/1351172/0001193125-23-251993.txt
15-12G	1358762	REATA PHARMACEUTICALS INC	2023-10-06	edgar/data/1358762/0001193125-23-252376.txt
15-12G	1386049	Beyond Commerce, Inc.	2023-10-06	edgar/data/1386049/0001096906-23-001919.txt
25	715072	RENASANT CORP	2023-10-06	edgar/data/715072/0000715072-23-000231.txt
25-NSE	1354457	Nasdaq Stock Market LLC	2023-10-06	edgar/data/1354457/0001354457-23-000726.txt
25-NSE	1354457	Nasdaq Stock Market LLC	2023-10-06	edgar/data/1354457/0001354457-23-000730.txt
25-NSE	1492426	Horizon Therapeutics Public Ltd Co	2023-10-06	edgar/data/1492426/0001354457-23-000726.txt
25-NSE	1856653	BioPlus Acquisition Corp.	2023-10-06	edgar/data/1856653/0001354457-23-000730.txt
15-12G	1610950	Syneos Health, Inc.	2023-10-10	edgar/data/1610950/0001193125-23-252987.txt
15-12G	1656536	Decibel Therapeutics, Inc.	2023-10-10	edgar/data/1656536/0001104659-23-108337.txt
15-12G	1660734	Triton International Ltd	2023-10-10	edgar/data/1660734/0001193125-23-253290.txt
15-12G	1800943	Docs, Inc.	2023-10-10	edgar/data/1800943/0001800943-23-000007.txt
15-15D	1793014	Ford Credit Auto Owner Trust 2019-C	2023-10-10	edgar/data/1793014/0001793014-23-000042.txt
25-NSE	1576340	CENTER COAST BROOKFIELD MLP & ENERGY INFRASTRUCTURE FUND	2023-10-10	edgar/data/1576340/0001143313-23-000090.txt
25-NSE	1725134	Digital Media Solutions, Inc.	2023-10-10	edgar/data/1725134/0001143313-23-000092.txt
25-NSE	1821850	Sunlight Financial Holdings Inc.	2023-10-10	edgar/data/1821850/0001143313-23-000094.txt
25-NSE	1838814	Juniper II Corp.	2023-10-10	edgar/data/1838814/0001143313-23-000087.txt
25-NSE	876661	NEW YORK STOCK EXCHANGE LLC	2023-10-10	edgar/data/876661/0001143313-23-000087.txt
25-NSE	876661	NEW YORK STOCK EXCHANGE LLC	2023-10-10	edgar/data/876661/0001143313-23-000090.txt
25-NSE	876661	NEW YORK STOCK EXCHANGE LLC	2023-10-10	edgar/data/876661/0001143313-23-000092.txt
25-NSE	876661	NEW YORK STOCK EXCHANGE LLC	2023-10-10	edgar/data/876661/0001143313-23-000094.txt
15-12G	1126975	Magellan Midstream Partners, L.P.	2023-10-11	edgar/data/1126975/0001013762-23-003128.txt
25-NSE	1354457	Nasdaq Stock Market LLC	2023-10-11	edgar/data/1354457/0001354457-23-000735.txt
25-NSE	1354457	Nasdaq Stock Market LLC	2023-10-11	edgar/data/1354457/0001354457-23-000736.txt
25-NSE	1354457	Nasdaq Stock Market LLC	2023-10-11	edgar/data/1354457/0001354457-23-000737.txt
25-NSE	1621443	Zynerba Pharmaceuticals, Inc.	2023-10-11	edgar/data/1621443/0001354457-23-000735.txt
25-NSE	1754820	Desktop Metal, Inc.	2023-10-11	edgar/data/1754820/0001143313-23-000098.txt
25-NSE	1843100	Schultze Special Purpose Acquisition Corp. II	2023-10-11	edgar/data/1843100/0001354457-23-000737.txt
25-NSE	1858351	Iconic Sports Acquisition Corp.	2023-10-11	edgar/data/1858351/0001143362-23-000425.txt
25-NSE	1869858	SIGNA Sports United N.V.	2023-10-11	edgar/data/1869858/0001143313-23-000096.txt
25-NSE	876661	NEW YORK STOCK EXCHANGE LLC	2023-10-11	edgar/data/876661/0001143313-23-000096.txt
25-NSE	876661	NEW YORK STOCK EXCHANGE LLC	2023-10-11	edgar/data/876661/0001143313-23-000098.txt
25-NSE	876661	NEW YORK STOCK EXCHANGE LLC	2023-10-11	edgar/data/876661/0001143362-23-000425.txt
25-NSE	935494	NATIONAL INSTRUMENTS CORP	2023-10-11	edgar/data/935494/0001354457-23-000736.txt
15-12G	1642862	Venture Lending & Leasing VIII, Inc.	2023-10-12	edgar/data/1642862/0001642862-23-000019.txt
15-12G	1689657	Bruker Cellular Analysis, Inc.	2023-10-12	edgar/data/1689657/0001193125-23-254708.txt
15-12G	1851266	LF Capital Acquisition Corp. II	2023-10-12	edgar/data/1851266/0001731122-23-001884.txt
25	1815021	Boqii Holding Ltd	2023-10-12	edgar/data/1815021/0001013762-23-003306.txt
25-NSE	1009759	Capstone Green Energy Corp	2023-10-12	edgar/data/1009759/0001354457-23-000753.txt
25-NSE	1108967	Orbital Infrastructure Group, Inc.	2023-10-12	edgar/data/1108967/0001354457-23-000759.txt
25-NSE	1293310	HUMANIGEN, INC	2023-10-12	edgar/data/1293310/0001354457-23-000764.txt
25-NSE	1340476	DIRTT ENVIRONMENTAL SOLUTIONS LTD	2023-10-12	edgar/data/1340476/0001354457-23-000757.txt
25-NSE	1354457	Nasdaq Stock Market LLC	2023-10-12	edgar/data/1354457/0001354457-23-000752.txt
25-NSE	1354457	Nasdaq Stock Market LLC	2023-10-12	edgar/data/1354457/0001354457-23-000753.txt
25-NSE	1354457	Nasdaq Stock Market LLC	2023-10-12	edgar/data/1354457/0001354457-23-000754.txt
25-NSE	1354457	Nasdaq Stock Market LLC	2023-10-12	edgar/data/1354457/0001354457-23-000755.txt
25-NSE	1354457	Nasdaq Stock Market LLC	2023-10-12	edgar/data/1354457/0001354457-23-000756.txt
25-NSE	1354457	Nasdaq Stock Market LLC	2023-10-12	edgar/data/1354457/0001354457-23-000757.txt
25-NSE	1354457	Nasdaq Stock Market LLC	2023-10-12	edgar/data/1354457/0001354457-23-000758.txt
25-NSE	1354457	Nasdaq Stock Market LLC	2023-10-12	edgar/data/1354457/0001354457-23-000759.txt
25-NSE	1354457	Nasdaq Stock Market LLC	2023-10-12	edgar/data/1354457/0001354457-23-000760.txt
25-NSE	1354457	Nasdaq Stock Market LLC	2023-10-12	edgar/data/1354457/0001354457-23-000761.txt
25-NSE	1354457	Nasdaq Stock Market LLC	2023-10-12	edgar/data/1354457/0001354457-23-000762.txt
25-NSE	1354457	Nasdaq Stock Market LLC	2023-10-12	edgar/data/1354457/0001354457-23-000763.txt
25-NSE	1354457	Nasdaq Stock Market LLC	2023-10-12	edgar/data/1354457/0001354457-23-000764.txt
25-NSE	1354457	Nasdaq Stock Market LLC	2023-10-12	edgar/data/1354457/0001354457-23-000765.txt
25-NSE	1354457	Nasdaq Stock Market LLC	2023-10-12	edgar/data/1354457/0001354457-23-000766.txt
25-NSE	1383701	Histogen Inc.	2023-10-12	edgar/data/1383701/0001354457-23-000752.txt
25-NSE	1705338	Spark Networks SE	2023-10-12	edgar/data/1705338/0001354457-23-000758.txt
25-NSE	1717556	Vinco Ventures, Inc.	2023-10-12	edgar/data/1717556/0001354457-23-000763.txt
25-NSE	1756499	mCloud Technologies Corp.	2023-10-12	edgar/data/1756499/0001354457-23-000755.txt
25-NSE	1760764	G Medical Innovations Holdings Ltd.	2023-10-12	edgar/data/1760764/0001354457-23-000760.txt
25-NSE	1777765	VIQ Solutions Inc.	2023-10-12	edgar/data/1777765/0001354457-23-000754.txt
25-NSE	1815086	Bridgetown Holdings Ltd	2023-10-12	edgar/data/1815086/0001354457-23-000766.txt
25-NSE	1836056	Ambrx Biopharma Cayman, Inc.	2023-10-12	edgar/data/1836056/0001354457-23-000765.txt
25-NSE	1856948	Chenghe Acquisition Co.	2023-10-12	edgar/data/1856948/0001354457-23-000756.txt
25-NSE	834285	REPUBLIC FIRST BANCORP INC	2023-10-12	edgar/data/834285/0001354457-23-000761.txt
25-NSE	884247	Liquid Media Group Ltd.	2023-10-12	edgar/data/884247/0001354457-23-000762.txt
15-12G	1822912	26 Capital Acquisition Corp.	2023-10-13	edgar/data/1822912/0001013762-23-003879.txt
25-NSE	1354457	Nasdaq Stock Market LLC	2023-10-13	edgar/data/1354457/0001354457-23-000768.txt
25-NSE	1354457	Nasdaq Stock Market LLC	2023-10-13	edgar/data/1354457/0001354457-23-000769.txt
25-NSE	1354457	Nasdaq Stock Market LLC	2023-10-13	edgar/data/1354457/0001354457-23-000770.txt
25-NSE	1408970	AdvisorShares Trust	2023-10-13	edgar/data/1408970/0001354457-23-000770.txt
25-NSE	1572661	Principal Exchange-Traded Funds	2023-10-13	edgar/data/1572661/0001354457-23-000769.txt
25-NSE	718877	Activision Blizzard, Inc.	2023-10-13	edgar/data/718877/0001354457-23-000768.txt
15-12G	1286648	GZ6G Technologies Corp.	2023-10-16	edgar/data/1286648/0001477932-23-007659.txt
15-12G	1492426	Horizon Therapeutics Public Ltd Co	2023-10-16	edgar/data/1492426/0001193125-23-256933.txt
15-12G	1719489	Kaleyra, Inc.	2023-10-16	edgar/data/1719489/0001193125-23-256969.txt
15-12G	1856653	BioPlus Acquisition Corp.	2023-10-16	edgar/data/1856653/0001013762-23-004114.txt
15-12G	1910950	AESI Holdings Inc.	2023-10-16	edgar/data/1910950/0001193125-23-256940.txt
25	1848948	10X Capital Venture Acquisition Corp. III	2023-10-16	edgar/data/1848948/0001013762-23-003977.txt
25-NSE	1338065	DCP Midstream, LP	2023-10-16	edgar/data/1338065/0001143313-23-000100.txt
25-NSE	1354457	Nasdaq Stock Market LLC	2023-10-16	edgar/data/1354457/0001354457-23-000771.txt
25-NSE	1354457	Nasdaq Stock Market LLC	2023-10-16	edgar/data/1354457/0001354457-23-000772.txt
25-NSE	1506213	Strategy Shares	2023-10-16	edgar/data/1506213/0001354457-23-000772.txt
25-NSE	1844280	Thorne Healthtech, Inc.	2023-10-16	edgar/data/1844280/0001354457-23-000771.txt
25-NSE	876661	NEW YORK STOCK EXCHANGE LLC	2023-10-16	edgar/data/876661/0001143313-23-000100.txt
25-NSE	876661	NEW YORK STOCK EXCHANGE LLC	2023-10-16	edgar/data/876661/0001143313-23-000102.txt
25-NSE	894351	WESTERN ASSET MUNICIPAL PARTNERS FUND INC.	2023-10-16	edgar/data/894351/0001143313-23-000102.txt
15-12G	1839824	FAST Acquisition Corp. II	2023-10-17	edgar/data/1839824/0001013762-23-004182.txt
15-15D	1777665	Drive Auto Receivables Trust 2019-3	2023-10-17	edgar/data/1777665/0001193125-23-257090.txt
15-15D	1783326	Santander Drive Auto Receivables Trust 2019-3	2023-10-17	edgar/data/1783326/0001193125-23-257089.txt
25	1495584	Firsthand Technology Value Fund, Inc.	2023-10-17	edgar/data/1495584/0001398344-23-019349.txt
25-NSE	1354457	Nasdaq Stock Market LLC	2023-10-17	edgar/data/1354457/0001354457-23-000773.txt
25-NSE	1403431	Heritage-Crystal Clean, Inc.	2023-10-17	edgar/data/1403431/0001354457-23-000773.txt
25-NSE	1415726	Innovator ETFs Trust	2023-10-17	edgar/data/1415726/0001417835-23-000096.txt
25-NSE	1417835	Cboe BZX Exchange, Inc.	2023-10-17	edgar/data/1417835/0001417835-23-000096.txt
25-NSE	1812234	Churchill Capital Corp V	2023-10-17	edgar/data/1812234/0001143313-23-000104.txt
25-NSE	876661	NEW YORK STOCK EXCHANGE LLC	2023-10-17	edgar/data/876661/0001143313-23-000104.txt
15-12G	1497504	PLx Pharma Winddown Corp.	2023-10-18	edgar/data/1497504/0001193805-23-001424.txt
25-NSE	1046995	EMAGIN CORP	2023-10-18	edgar/data/1046995/0001143313-23-000106.txt
25-NSE	1091883	CIRCOR INTERNATIONAL INC	2023-10-18	edgar/data/1091883/0001143313-23-000108.txt
25-NSE	1143313	NYSE AMERICAN LLC	2023-10-18	edgar/data/1143313/0001143313-23-000106.txt
25-NSE	1143362	NYSE ARCA, INC.	2023-10-18	edgar/data/1143362/0001143313-23-000111.txt
25-NSE	1143362	NYSE ARCA, INC.	2023-10-18	edgar/data/1143362/0001143362-23-000433.txt
25-NSE	1143362	NYSE ARCA, INC.	2023-10-18	edgar/data/1143362/0001143362-23-000435.txt
25-NSE	1354457	Nasdaq Stock Market LLC	2023-10-18	edgar/data/1354457/0001354457-23-000776.txt
25-NSE	1485894	J.P. Morgan Exchange-Traded Fund Trust	2023-10-18	edgar/data/1485894/0001143313-23-000111.txt
25-NSE	1833032	ASYMmetric ETFs Trust	2023-10-18	edgar/data/1833032/0001143362-23-000433.txt
25-NSE	1833032	ASYMmetric ETFs Trust	2023-10-18	edgar/data/1833032/0001143362-23-000435.txt
25-NSE	1863181	Home Plate Acquisition Corp	2023-10-18	edgar/data/1863181/0001354457-23-000776.txt
25-NSE	1874474	Allego N.V.	2023-10-18	edgar/data/1874474/0001143313-23-000112.txt
25-NSE	876661	NEW YORK STOCK EXCHANGE LLC	2023-10-18	edgar/data/876661/0001143313-23-000108.txt
25-NSE	876661	NEW YORK STOCK EXCHANGE LLC	2023-10-18	edgar/data/876661/0001143313-23-000112.txt
15-12G	1621443	Zynerba Pharmaceuticals, Inc.	2023-10-19	edgar/data/1621443/0001140361-23-048880.txt
15-12G	1842644	SILVERspac Inc.	2023-10-19	edgar/data/1842644/0001013762-23-004937.txt
25	1710607	AMERICAN CENTURY ETF TRUST	2023-10-19	edgar/data/1710607/0001710607-23-000251.txt
25	1869141	Athena Consumer Acquisition Corp.	2023-10-19	edgar/data/1869141/0001013762-23-005083.txt
25-NSE	1354457	Nasdaq Stock Market LLC	2023-10-19	edgar/data/1354457/0001354457-23-000778.txt
25-NSE	1354457	Nasdaq Stock Market LLC	2023-10-19	edgar/data/1354457/0001354457-23-000782.txt
25-NSE	1842498	Otonomo Technologies Ltd.	2023-10-19	edgar/data/1842498/0001354457-23-000778.txt
25-NSE	1844149	Spectaire Holdings Inc.	2023-10-19	edgar/data/1844149/0001354457-23-000782.txt
15-12G	1838814	Juniper II Corp.	2023-10-20	edgar/data/1838814/0001193125-23-259558.txt
25-NSE	1143362	NYSE ARCA, INC.	2023-10-20	edgar/data/1143362/0001143362-23-000440.txt
25-NSE	1350487	WisdomTree Trust	2023-10-20	edgar/data/1350487/0001354457-23-000785.txt
25-NSE	1354457	Nasdaq Stock Market LLC	2023-10-20	edgar/data/1354457/0001354457-23-000784.txt
25-NSE	1354457	Nasdaq Stock Market LLC	2023-10-20	edgar/data/1354457/0001354457-23-000785.txt
25-NSE	1408970	AdvisorShares Trust	2023-10-20	edgar/data/1408970/0001143362-23-000440.txt
25-NSE	1540305	ETF Series Solutions	2023-10-20	edgar/data/1540305/0001354457-23-000784.txt
15-12G	1836056	Ambrx Biopharma Cayman, Inc.	2023-10-23	edgar/data/1836056/0001193125-23-260905.txt
15-12G	1843100	Schultze Special Purpose Acquisition Corp. II	2023-10-23	edgar/data/1843100/0001013762-23-005827.txt
15-12G	1858351	Iconic Sports Acquisition Corp.	2023-10-23	edgar/data/1858351/0001104659-23-110839.txt
15-12G	718877	Activision Blizzard, Inc.	2023-10-23	edgar/data/718877/0001104659-23-110841.txt
15-12G	935494	NATIONAL INSTRUMENTS CORP	2023-10-23	edgar/data/935494/0000950103-23-015215.txt
25-NSE	1095315	PFSWEB INC	2023-10-23	edgar/data/1095315/0001354457-23-000788.txt
25-NSE	1143313	NYSE AMERICAN LLC	2023-10-23	edgar/data/1143313/0001143313-23-000114.txt
25-NSE	1143313	NYSE AMERICAN LLC	2023-10-23	edgar/data/1143313/0001143313-23-000117.txt
25-NSE	1143313	NYSE AMERICAN LLC	2023-10-23	edgar/data/1143313/0001143313-23-000118.txt
25-NSE	1178840	NEUBERGER BERMAN CALIFORNIA MUNICIPAL FUND INC.	2023-10-23	edgar/data/1178840/0001143313-23-000118.txt
25-NSE	1178841	NEUBERGER BERMAN NEW YORK MUNICIPAL FUND INC.	2023-10-23	edgar/data/1178841/0001143313-23-000117.txt
25-NSE	1354457	Nasdaq Stock Market LLC	2023-10-23	edgar/data/1354457/0001354457-23-000786.txt
25-NSE	1354457	Nasdaq Stock Market LLC	2023-10-23	edgar/data/1354457/0001354457-23-000787.txt
25-NSE	1354457	Nasdaq Stock Market LLC	2023-10-23	edgar/data/1354457/0001354457-23-000788.txt
25-NSE	1417835	Cboe BZX Exchange, Inc.	2023-10-23	edgar/data/1417835/0001417835-23-000100.txt
25-NSE	1484018	Spinnaker ETF Series	2023-10-23	edgar/data/1484018/0001354457-23-000787.txt
25-NSE	1644419	Northern Lights Fund Trust IV	2023-10-23	edgar/data/1644419/0001417835-23-000100.txt
25-NSE	1760717	SciPlay Corp	2023-10-23	edgar/data/1760717/0001354457-23-000786.txt
25-NSE	810509	NAVIDEA BIOPHARMACEUTICALS, INC.	2023-10-23	edgar/data/810509/0001143313-23-000114.txt
15-12G	96793	SUNLINK HEALTH SYSTEMS INC	2023-10-24	edgar/data/96793/0001193125-23-260970.txt
25-NSE	1856242	C5 Acquisition Corp	2023-10-24	edgar/data/1856242/0001143313-23-000120.txt
25-NSE	876661	NEW YORK STOCK EXCHANGE LLC	2023-10-24	edgar/data/876661/0001143313-23-000120.txt
15-12G	1641640	Nabriva Therapeutics plc	2023-10-25	edgar/data/1641640/0001104659-23-111352.txt
15-12G	1869858	SIGNA Sports United N.V.	2023-10-25	edgar/data/1869858/0001869858-23-000070.txt
25-NSE	1143362	NYSE ARCA, INC.	2023-10-25	edgar/data/1143362/0001143362-23-000443.txt
25-NSE	1500604	Janus Detroit Street Trust	2023-10-25	edgar/data/1500604/0001143362-23-000443.txt
25-NSE	1804583	Cloopen Group Holding Ltd	2023-10-25	edgar/data/1804583/0001143362-23-000447.txt
25-NSE	876661	NEW YORK STOCK EXCHANGE LLC	2023-10-25	edgar/data/876661/0001143362-23-000447.txt
15-12G	1338065	DCP Midstream, LP	2023-10-26	edgar/data/1338065/0001193125-23-264131.txt
15-12G	1844280	Thorne Healthtech, Inc.	2023-10-26	edgar/data/1844280/0001193125-23-263467.txt
25-NSE	1417835	Cboe BZX Exchange, Inc.	2023-10-26	edgar/data/1417835/0001417835-23-000105.txt
25-NSE	1572661	Principal Exchange-Traded Funds	2023-10-26	edgar/data/1572661/0001417835-23-000105.txt
15-12G	1403431	Heritage-Crystal Clean, Inc.	2023-10-27	edgar/data/1403431/0001193125-23-264490.txt
15-12G	1812234	Churchill Capital Corp V	2023-10-27	edgar/data/1812234/0000950142-23-002690.txt
15-12G	1815086	Bridgetown Holdings Ltd	2023-10-27	edgar/data/1815086/0001193125-23-264463.txt
15-15D	1789892	Toyota Auto Receivables 2019-D Owner Trust	2023-10-27	edgar/data/1789892/0000929638-23-002913.txt
25-NSE	1143362	NYSE ARCA, INC.	2023-10-27	edgar/data/1143362/0001143362-23-000449.txt
25-NSE	1547576	Krane Shares Trust	2023-10-27	edgar/data/1547576/0001143362-23-000449.txt
15-12G	1046995	EMAGIN CORP	2023-10-30	edgar/data/1046995/0001104659-23-112378.txt
15-12G	1091883	CIRCOR INTERNATIONAL INC	2023-10-30	edgar/data/1091883/0001140361-23-050028.txt
15-12G	1842498	Otonomo Technologies Ltd.	2023-10-30	edgar/data/1842498/0001178913-23-003452.txt
15-12G	1863181	Home Plate Acquisition Corp	2023-10-30	edgar/data/1863181/0001140361-23-050057.txt
25	1822829	Ozon Holdings PLC	2023-10-30	edgar/data/1822829/0001193125-23-265755.txt
25	1854233	Enthusiast Gaming Holdings Inc. / Canada	2023-10-30	edgar/data/1854233/0001539497-23-001798.txt
25-NSE	1067837	AUDACY, INC.	2023-10-30	edgar/data/1067837/0001143313-23-000125.txt
25-NSE	1143313	NYSE AMERICAN LLC	2023-10-30	edgar/data/1143313/0001143313-23-000123.txt
25-NSE	1143362	NYSE ARCA, INC.	2023-10-30	edgar/data/1143362/0001143362-23-000453.txt
25-NSE	1350487	WisdomTree Trust	2023-10-30	edgar/data/1350487/0001143362-23-000453.txt
25-NSE	1354457	Nasdaq Stock Market LLC	2023-10-30	edgar/data/1354457/0001354457-23-000793.txt
25-NSE	1354457	Nasdaq Stock Market LLC	2023-10-30	edgar/data/1354457/0001354457-23-000794.txt
25-NSE	1534992	Fiesta Restaurant Group, Inc.	2023-10-30	edgar/data/1534992/0001354457-23-000793.txt
25-NSE	1794846	Atlas Corp.	2023-10-30	edgar/data/1794846/0001143313-23-000127.txt
25-NSE	1810140	Polished.com Inc.	2023-10-30	edgar/data/1810140/0001143313-23-000123.txt
25-NSE	1880613	Direct Digital Holdings, Inc.	2023-10-30	edgar/data/1880613/0001354457-23-000794.txt
25-NSE	876661	NEW YORK STOCK EXCHANGE LLC	2023-10-30	edgar/data/876661/0001143313-23-000125.txt
25-NSE	876661	NEW YORK STOCK EXCHANGE LLC	2023-10-30	edgar/data/876661/0001143313-23-000127.txt
15-15D	1795772	GM Financial Consumer Automobile Receivables Trust 2020-1	2023-10-31	edgar/data/1795772/0001213900-23-081653.txt
25-NSE	1143362	NYSE ARCA, INC.	2023-10-31	edgar/data/1143362/0001143362-23-000459.txt
25-NSE	1143362	NYSE ARCA, INC.	2023-10-31	edgar/data/1143362/0001143362-23-000462.txt
25-NSE	1143362	NYSE ARCA, INC.	2023-10-31	edgar/data/1143362/0001143362-23-000465.txt
25-NSE	1354457	Nasdaq Stock Market LLC	2023-10-31	edgar/data/1354457/0001354457-23-000797.txt
25-NSE	1408970	AdvisorShares Trust	2023-10-31	edgar/data/1408970/0001143362-23-000462.txt
25-NSE	1587982	Investment Managers Series Trust II	2023-10-31	edgar/data/1587982/0001143362-23-000459.txt
25-NSE	1593547	Advisors' Inner Circle Fund III	2023-10-31	edgar/data/1593547/0001143362-23-000465.txt
25-NSE	1633438	Azure Power Global Ltd	2023-10-31	edgar/data/1633438/0001143313-23-000131.txt
25-NSE	1818089	Bluescape Opportunities Acquisition Corp.	2023-10-31	edgar/data/1818089/0001143313-23-000129.txt
25-NSE	1862068	Rubicon Technologies, Inc.	2023-10-31	edgar/data/1862068/0001143313-23-000133.txt
25-NSE	1874495	Forbion European Acquisition Corp.	2023-10-31	edgar/data/1874495/0001354457-23-000797.txt
25-NSE	84129	RITE AID CORP	2023-10-31	edgar/data/84129/0001143313-23-000135.txt
25-NSE	876661	NEW YORK STOCK EXCHANGE LLC	2023-10-31	edgar/data/876661/0001143313-23-000129.txt
25-NSE	876661	NEW YORK STOCK EXCHANGE LLC	2023-10-31	edgar/data/876661/0001143313-23-000131.txt
25-NSE	876661	NEW YORK STOCK EXCHANGE LLC	2023-10-31	edgar/data/876661/0001143313-23-000133.txt
25-NSE	876661	NEW YORK STOCK EXCHANGE LLC	2023-10-31	edgar/data/876661/0001143313-23-000135.txt
25	50471	PARK CITY GROUP INC	2023-11-01	edgar/data/50471/0001437749-23-029770.txt
25-NSE	10254	EARTHSTONE ENERGY INC	2023-11-01	edgar/data/10254/0001143313-23-000139.txt
25-NSE	1143313	NYSE AMERICAN LLC	2023-11-01	edgar/data/1143313/0001143313-23-000141.txt
25-NSE	1144519	BUNGELTD	2023-11-01	edgar/data/1144519/0001143313-23-000137.txt
25-NSE	1417835	Cboe BZX Exchange, Inc.	2023-11-01	edgar/data/1417835/0001417835-23-000108.txt
25-NSE	1592900	EA Series Trust	2023-11-01	edgar/data/1592900/0001417835-23-000108.txt
25-NSE	1823857	Viveon Health Acquisition Corp.	2023-11-01	edgar/data/1823857/0001143313-23-000141.txt
25-NSE	1840225	Fusion Acquisition Corp. II	2023-11-01	edgar/data/1840225/0001143313-23-000143.txt
25-NSE	876661	NEW YORK STOCK EXCHANGE LLC	2023-11-01	edgar/data/876661/0001143313-23-000137.txt
25-NSE	876661	NEW YORK STOCK EXCHANGE LLC	2023-11-01	edgar/data/876661/0001143313-23-000139.txt
25-NSE	876661	NEW YORK STOCK EXCHANGE LLC	2023-11-01	edgar/data/876661/0001143313-23-000143.txt
15-12G	1095315	PFSWEB INC	2023-11-02	edgar/data/1095315/0001095315-23-000097.txt
15-12G	1760717	SciPlay Corp	2023-11-02	edgar/data/1760717/0000950157-23-001096.txt
15-15D	1584492	COMM 2013-LC13 Mortgage Trust	2023-11-02	edgar/data/1584492/0001020242-23-000213.txt
15-15D	1585067	WFRBS Commercial Mortgage Trust 2013-C16	2023-11-02	edgar/data/1585067/0001888524-23-015562.txt
25-NSE	1100663	iSHARES TRUST	2023-11-02	edgar/data/1100663/0001143362-23-000471.txt
25-NSE	1143362	NYSE ARCA, INC.	2023-11-02	edgar/data/1143362/0001143362-23-000471.txt
25-NSE	1143362	NYSE ARCA, INC.	2023-11-02	edgar/data/1143362/0001143362-23-000475.txt
25-NSE	1354457	Nasdaq Stock Market LLC	2023-11-02	edgar/data/1354457/0001354457-23-000802.txt
25-NSE	1354457	Nasdaq Stock Market LLC	2023-11-02	edgar/data/1354457/0001354457-23-000804.txt
25-NSE	1761055	BlackRock ETF Trust	2023-11-02	edgar/data/1761055/0001143362-23-000475.txt
25-NSE	1840780	Local Bounti Corporation/DE	2023-11-02	edgar/data/1840780/0001143362-23-000480.txt
25-NSE	1841586	Industrial Tech Acquisitions II, Inc.	2023-11-02	edgar/data/1841586/0001354457-23-000802.txt
25-NSE	1854583	Abri SPAC I, Inc.	2023-11-02	edgar/data/1854583/0001354457-23-000804.txt
25-NSE	80424	PROCTER & GAMBLE Co	2023-11-02	edgar/data/80424/0001143362-23-000478.txt
25-NSE	876661	NEW YORK STOCK EXCHANGE LLC	2023-11-02	edgar/data/876661/0001143313-23-000147.txt
25-NSE	876661	NEW YORK STOCK EXCHANGE LLC	2023-11-02	edgar/data/876661/0001143362-23-000478.txt
25-NSE	876661	NEW YORK STOCK EXCHANGE LLC	2023-11-02	edgar/data/876661/0001143362-23-000480.txt
25-NSE	945764	DENBURY INC	2023-11-02	edgar/data/945764/0001143313-23-000147.txt
25	1130713	OVERSTOCK.COM, INC	2023-11-03	edgar/data/1130713/0001140361-23-051408.txt
25-NSE	1100663	iSHARES TRUST	2023-11-03	edgar/data/1100663/0001417835-23-000111.txt
25-NSE	1136352	Crestwood Equity Partners LP	2023-11-03	edgar/data/1136352/0001143313-23-000151.txt
25-NSE	1143362	NYSE ARCA, INC.	2023-11-03	edgar/data/1143362/0001143362-23-000483.txt
25-NSE	1354457	Nasdaq Stock Market LLC	2023-11-03	edgar/data/1354457/0001354457-23-000805.txt
25-NSE	1354457	Nasdaq Stock Market LLC	2023-11-03	edgar/data/1354457/0001354457-23-000807.txt
25-NSE	1354457	Nasdaq Stock Market LLC	2023-11-03	edgar/data/1354457/0001354457-23-000808.txt
25-NSE	1417835	Cboe BZX Exchange, Inc.	2023-11-03	edgar/data/1417835/0001417835-23-000111.txt
25-NSE	1651561	Tabula Rasa HealthCare, Inc.	2023-11-03	edgar/data/1651561/0001354457-23-000805.txt
25-NSE	1810747	Simplify Exchange Traded Funds	2023-11-03	edgar/data/1810747/0001143362-23-000483.txt
25-NSE	1839990	Artemis Strategic Investment Corp	2023-11-03	edgar/data/1839990/0001354457-23-000807.txt
25-NSE	1840353	Twin Ridge Capital Acquisition Corp.	2023-11-03	edgar/data/1840353/0001143362-23-000485.txt
25-NSE	1843656	Royalty Management Holding Corp	2023-11-03	edgar/data/1843656/0001354457-23-000808.txt
25-NSE	876661	NEW YORK STOCK EXCHANGE LLC	2023-11-03	edgar/data/876661/0001143313-23-000151.txt
25-NSE	876661	NEW YORK STOCK EXCHANGE LLC	2023-11-03	edgar/data/876661/0001143362-23-000485.txt
15-12G	1552979	China De Xiao Quan Care Group Co., Ltd	2023-11-06	edgar/data/1552979/0001683168-23-007646.txt
15-15D	1705338	Spark Networks SE	2023-11-06	edgar/data/1705338/0000929638-23-003009.txt
25	1707925	LINDE PLC	2023-11-06	edgar/data/1707925/0001654954-23-013831.txt
25	1743344	PyroGenesis Canada Inc.	2023-11-06	edgar/data/1743344/0001171843-23-006771.txt
25-NSE	1174169	ALGONQUIN POWER & UTILITIES CORP.	2023-11-06	edgar/data/1174169/0000876661-23-000817.txt
25-NSE	1176433	Nuveen Preferred & Income Securities Fund	2023-11-06	edgar/data/1176433/0001143313-23-000156.txt
25-NSE	1354457	Nasdaq Stock Market LLC	2023-11-06	edgar/data/1354457/0001354457-23-000810.txt
25-NSE	1679033	Nuveen Preferred & Income Fund	2023-11-06	edgar/data/1679033/0001143313-23-000154.txt
25-NSE	1862327	Infinite Acquisition Corp.	2023-11-06	edgar/data/1862327/0000876661-23-000819.txt
25-NSE	1937987	Falcon's Beyond Global, Inc.	2023-11-06	edgar/data/1937987/0001354457-23-000810.txt
25-NSE	876661	NEW YORK STOCK EXCHANGE LLC	2023-11-06	edgar/data/876661/0000876661-23-000817.txt
25-NSE	876661	NEW YORK STOCK EXCHANGE LLC	2023-11-06	edgar/data/876661/0000876661-23-000819.txt
25-NSE	876661	NEW YORK STOCK EXCHANGE LLC	2023-11-06	edgar/data/876661/0001143313-23-000154.txt
25-NSE	876661	NEW YORK STOCK EXCHANGE LLC	2023-11-06	edgar/data/876661/0001143313-23-000156.txt
15-12G	1788717	F45 Training Holdings Inc.	2023-11-07	edgar/data/1788717/0001193125-23-272551.txt
15-12G	1802546	KONA GOLD BEVERAGE, INC.	2023-11-07	edgar/data/1802546/0001493152-23-039674.txt
25-NSE	1000275	ROYAL BANK OF CANADA	2023-11-07	edgar/data/1000275/0000876661-23-000822.txt
25-NSE	1143313	NYSE AMERICAN LLC	2023-11-07	edgar/data/1143313/0001143313-23-000160.txt
25-NSE	1354457	Nasdaq Stock Market LLC	2023-11-07	edgar/data/1354457/0001354457-23-000811.txt
25-NSE	1354457	Nasdaq Stock Market LLC	2023-11-07	edgar/data/1354457/0001354457-23-000812.txt
25-NSE	1354457	Nasdaq Stock Market LLC	2023-11-07	edgar/data/1354457/0001354457-23-000815.txt
25-NSE	1354457	Nasdaq Stock Market LLC	2023-11-07	edgar/data/1354457/0001354457-23-000816.txt
25-NSE	1354457	Nasdaq Stock Market LLC	2023-11-07	edgar/data/1354457/0001354457-23-000817.txt
25-NSE	1354457	Nasdaq Stock Market LLC	2023-11-07	edgar/data/1354457/0001354457-23-000818.txt
25-NSE	1644406	Hostess Brands, Inc.	2023-11-07	edgar/data/1644406/0001354457-23-000812.txt
25-NSE	1829432	Ares Acquisition Corp	2023-11-07	edgar/data/1829432/0001143313-23-000162.txt
25-NSE	1849380	Data Knights Acquisition Corp.	2023-11-07	edgar/data/1849380/0001354457-23-000815.txt
25-NSE	1853044	Worldwide Webb Acquisition Corp.	2023-11-07	edgar/data/1853044/0001354457-23-000818.txt
25-NSE	1866816	OmniLit Acquisition Corp.	2023-11-07	edgar/data/1866816/0001354457-23-000817.txt
25-NSE	1881487	ProFrac Holding Corp.	2023-11-07	edgar/data/1881487/0001354457-23-000816.txt
25-NSE	866028	POLYMET MINING CORP	2023-11-07	edgar/data/866028/0001143313-23-000160.txt
25-NSE	876661	NEW YORK STOCK EXCHANGE LLC	2023-11-07	edgar/data/876661/0000876661-23-000822.txt
25-NSE	876661	NEW YORK STOCK EXCHANGE LLC	2023-11-07	edgar/data/876661/0001143313-23-000162.txt
25-NSE	896841	AVID TECHNOLOGY, INC.	2023-11-07	edgar/data/896841/0001354457-23-000811.txt
15-15D	1780552	World Omni Auto Receivables Trust 2019-C	2023-11-08	edgar/data/1780552/0001104659-23-115429.txt
25-NSE	1053092	CREDIT SUISSE AG	2023-11-08	edgar/data/1053092/0001143362-23-000495.txt
25-NSE	1143362	NYSE ARCA, INC.	2023-11-08	edgar/data/1143362/0001143362-23-000495.txt
25-NSE	1270073	INTERCEPT PHARMACEUTICALS, INC.	2023-11-08	edgar/data/1270073/0001354457-23-000819.txt
25-NSE	1354457	Nasdaq Stock Market LLC	2023-11-08	edgar/data/1354457/0001354457-23-000819.txt
25-NSE	1354457	Nasdaq Stock Market LLC	2023-11-08	edgar/data/1354457/0001354457-23-000821.txt
25-NSE	1448056	NEW RELIC, INC.	2023-11-08	edgar/data/1448056/0000876661-23-000824.txt
25-NSE	1723128	Amneal Pharmaceuticals, Inc.	2023-11-08	edgar/data/1723128/0000876661-23-000826.txt
25-NSE	1841925	indie Semiconductor, Inc.	2023-11-08	edgar/data/1841925/0001354457-23-000821.txt
25-NSE	876661	NEW YORK STOCK EXCHANGE LLC	2023-11-08	edgar/data/876661/0000876661-23-000824.txt
25-NSE	876661	NEW YORK STOCK EXCHANGE LLC	2023-11-08	edgar/data/876661/0000876661-23-000826.txt
15-12G	1534992	Fiesta Restaurant Group, Inc.	2023-11-09	edgar/data/1534992/0001140361-23-052181.txt
15-12G	1692787	Kinetik Holdings Inc.	2023-11-09	edgar/data/1692787/0001193125-23-274609.txt
15-12G	1877561	NRI Real Estate Investment & Technology, Inc.	2023-11-09	edgar/data/1877561/0001213900-23-085064.txt
15-12G	831547	SPECTRUM PHARMACEUTICALS INC	2023-11-09	edgar/data/831547/0001104659-23-116355.txt
15F-12B	1822829	Ozon Holdings PLC	2023-11-09	edgar/data/1822829/0001193125-23-274056.txt
25	1276671	BANCO ITAU CHILE	2023-11-09	edgar/data/1276671/0001104659-23-116319.txt
25-NSE	1354457	Nasdaq Stock Market LLC	2023-11-09	edgar/data/1354457/0001354457-23-000823.txt
25-NSE	1354457	Nasdaq Stock Market LLC	2023-11-09	edgar/data/1354457/0001354457-23-000824.txt
25-NSE	1354457	Nasdaq Stock Market LLC	2023-11-09	edgar/data/1354457/0001354457-23-000827.txt
25-NSE	1668370	Toughbuilt Industries, Inc	2023-11-09	edgar/data/1668370/0001354457-23-000827.txt
25-NSE	1774675	Skillsoft Corp.	2023-11-09	edgar/data/1774675/0000876661-23-000829.txt
25-NSE	1843762	EQRx, Inc.	2023-11-09	edgar/data/1843762/0001354457-23-000824.txt
25-NSE	708818	NEXTGEN HEALTHCARE, INC.	2023-11-09	edgar/data/708818/0001354457-23-000823.txt
25-NSE	876661	NEW YORK STOCK EXCHANGE LLC	2023-11-09	edgar/data/876661/0000876661-23-000829.txt
15-12G	10254	EARTHSTONE ENERGY INC	2023-11-13	edgar/data/10254/0001193125-23-276043.txt
15-12G	1136352	Crestwood Equity Partners LP	2023-11-13	edgar/data/1136352/0001193125-23-275219.txt
15-12G	1304464	Crestwood Midstream Partners LP	2023-11-13	edgar/data/1304464/0001193125-23-275199.txt
15-12G	1651561	Tabula Rasa HealthCare, Inc.	2023-11-13	edgar/data/1651561/0001140361-23-052747.txt
15-12G	1760173	SURGALIGN HOLDINGS, INC.	2023-11-13	edgar/data/1760173/0001213900-23-086113.txt
15-12G	1839990	Artemis Strategic Investment Corp	2023-11-13	edgar/data/1839990/0001104659-23-117040.txt
15-12G	1840353	Twin Ridge Capital Acquisition Corp.	2023-11-13	edgar/data/1840353/0001140361-23-052786.txt
15-12G	1841586	Industrial Tech Acquisitions II, Inc.	2023-11-13	edgar/data/1841586/0001213900-23-085726.txt
15-12G	1874495	Forbion European Acquisition Corp.	2023-11-13	edgar/data/1874495/0000929638-23-003070.txt
15-12G	924095	Metavesco, Inc.	2023-11-13	edgar/data/924095/0001493152-23-040641.txt
15-15D	1144519	BUNGELTD	2023-11-13	edgar/data/1144519/0001104659-23-116484.txt
15F-12B	1268896	CHINA LIFE INSURANCE CO LTD	2023-11-13	edgar/data/1268896/0001193125-23-275330.txt
25	1495922	EntrepreneurShares Series Trust	2023-11-13	edgar/data/1495922/0001580642-23-006174.txt
25-NSE	1143313	NYSE AMERICAN LLC	2023-11-13	edgar/data/1143313/0001143313-23-000171.txt
25-NSE	1306965	Shell plc	2023-11-13	edgar/data/1306965/0000876661-23-000838.txt
25-NSE	1333621	Shell International Finance B.V.	2023-11-13	edgar/data/1333621/0000876661-23-000839.txt
25-NSE	1354457	Nasdaq Stock Market LLC	2023-11-13	edgar/data/1354457/0001354457-23-000828.txt
25-NSE	1354457	Nasdaq Stock Market LLC	2023-11-13	edgar/data/1354457/0001354457-23-000829.txt
25-NSE	1354457	Nasdaq Stock Market LLC	2023-11-13	edgar/data/1354457/0001354457-23-000830.txt
25-NSE	1354457	Nasdaq Stock Market LLC	2023-11-13	edgar/data/1354457/0001354457-23-000831.txt
25-NSE	1432353	Global X Funds	2023-11-13	edgar/data/1432353/0001354457-23-000828.txt
25-NSE	1432353	Global X Funds	2023-11-13	edgar/data/1432353/0001354457-23-000829.txt
25-NSE	1432353	Global X Funds	2023-11-13	edgar/data/1432353/0001354457-23-000830.txt
25-NSE	1500096	Kayne Anderson NextGen Energy & Infrastructure, Inc.	2023-11-13	edgar/data/1500096/0000876661-23-000835.txt
25-NSE	1617669	Unique Fabricating, Inc.	2023-11-13	edgar/data/1617669/0001143313-23-000171.txt
25-NSE	1701114	Blue Apron Holdings, Inc.	2023-11-13	edgar/data/1701114/0001354457-23-000831.txt
25-NSE	1781335	Otis Worldwide Corp	2023-11-13	edgar/data/1781335/0000876661-23-000832.txt
25-NSE	1800682	Cano Health, Inc.	2023-11-13	edgar/data/1800682/0000876661-23-000842.txt
25-NSE	1826889	Beachbody Company, Inc.	2023-11-13	edgar/data/1826889/0001143313-23-000173.txt
25-NSE	876661	NEW YORK STOCK EXCHANGE LLC	2023-11-13	edgar/data/876661/0000876661-23-000832.txt
25-NSE	876661	NEW YORK STOCK EXCHANGE LLC	2023-11-13	edgar/data/876661/0000876661-23-000835.txt
25-NSE	876661	NEW YORK STOCK EXCHANGE LLC	2023-11-13	edgar/data/876661/0000876661-23-000838.txt
25-NSE	876661	NEW YORK STOCK EXCHANGE LLC	2023-11-13	edgar/data/876661/0000876661-23-000839.txt
25-NSE	876661	NEW YORK STOCK EXCHANGE LLC	2023-11-13	edgar/data/876661/0000876661-23-000842.txt
25-NSE	876661	NEW YORK STOCK EXCHANGE LLC	2023-11-13	edgar/data/876661/0001143313-23-000173.txt
15-12G	1552743	UNIVERSAL GLOBAL HUB INC.	2023-11-14	edgar/data/1552743/0001213900-23-086658.txt
15-12G	1715433	Leader Capital Holdings Corp.	2023-11-14	edgar/data/1715433/0001493152-23-040658.txt
15-12G	1856242	C5 Acquisition Corp	2023-11-14	edgar/data/1856242/0000950142-23-002771.txt
25-NSE	1354457	Nasdaq Stock Market LLC	2023-11-14	edgar/data/1354457/0001354457-23-000836.txt
25-NSE	1354457	Nasdaq Stock Market LLC	2023-11-14	edgar/data/1354457/0001354457-23-000837.txt
25-NSE	1354457	Nasdaq Stock Market LLC	2023-11-14	edgar/data/1354457/0001354457-23-000838.txt
25-NSE	1547950	Exchange Listed Funds Trust	2023-11-14	edgar/data/1547950/0001354457-23-000836.txt
25-NSE	1883962	ALSP Orchid Acquisition Corp I	2023-11-14	edgar/data/1883962/0001354457-23-000838.txt
25-NSE	901832	ASTRAZENECA PLC	2023-11-14	edgar/data/901832/0001354457-23-000837.txt
15-15D	1799766	Capital One Prime Auto Receivables Trust 2020-1	2023-11-15	edgar/data/1799766/0001193125-23-277850.txt
25-NSE	1090727	UNITED PARCEL SERVICE INC	2023-11-15	edgar/data/1090727/0000876661-23-000848.txt
25-NSE	1143313	NYSE AMERICAN LLC	2023-11-15	edgar/data/1143313/0001143313-23-000175.txt
25-NSE	1306965	Shell plc	2023-11-15	edgar/data/1306965/0000876661-23-000853.txt
25-NSE	1333621	Shell International Finance B.V.	2023-11-15	edgar/data/1333621/0000876661-23-000854.txt
25-NSE	1354457	Nasdaq Stock Market LLC	2023-11-15	edgar/data/1354457/0001354457-23-000841.txt
25-NSE	1413329	Philip Morris International Inc.	2023-11-15	edgar/data/1413329/0000876661-23-000858.txt
25-NSE	1551152	AbbVie Inc.	2023-11-15	edgar/data/1551152/0000876661-23-000860.txt
25-NSE	1649373	SANTANDER UK GROUP HOLDINGS PLC	2023-11-15	edgar/data/1649373/0000876661-23-000856.txt
25-NSE	1857518	Jaguar Global Growth Corp I	2023-11-15	edgar/data/1857518/0001354457-23-000841.txt
25-NSE	38009	FORD MOTOR CREDIT CO LLC	2023-11-15	edgar/data/38009/0000876661-23-000846.txt
25-NSE	830524	CHASE CORP	2023-11-15	edgar/data/830524/0001143313-23-000175.txt
25-NSE	831001	CITIGROUP INC	2023-11-15	edgar/data/831001/0000876661-23-000850.txt
25-NSE	876661	NEW YORK STOCK EXCHANGE LLC	2023-11-15	edgar/data/876661/0000876661-23-000846.txt
25-NSE	876661	NEW YORK STOCK EXCHANGE LLC	2023-11-15	edgar/data/876661/0000876661-23-000848.txt
25-NSE	876661	NEW YORK STOCK EXCHANGE LLC	2023-11-15	edgar/data/876661/0000876661-23-000850.txt
25-NSE	876661	NEW YORK STOCK EXCHANGE LLC	2023-11-15	edgar/data/876661/0000876661-23-000853.txt
25-NSE	876661	NEW YORK STOCK EXCHANGE LLC	2023-11-15	edgar/data/876661/0000876661-23-000854.txt
25-NSE	876661	NEW YORK STOCK EXCHANGE LLC	2023-11-15	edgar/data/876661/0000876661-23-000856.txt
25-NSE	876661	NEW YORK STOCK EXCHANGE LLC	2023-11-15	edgar/data/876661/0000876661-23-000858.txt
25-NSE	876661	NEW YORK STOCK EXCHANGE LLC	2023-11-15	edgar/data/876661/0000876661-23-000860.txt
15-12G	1174169	ALGONQUIN POWER & UTILITIES CORP.	2023-11-16	edgar/data/1174169/0001140361-23-053647.txt
15-12G	1862327	Infinite Acquisition Corp.	2023-11-16	edgar/data/1862327/0001140361-23-053587.txt
15-12G	896841	AVID TECHNOLOGY, INC.	2023-11-16	edgar/data/896841/0001839882-23-030826.txt
25-NSE	1091748	Argo Group International Holdings, Ltd.	2023-11-16	edgar/data/1091748/0000876661-23-000863.txt
25-NSE	1143362	NYSE ARCA, INC.	2023-11-16	edgar/data/1143362/0001143362-23-000503.txt
25-NSE	1354457	Nasdaq Stock Market LLC	2023-11-16	edgar/data/1354457/0001354457-23-000843.txt
25-NSE	1655589	Franklin Templeton ETF Trust	2023-11-16	edgar/data/1655589/0001143362-23-000503.txt
25-NSE	1886268	SHUAA Partners Acquisition Corp I	2023-11-16	edgar/data/1886268/0001354457-23-000843.txt
25-NSE	876661	NEW YORK STOCK EXCHANGE LLC	2023-11-16	edgar/data/876661/0000876661-23-000863.txt
15-12G	1838937	Zhangmen Education Inc.	2023-11-17	edgar/data/1838937/0001213900-23-088075.txt
15-12G	1881487	ProFrac Holding Corp.	2023-11-17	edgar/data/1881487/0001193125-23-279800.txt
15-12G	866028	POLYMET MINING CORP	2023-11-17	edgar/data/866028/0001062993-23-021099.txt
25	1648403	Virtus ETF Trust II	2023-11-17	edgar/data/1648403/0001999371-23-000367.txt
25-NSE	1143362	NYSE ARCA, INC.	2023-11-17	edgar/data/1143362/0001143362-23-000506.txt
25-NSE	1143362	NYSE ARCA, INC.	2023-11-17	edgar/data/1143362/0001143362-23-000508.txt
25-NSE	1354457	Nasdaq Stock Market LLC	2023-11-17	edgar/data/1354457/0001354457-23-000861.txt
25-NSE	1356093	CREATIVE REALITIES, INC.	2023-11-17	edgar/data/1356093/0001354457-23-000861.txt
25-NSE	1403256	Sculptor Capital Management, Inc.	2023-11-17	edgar/data/1403256/0000876661-23-000869.txt
25-NSE	1417835	Cboe BZX Exchange, Inc.	2023-11-17	edgar/data/1417835/0001417835-23-000119.txt
25-NSE	1432353	Global X Funds	2023-11-17	edgar/data/1432353/0001417835-23-000119.txt
25-NSE	1547950	Exchange Listed Funds Trust	2023-11-17	edgar/data/1547950/0001143362-23-000508.txt
25-NSE	1837824	Sprott ESG Gold ETF	2023-11-17	edgar/data/1837824/0001143362-23-000506.txt
25-NSE	876661	NEW YORK STOCK EXCHANGE LLC	2023-11-17	edgar/data/876661/0000876661-23-000869.txt
15-12G	1270073	INTERCEPT PHARMACEUTICALS, INC.	2023-11-20	edgar/data/1270073/0001104659-23-119815.txt
15-12G	1448056	NEW RELIC, INC.	2023-11-20	edgar/data/1448056/0001193125-23-280249.txt
15-12G	1644406	Hostess Brands, Inc.	2023-11-20	edgar/data/1644406/0001193125-23-280211.txt
15-12G	1723128	Amneal Pharmaceuticals, Inc.	2023-11-20	edgar/data/1723128/0001193125-23-280165.txt
15-12G	1829432	Ares Acquisition Corp	2023-11-20	edgar/data/1829432/0001193125-23-280281.txt
15-12G	1843762	EQRx, Inc.	2023-11-20	edgar/data/1843762/0001193125-23-280637.txt
15-12G	708818	NEXTGEN HEALTHCARE, INC.	2023-11-20	edgar/data/708818/0001193125-23-280701.txt
15-15D	1499785	Tengjun Biotechnology Corp.	2023-11-20	edgar/data/1499785/0001213900-23-088721.txt
15F-12B	1276671	BANCO ITAU CHILE	2023-11-20	edgar/data/1276671/0001104659-23-119978.txt
25	1592900	EA Series Trust	2023-11-20	edgar/data/1592900/0001592900-23-001029.txt
25	1592900	EA Series Trust	2023-11-20	edgar/data/1592900/0001592900-23-001031.txt
25	746515	EXPEDITORS INTERNATIONAL OF WASHINGTON INC	2023-11-20	edgar/data/746515/0001193125-23-280780.txt
25-NSE	1044378	BIOCEPT INC	2023-11-20	edgar/data/1044378/0001354457-23-000871.txt
25-NSE	1063537	RiceBran Technologies	2023-11-20	edgar/data/1063537/0001354457-23-000877.txt
25-NSE	1069308	Acer Therapeutics Inc.	2023-11-20	edgar/data/1069308/0001354457-23-000878.txt
25-NSE	1113148	INFINITY PHARMACEUTICALS, INC.	2023-11-20	edgar/data/1113148/0001354457-23-000865.txt
25-NSE	1136174	Ontrak, Inc.	2023-11-20	edgar/data/1136174/0001354457-23-000869.txt
25-NSE	1354457	Nasdaq Stock Market LLC	2023-11-20	edgar/data/1354457/0001354457-23-000862.txt
25-NSE	1354457	Nasdaq Stock Market LLC	2023-11-20	edgar/data/1354457/0001354457-23-000863.txt
25-NSE	1354457	Nasdaq Stock Market LLC	2023-11-20	edgar/data/1354457/0001354457-23-000864.txt
25-NSE	1354457	Nasdaq Stock Market LLC	2023-11-20	edgar/data/1354457/0001354457-23-000865.txt
25-NSE	1354457	Nasdaq Stock Market LLC	2023-11-20	edgar/data/1354457/0001354457-23-000866.txt
25-NSE	1354457	Nasdaq Stock Market LLC	2023-11-20	edgar/data/1354457/0001354457-23-000867.txt
25-NSE	1354457	Nasdaq Stock Market LLC	2023-11-20	edgar/data/1354457/0001354457-23-000868.txt
25-NSE	1354457	Nasdaq Stock Market LLC	2023-11-20	edgar/data/1354457/0001354457-23-000869.txt
25-NSE	1354457	Nasdaq Stock Market LLC	2023-11-20	edgar/data/1354457/0001354457-23-000870.txt
25-NSE	1354457	Nasdaq Stock Market LLC	2023-11-20	edgar/data/1354457/0001354457-23-000871.txt
25-NSE	1354457	Nasdaq Stock Market LLC	2023-11-20	edgar/data/1354457/0001354457-23-000872.txt
25-NSE	1354457	Nasdaq Stock Market LLC	2023-11-20	edgar/data/1354457/0001354457-23-000873.txt
25-NSE	1354457	Nasdaq Stock Market LLC	2023-11-20	edgar/data/1354457/0001354457-23-000874.txt
25-NSE	1354457	Nasdaq Stock Market LLC	2023-11-20	edgar/data/1354457/0001354457-23-000875.txt
25-NSE	1354457	Nasdaq Stock Market LLC	2023-11-20	edgar/data/1354457/0001354457-23-000876.txt
25-NSE	1354457	Nasdaq Stock Market LLC	2023-11-20	edgar/data/1354457/0001354457-23-000877.txt
25-NSE	1354457	Nasdaq Stock Market LLC	2023-11-20	edgar/data/1354457/0001354457-23-000878.txt
25-NSE	1354457	Nasdaq Stock Market LLC	2023-11-20	edgar/data/1354457/0001354457-23-000880.txt
25-NSE	1417835	Cboe BZX Exchange, Inc.	2023-11-20	edgar/data/1417835/0001417835-23-000121.txt
25-NSE	1592900	EA Series Trust	2023-11-20	edgar/data/1592900/0001417835-23-000121.txt
25-NSE	1606745	Liberty TripAdvisor Holdings, Inc.	2023-11-20	edgar/data/1606745/0001354457-23-000874.txt
25-NSE	1739426	RVL Pharmaceuticals plc	2023-11-20	edgar/data/1739426/0001354457-23-000870.txt
25-NSE	1762322	SHIFT TECHNOLOGIES, INC.	2023-11-20	edgar/data/1762322/0001354457-23-000868.txt
25-NSE	1776197	AKUMIN INC.	2023-11-20	edgar/data/1776197/0001354457-23-000872.txt
25-NSE	1792581	Kiromic Biopharma, Inc.	2023-11-20	edgar/data/1792581/0001354457-23-000864.txt
25-NSE	1807983	Medicenna Therapeutics Corp.	2023-11-20	edgar/data/1807983/0001354457-23-000876.txt
25-NSE	1813658	Tempo Automation Holdings, Inc.	2023-11-20	edgar/data/1813658/0001354457-23-000875.txt
25-NSE	1817565	Financial Strategies Acquisition Corp.	2023-11-20	edgar/data/1817565/0001354457-23-000863.txt
25-NSE	1821075	Appreciate Holdings, Inc.	2023-11-20	edgar/data/1821075/0001354457-23-000873.txt
25-NSE	1825024	Offerpad Solutions Inc.	2023-11-20	edgar/data/1825024/0000876661-23-000872.txt
25-NSE	1829966	EBET, Inc.	2023-11-20	edgar/data/1829966/0001354457-23-000867.txt
25-NSE	1860663	Monterey Innovation Acquisition Corp	2023-11-20	edgar/data/1860663/0001354457-23-000880.txt
25-NSE	1865697	Genesis Growth Tech Acquisition Corp.	2023-11-20	edgar/data/1865697/0001354457-23-000862.txt
25-NSE	1872356	Molekule Group, Inc.	2023-11-20	edgar/data/1872356/0001354457-23-000866.txt
25-NSE	876661	NEW YORK STOCK EXCHANGE LLC	2023-11-20	edgar/data/876661/0000876661-23-000872.txt
25	1729750	Kubient, Inc.	2023-11-21	edgar/data/1729750/0001140361-23-054138.txt
25-NSE	1354457	Nasdaq Stock Market LLC	2023-11-21	edgar/data/1354457/0001354457-23-000883.txt
25-NSE	1592900	EA Series Trust	2023-11-21	edgar/data/1592900/0001354457-23-000883.txt
25-NSE	1646109	FIRST TRUST DYNAMIC EUROPE EQUITY INCOME FUND	2023-11-21	edgar/data/1646109/0000876661-23-000877.txt
25-NSE	1821329	CC Neuberger Principal Holdings III	2023-11-21	edgar/data/1821329/0000876661-23-000875.txt
25-NSE	876661	NEW YORK STOCK EXCHANGE LLC	2023-11-21	edgar/data/876661/0000876661-23-000875.txt
25-NSE	876661	NEW YORK STOCK EXCHANGE LLC	2023-11-21	edgar/data/876661/0000876661-23-000877.txt
15-12G	945764	DENBURY INC	2023-11-22	edgar/data/945764/0001193125-23-282049.txt
25-NSE	1089113	HSBC HOLDINGS PLC	2023-11-22	edgar/data/1089113/0000876661-23-000883.txt
25-NSE	1124610	VMWARE LLC	2023-11-22	edgar/data/1124610/0000876661-23-000887.txt
25-NSE	1813756	WeWork Inc.	2023-11-22	edgar/data/1813756/0000876661-23-000886.txt
25-NSE	876661	NEW YORK STOCK EXCHANGE LLC	2023-11-22	edgar/data/876661/0000876661-23-000883.txt
25-NSE	876661	NEW YORK STOCK EXCHANGE LLC	2023-11-22	edgar/data/876661/0000876661-23-000886.txt
25-NSE	876661	NEW YORK STOCK EXCHANGE LLC	2023-11-22	edgar/data/876661/0000876661-23-000887.txt
15-12G	1570585	Liberty Global Ltd.	2023-11-24	edgar/data/1570585/0001570585-23-000491.txt
15-12G	1701114	Blue Apron Holdings, Inc.	2023-11-24	edgar/data/1701114/0001104659-23-120929.txt
15-12G	1883962	ALSP Orchid Acquisition Corp I	2023-11-24	edgar/data/1883962/0001193125-23-282538.txt
25	1683471	Listed Funds Trust	2023-11-24	edgar/data/1683471/0000894189-23-008558.txt
25-NSE	1143362	NYSE ARCA, INC.	2023-11-24	edgar/data/1143362/0001143362-23-000511.txt
25-NSE	1354457	Nasdaq Stock Market LLC	2023-11-24	edgar/data/1354457/0001354457-23-000887.txt
25-NSE	1354457	Nasdaq Stock Market LLC	2023-11-24	edgar/data/1354457/0001354457-23-000889.txt
25-NSE	1570585	Liberty Global Ltd.	2023-11-24	edgar/data/1570585/0001354457-23-000887.txt
25-NSE	1872529	MDxHealth SA	2023-11-24	edgar/data/1872529/0001354457-23-000889.txt
25-NSE	1924868	Tidal Trust II	2023-11-24	edgar/data/1924868/0001143362-23-000511.txt
25-NSE	749098	MAGNA INTERNATIONAL INC	2023-11-24	edgar/data/749098/0000876661-23-000890.txt
25-NSE	876661	NEW YORK STOCK EXCHANGE LLC	2023-11-24	edgar/data/876661/0000876661-23-000890.txt
15-12G	1091748	Argo Group International Holdings, Ltd.	2023-11-27	edgar/data/1091748/0001104659-23-121236.txt
15-12G	1403256	Sculptor Capital Management, Inc.	2023-11-27	edgar/data/1403256/0001140361-23-054637.txt
15-12G	830524	CHASE CORP	2023-11-27	edgar/data/830524/0001140361-23-054611.txt
25	1572621	AENZA S.A.A.	2023-11-27	edgar/data/1572621/0001193125-23-283353.txt
25-NSE	1068875	AVANTAX, INC.	2023-11-27	edgar/data/1068875/0001354457-23-000890.txt
25-NSE	1143313	NYSE AMERICAN LLC	2023-11-27	edgar/data/1143313/0001143313-23-000177.txt
25-NSE	1143362	NYSE ARCA, INC.	2023-11-27	edgar/data/1143362/0001143362-23-000516.txt
25-NSE	1354457	Nasdaq Stock Market LLC	2023-11-27	edgar/data/1354457/0001354457-23-000890.txt
25-NSE	1556748	Aon Corp	2023-11-27	edgar/data/1556748/0000876661-23-000894.txt
25-NSE	1817218	ConvexityShares Trust	2023-11-27	edgar/data/1817218/0001143362-23-000516.txt
25-NSE	1915403	SatixFy Communications Ltd.	2023-11-27	edgar/data/1915403/0001143313-23-000177.txt
25-NSE	315293	Aon plc	2023-11-27	edgar/data/315293/0000876661-23-000893.txt
25-NSE	876661	NEW YORK STOCK EXCHANGE LLC	2023-11-27	edgar/data/876661/0000876661-23-000893.txt
25-NSE	876661	NEW YORK STOCK EXCHANGE LLC	2023-11-27	edgar/data/876661/0000876661-23-000894.txt
15-15D	1810070	Honda Auto Receivables 2020-2 Owner Trust	2023-11-28	edgar/data/1810070/0001104659-23-121600.txt
25-NSE	1063344	HERSHA HOSPITALITY TRUST	2023-11-28	edgar/data/1063344/0000876661-23-000901.txt
25-NSE	1143362	NYSE ARCA, INC.	2023-11-28	edgar/data/1143362/0001143362-23-000520.txt
25-NSE	1354457	Nasdaq Stock Market LLC	2023-11-28	edgar/data/1354457/0001354457-23-000892.txt
25-NSE	1354457	Nasdaq Stock Market LLC	2023-11-28	edgar/data/1354457/0001354457-23-000893.txt
25-NSE	1431852	Osisko Development Corp.	2023-11-28	edgar/data/1431852/0001354457-23-000893.txt
25-NSE	1683471	Listed Funds Trust	2023-11-28	edgar/data/1683471/0001143362-23-000520.txt
25-NSE	1838337	Apollo Strategic Growth Capital II	2023-11-28	edgar/data/1838337/0000876661-23-000897.txt
25-NSE	1873875	Incannex Healthcare Ltd	2023-11-28	edgar/data/1873875/0001354457-23-000892.txt
25-NSE	876661	NEW YORK STOCK EXCHANGE LLC	2023-11-28	edgar/data/876661/0000876661-23-000897.txt
25-NSE	876661	NEW YORK STOCK EXCHANGE LLC	2023-11-28	edgar/data/876661/0000876661-23-000901.txt
15-12G	1873875	Incannex Healthcare Ltd	2023-11-29	edgar/data/1873875/0001213900-23-091028.txt
25-NSE	1143313	NYSE AMERICAN LLC	2023-11-29	edgar/data/1143313/0001143313-23-000179.txt
25-NSE	1354457	Nasdaq Stock Market LLC	2023-11-29	edgar/data/1354457/0001354457-23-000896.txt
25-NSE	1504167	Timber Pharmaceuticals, Inc.	2023-11-29	edgar/data/1504167/0001143313-23-000179.txt
25-NSE	1839530	XBP Europe Holdings, Inc.	2023-11-29	edgar/data/1839530/0001354457-23-000896.txt
15-12G	1069308	Acer Therapeutics Inc.	2023-11-30	edgar/data/1069308/0001193125-23-285670.txt
25-NSE	1102112	PACWEST BANCORP	2023-11-30	edgar/data/1102112/0001354457-23-000900.txt
25-NSE	1354457	Nasdaq Stock Market LLC	2023-11-30	edgar/data/1354457/0001354457-23-000899.txt
25-NSE	1354457	Nasdaq Stock Market LLC	2023-11-30	edgar/data/1354457/0001354457-23-000900.txt
25-NSE	1599489	Veritiv Corp	2023-11-30	edgar/data/1599489/0000876661-23-000909.txt
25-NSE	1848323	Live Oak Crestview Climate Acquisition Corp.	2023-11-30	edgar/data/1848323/0000876661-23-000905.txt
25-NSE	1873280	Strategic Trust	2023-11-30	edgar/data/1873280/0001354457-23-000899.txt
25-NSE	310764	STRYKER CORP	2023-11-30	edgar/data/310764/0000876661-23-000907.txt
25-NSE	876661	NEW YORK STOCK EXCHANGE LLC	2023-11-30	edgar/data/876661/0000876661-23-000905.txt
25-NSE	876661	NEW YORK STOCK EXCHANGE LLC	2023-11-30	edgar/data/876661/0000876661-23-000907.txt
25-NSE	876661	NEW YORK STOCK EXCHANGE LLC	2023-11-30	edgar/data/876661/0000876661-23-000909.txt
15-12G	1435181	Pharmagreen Biotech Inc.	2023-12-01	edgar/data/1435181/0001477932-23-008885.txt
15-12G	1794621	Quanergy Systems, Inc.	2023-12-01	edgar/data/1794621/0001193125-23-287452.txt
15-12G	1869141	Athena Consumer Acquisition Corp.	2023-12-01	edgar/data/1869141/0001213900-23-091794.txt
15-15D	1854846	GM Financial Automobile Leasing Trust 2021-2	2023-12-01	edgar/data/1854846/0001213900-23-091700.txt
25-NSE	1111711	NISOURCE INC.	2023-12-01	edgar/data/1111711/0000876661-23-000917.txt
25-NSE	1282977	GREENHILL & CO INC	2023-12-01	edgar/data/1282977/0000876661-23-000913.txt
25-NSE	1283140	HOLLY ENERGY PARTNERS LP	2023-12-01	edgar/data/1283140/0000876661-23-000915.txt
25-NSE	1333141	Fresenius Medical Care AG	2023-12-01	edgar/data/1333141/0000876661-23-000926.txt
25-NSE	1354457	Nasdaq Stock Market LLC	2023-12-01	edgar/data/1354457/0001354457-23-000901.txt
25-NSE	1354457	Nasdaq Stock Market LLC	2023-12-01	edgar/data/1354457/0001354457-23-000904.txt
25-NSE	1354457	Nasdaq Stock Market LLC	2023-12-01	edgar/data/1354457/0001354457-23-000905.txt
25-NSE	1610682	USD Partners LP	2023-12-01	edgar/data/1610682/0000876661-23-000923.txt
25-NSE	1682811	INVESCO HIGH INCOME 2023 TARGET TERM FUND	2023-12-01	edgar/data/1682811/0000876661-23-000920.txt
25-NSE	1731805	HUT 8 MINING CORP.	2023-12-01	edgar/data/1731805/0001354457-23-000904.txt
25-NSE	1753217	Nuveen Corporate Income 2023 Target Term Fund	2023-12-01	edgar/data/1753217/0000876661-23-000921.txt
25-NSE	1869824	Seaport Global Acquisition II Corp.	2023-12-01	edgar/data/1869824/0001354457-23-000905.txt
25-NSE	832090	PARTNERS BANCORP	2023-12-01	edgar/data/832090/0001354457-23-000901.txt
25-NSE	876661	NEW YORK STOCK EXCHANGE LLC	2023-12-01	edgar/data/876661/0000876661-23-000913.txt
25-NSE	876661	NEW YORK STOCK EXCHANGE LLC	2023-12-01	edgar/data/876661/0000876661-23-000915.txt
25-NSE	876661	NEW YORK STOCK EXCHANGE LLC	2023-12-01	edgar/data/876661/0000876661-23-000917.txt
25-NSE	876661	NEW YORK STOCK EXCHANGE LLC	2023-12-01	edgar/data/876661/0000876661-23-000920.txt
25-NSE	876661	NEW YORK STOCK EXCHANGE LLC	2023-12-01	edgar/data/876661/0000876661-23-000921.txt
25-NSE	876661	NEW YORK STOCK EXCHANGE LLC	2023-12-01	edgar/data/876661/0000876661-23-000923.txt
25-NSE	876661	NEW YORK STOCK EXCHANGE LLC	2023-12-01	edgar/data/876661/0000876661-23-000926.txt
15-12G	1124610	VMWARE LLC	2023-12-04	edgar/data/1124610/0001193125-23-288389.txt
15-12G	1821329	CC Neuberger Principal Holdings III	2023-12-04	edgar/data/1821329/0001104659-23-123224.txt
15-12G	1886268	SHUAA Partners Acquisition Corp I	2023-12-04	edgar/data/1886268/0001493152-23-043545.txt
15-15D	1837824	Sprott ESG Gold ETF	2023-12-04	edgar/data/1837824/0000919574-23-006617.txt
25-NSE	1354457	Nasdaq Stock Market LLC	2023-12-04	edgar/data/1354457/0001354457-23-000906.txt
25-NSE	1824153	Leo Holdings Corp. II	2023-12-04	edgar/data/1824153/0000876661-23-000936.txt
25-NSE	1828250	Churchill Capital Corp VI	2023-12-04	edgar/data/1828250/0000876661-23-000940.txt
25-NSE	1845013	Healthwell Acquisition Corp. I	2023-12-04	edgar/data/1845013/0001354457-23-000906.txt
25-NSE	1853070	PROOF Acquisition Corp I	2023-12-04	edgar/data/1853070/0000876661-23-000938.txt
25-NSE	876661	NEW YORK STOCK EXCHANGE LLC	2023-12-04	edgar/data/876661/0000876661-23-000936.txt
25-NSE	876661	NEW YORK STOCK EXCHANGE LLC	2023-12-04	edgar/data/876661/0000876661-23-000938.txt
25-NSE	876661	NEW YORK STOCK EXCHANGE LLC	2023-12-04	edgar/data/876661/0000876661-23-000940.txt
15-12G	1807707	AppHarvest, Inc.	2023-12-05	edgar/data/1807707/0001807707-23-000163.txt
15-12G	1857518	Jaguar Global Growth Corp I	2023-12-05	edgar/data/1857518/0001193125-23-288625.txt
25-NSE	1354457	Nasdaq Stock Market LLC	2023-12-06	edgar/data/1354457/0001354457-23-000909.txt
25-NSE	1465885	Western Asset Mortgage Capital Corp	2023-12-06	edgar/data/1465885/0000876661-23-000946.txt
25-NSE	1492074	Abcam plc	2023-12-06	edgar/data/1492074/0001354457-23-000909.txt
25-NSE	1885444	KnightSwan Acquisition Corp	2023-12-06	edgar/data/1885444/0000876661-23-000943.txt
25-NSE	876661	NEW YORK STOCK EXCHANGE LLC	2023-12-06	edgar/data/876661/0000876661-23-000943.txt
25-NSE	876661	NEW YORK STOCK EXCHANGE LLC	2023-12-06	edgar/data/876661/0000876661-23-000946.txt
15-12G	1068875	AVANTAX, INC.	2023-12-07	edgar/data/1068875/0001839882-23-033073.txt
15-12G	1108967	Orbital Infrastructure Group, Inc.	2023-12-07	edgar/data/1108967/0001437749-23-033807.txt
15-12G	1108967	Orbital Infrastructure Group, Inc.	2023-12-07	edgar/data/1108967/0001437749-23-033808.txt
15-12G	73088	NORTHWESTERN CORP	2023-12-07	edgar/data/73088/0001628280-23-041057.txt
15-15D	1787489	World Omni Select Auto Trust 2019-A	2023-12-07	edgar/data/1787489/0001104659-23-124119.txt
15F-12B	1861233	illumin Holdings Inc.	2023-12-07	edgar/data/1861233/0001171843-23-007495.txt
25-NSE	1054721	BSQUARE CORP /WA	2023-12-07	edgar/data/1054721/0001354457-23-000919.txt
25-NSE	1143362	NYSE ARCA, INC.	2023-12-07	edgar/data/1143362/0001143362-23-000530.txt
25-NSE	1354457	Nasdaq Stock Market LLC	2023-12-07	edgar/data/1354457/0001354457-23-000913.txt
25-NSE	1354457	Nasdaq Stock Market LLC	2023-12-07	edgar/data/1354457/0001354457-23-000914.txt
25-NSE	1354457	Nasdaq Stock Market LLC	2023-12-07	edgar/data/1354457/0001354457-23-000916.txt
25-NSE	1354457	Nasdaq Stock Market LLC	2023-12-07	edgar/data/1354457/0001354457-23-000917.txt
25-NSE	1354457	Nasdaq Stock Market LLC	2023-12-07	edgar/data/1354457/0001354457-23-000918.txt
25-NSE	1354457	Nasdaq Stock Market LLC	2023-12-07	edgar/data/1354457/0001354457-23-000919.txt
25-NSE	1540305	ETF Series Solutions	2023-12-07	edgar/data/1540305/0001143362-23-000530.txt
25-NSE	1740594	Arco Platform Ltd.	2023-12-07	edgar/data/1740594/0001354457-23-000913.txt
25-NSE	1825249	CF ACQUISITION CORP. IV	2023-12-07	edgar/data/1825249/0001354457-23-000918.txt
25-NSE	1834336	Finserv Acquisition Corp. II	2023-12-07	edgar/data/1834336/0001354457-23-000916.txt
25-NSE	1848898	African Agriculture Holdings Inc.	2023-12-07	edgar/data/1848898/0001354457-23-000914.txt
25-NSE	1875257	LIV Capital Acquisition Corp. II	2023-12-07	edgar/data/1875257/0001354457-23-000917.txt
15-12G	1021435	hopTo Inc.	2023-12-08	edgar/data/1021435/0001493152-23-044285.txt
15-12G	1063344	HERSHA HOSPITALITY TRUST	2023-12-08	edgar/data/1063344/0001140361-23-056967.txt
15-12G	1838337	Apollo Strategic Growth Capital II	2023-12-08	edgar/data/1838337/0000950142-23-002927.txt
15-12G	1851230	Crescera Capital Acquisition Corp.	2023-12-08	edgar/data/1851230/0000950103-23-017338.txt
15F-12B	1123658	CHINA PETROLEUM & CHEMICAL CORP	2023-12-08	edgar/data/1123658/0001104659-23-124641.txt
25	1038773	SMARTFINANCIAL INC.	2023-12-08	edgar/data/1038773/0001104659-23-124725.txt
25-NSE	1143362	NYSE ARCA, INC.	2023-12-08	edgar/data/1143362/0001143362-23-000532.txt
25-NSE	1354457	Nasdaq Stock Market LLC	2023-12-08	edgar/data/1354457/0001354457-23-000921.txt
25-NSE	1873280	Strategic Trust	2023-12-08	edgar/data/1873280/0001143362-23-000532.txt
25-NSE	1931691	Mobiv Acquisition Corp	2023-12-08	edgar/data/1931691/0001354457-23-000921.txt
15-12G	1102112	PACWEST BANCORP	2023-12-11	edgar/data/1102112/0001140361-23-057048.txt
15-12G	1282977	GREENHILL & CO INC	2023-12-11	edgar/data/1282977/0000950142-23-002936.txt
15-12G	1283140	HOLLY ENERGY PARTNERS LP	2023-12-11	edgar/data/1283140/0001193125-23-292022.txt
15-12G	1599489	Veritiv Corp	2023-12-11	edgar/data/1599489/0001104659-23-125005.txt
15-12G	1610682	USD Partners LP	2023-12-11	edgar/data/1610682/0001193125-23-292705.txt
15-12G	1731805	HUT 8 MINING CORP.	2023-12-11	edgar/data/1731805/0001104659-23-124973.txt
15-12G	1848323	Live Oak Crestview Climate Acquisition Corp.	2023-12-11	edgar/data/1848323/0001193125-23-292261.txt
15-12G	1869824	Seaport Global Acquisition II Corp.	2023-12-11	edgar/data/1869824/0001104659-23-124986.txt
15-12G	832090	PARTNERS BANCORP	2023-12-11	edgar/data/832090/0000943374-23-000479.txt
25	1075706	CITIZENS HOLDING CO /MS/	2023-12-11	edgar/data/1075706/0001753926-23-001574.txt
25-NSE	1100663	iSHARES TRUST	2023-12-11	edgar/data/1100663/0001417835-23-000126.txt
25-NSE	1354457	Nasdaq Stock Market LLC	2023-12-11	edgar/data/1354457/0001354457-23-000923.txt
25-NSE	1354457	Nasdaq Stock Market LLC	2023-12-11	edgar/data/1354457/0001354457-23-000924.txt
25-NSE	1417835	Cboe BZX Exchange, Inc.	2023-12-11	edgar/data/1417835/0001417835-23-000126.txt
25-NSE	1815753	Thunder Bridge Capital Partners III Inc.	2023-12-11	edgar/data/1815753/0001354457-23-000923.txt
25-NSE	1841873	Khosla Ventures Acquisition Co.	2023-12-11	edgar/data/1841873/0001354457-23-000924.txt
25-NSE	312069	BARCLAYS PLC	2023-12-11	edgar/data/312069/0000876661-23-000949.txt
25-NSE	876661	NEW YORK STOCK EXCHANGE LLC	2023-12-11	edgar/data/876661/0000876661-23-000949.txt
15-15D	1773056	CNH Equipment Trust 2019-B	2023-12-12	edgar/data/1773056/0001104659-23-125310.txt
15-15D	1787912	CNH Equipment Trust 2019-C	2023-12-12	edgar/data/1787912/0001104659-23-125312.txt
15-15D	1817218	ConvexityShares Trust	2023-12-12	edgar/data/1817218/0001213900-23-094963.txt
25	1853070	Volato Group, Inc.	2023-12-12	edgar/data/1853070/0001140361-23-057206.txt
25-NSE	1354457	Nasdaq Stock Market LLC	2023-12-12	edgar/data/1354457/0001354457-23-000930.txt
25-NSE	1354457	Nasdaq Stock Market LLC	2023-12-12	edgar/data/1354457/0001354457-23-000931.txt
25-NSE	1354457	Nasdaq Stock Market LLC	2023-12-12	edgar/data/1354457/0001354457-23-000932.txt
25-NSE	1415995	IndexIQ ETF Trust	2023-12-12	edgar/data/1415995/0001354457-23-000930.txt
25-NSE	1415995	IndexIQ ETF Trust	2023-12-12	edgar/data/1415995/0001354457-23-000931.txt
25-NSE	1847351	Beard Energy Transition Acquisition Corp.	2023-12-12	edgar/data/1847351/0000876661-23-000952.txt
25-NSE	1848020	Black Mountain Acquisition Corp.	2023-12-12	edgar/data/1848020/0000876661-23-000954.txt
25-NSE	1922858	EF Hutton Acquisition Corp I	2023-12-12	edgar/data/1922858/0001354457-23-000932.txt
25-NSE	876661	NEW YORK STOCK EXCHANGE LLC	2023-12-12	edgar/data/876661/0000876661-23-000952.txt
25-NSE	876661	NEW YORK STOCK EXCHANGE LLC	2023-12-12	edgar/data/876661/0000876661-23-000954.txt
15-12G	1300524	AMERICAN INTERNATIONAL HOLDINGS CORP.	2023-12-13	edgar/data/1300524/0001493152-23-044625.txt
25-NSE	1354457	Nasdaq Stock Market LLC	2023-12-13	edgar/data/1354457/0001354457-23-000933.txt
25-NSE	1354457	Nasdaq Stock Market LLC	2023-12-13	edgar/data/1354457/0001354457-23-000936.txt
25-NSE	1354457	Nasdaq Stock Market LLC	2023-12-13	edgar/data/1354457/0001354457-23-000937.txt
25-NSE	1527096	Miromatrix Medical Inc.	2023-12-13	edgar/data/1527096/0001354457-23-000933.txt
25-NSE	1683471	Listed Funds Trust	2023-12-13	edgar/data/1683471/0001354457-23-000937.txt
25-NSE	1770141	UpHealth, Inc.	2023-12-13	edgar/data/1770141/0000876661-23-000962.txt
25-NSE	1839175	M3-Brigade Acquisition II Corp.	2023-12-13	edgar/data/1839175/0000876661-23-000958.txt
25-NSE	1839608	Getaround, Inc	2023-12-13	edgar/data/1839608/0000876661-23-000956.txt
25-NSE	1840161	Forest Road Acquisition Corp. II	2023-12-13	edgar/data/1840161/0000876661-23-000965.txt
25-NSE	1862935	InFinT Acquisition Corp	2023-12-13	edgar/data/1862935/0000876661-23-000960.txt
25-NSE	23111	COMPUTER TASK GROUP INC	2023-12-13	edgar/data/23111/0001354457-23-000936.txt
25-NSE	876661	NEW YORK STOCK EXCHANGE LLC	2023-12-13	edgar/data/876661/0000876661-23-000956.txt
25-NSE	876661	NEW YORK STOCK EXCHANGE LLC	2023-12-13	edgar/data/876661/0000876661-23-000958.txt
25-NSE	876661	NEW YORK STOCK EXCHANGE LLC	2023-12-13	edgar/data/876661/0000876661-23-000960.txt
25-NSE	876661	NEW YORK STOCK EXCHANGE LLC	2023-12-13	edgar/data/876661/0000876661-23-000962.txt
25-NSE	876661	NEW YORK STOCK EXCHANGE LLC	2023-12-13	edgar/data/876661/0000876661-23-000965.txt
15-12G	1828250	Churchill Capital Corp VI	2023-12-14	edgar/data/1828250/0000950142-23-002960.txt
25-NSE	1060736	Seagen Inc.	2023-12-14	edgar/data/1060736/0001354457-23-000938.txt
25-NSE	1143362	NYSE ARCA, INC.	2023-12-14	edgar/data/1143362/0001143362-23-000539.txt
25-NSE	1209028	Arlington Asset Investment Corp.	2023-12-14	edgar/data/1209028/0000876661-23-000970.txt
25-NSE	1333172	Navios Maritime Holdings Inc.	2023-12-14	edgar/data/1333172/0000876661-23-000972.txt
25-NSE	1333172	Navios Maritime Holdings Inc.	2023-12-14	edgar/data/1333172/0000876661-23-000975.txt
25-NSE	1354457	Nasdaq Stock Market LLC	2023-12-14	edgar/data/1354457/0001354457-23-000938.txt
25-NSE	1683471	Listed Funds Trust	2023-12-14	edgar/data/1683471/0001143362-23-000539.txt
25-NSE	876661	NEW YORK STOCK EXCHANGE LLC	2023-12-14	edgar/data/876661/0000876661-23-000970.txt
25-NSE	876661	NEW YORK STOCK EXCHANGE LLC	2023-12-14	edgar/data/876661/0000876661-23-000972.txt
25-NSE	876661	NEW YORK STOCK EXCHANGE LLC	2023-12-14	edgar/data/876661/0000876661-23-000975.txt
15-12G	1824153	Leo Holdings Corp. II	2023-12-15	edgar/data/1824153/0001193125-23-296192.txt
25-NSE	1057083	PC TEL INC	2023-12-15	edgar/data/1057083/0001354457-23-000949.txt
25-NSE	1143362	NYSE ARCA, INC.	2023-12-15	edgar/data/1143362/0001143362-23-000541.txt
25-NSE	1354457	Nasdaq Stock Market LLC	2023-12-15	edgar/data/1354457/0001354457-23-000940.txt
25-NSE	1354457	Nasdaq Stock Market LLC	2023-12-15	edgar/data/1354457/0001354457-23-000943.txt
25-NSE	1354457	Nasdaq Stock Market LLC	2023-12-15	edgar/data/1354457/0001354457-23-000944.txt
25-NSE	1354457	Nasdaq Stock Market LLC	2023-12-15	edgar/data/1354457/0001354457-23-000945.txt
25-NSE	1354457	Nasdaq Stock Market LLC	2023-12-15	edgar/data/1354457/0001354457-23-000946.txt
25-NSE	1354457	Nasdaq Stock Market LLC	2023-12-15	edgar/data/1354457/0001354457-23-000947.txt
25-NSE	1354457	Nasdaq Stock Market LLC	2023-12-15	edgar/data/1354457/0001354457-23-000948.txt
25-NSE	1354457	Nasdaq Stock Market LLC	2023-12-15	edgar/data/1354457/0001354457-23-000949.txt
25-NSE	1485894	J.P. Morgan Exchange-Traded Fund Trust	2023-12-15	edgar/data/1485894/0001354457-23-000943.txt
25-NSE	1485894	J.P. Morgan Exchange-Traded Fund Trust	2023-12-15	edgar/data/1485894/0001354457-23-000944.txt
25-NSE	1618627	RBB Fund Trust	2023-12-15	edgar/data/1618627/0001143362-23-000541.txt
25-NSE	1657201	Invesco Exchange-Traded Self-Indexed Fund Trust	2023-12-15	edgar/data/1657201/0001354457-23-000945.txt
25-NSE	1657201	Invesco Exchange-Traded Self-Indexed Fund Trust	2023-12-15	edgar/data/1657201/0001354457-23-000946.txt
25-NSE	1657201	Invesco Exchange-Traded Self-Indexed Fund Trust	2023-12-15	edgar/data/1657201/0001354457-23-000947.txt
25-NSE	1826011	7GC & Co. Holdings Inc.	2023-12-15	edgar/data/1826011/0001354457-23-000940.txt
25-NSE	1858912	Gardiner Healthcare Acquisitions Corp.	2023-12-15	edgar/data/1858912/0001354457-23-000948.txt
15-12G	1054721	BSQUARE CORP /WA	2023-12-18	edgar/data/1054721/0001140361-23-058038.txt
15-12G	1492074	Abcam plc	2023-12-18	edgar/data/1492074/0001193125-23-297641.txt
15-12G	1740594	Arco Platform Ltd.	2023-12-18	edgar/data/1740594/0001104659-23-126919.txt
15-12G	1825249	CF ACQUISITION CORP. IV	2023-12-18	edgar/data/1825249/0001213900-23-096495.txt
15-12G	1834336	Finserv Acquisition Corp. II	2023-12-18	edgar/data/1834336/0001213900-23-096283.txt
15-12G	1845013	Healthwell Acquisition Corp. I	2023-12-18	edgar/data/1845013/0001213900-23-096564.txt
15-12G	1885444	KnightSwan Acquisition Corp	2023-12-18	edgar/data/1885444/0000950142-23-003007.txt
15-15D	1785510	Drive Auto Receivables Trust 2019-4	2023-12-18	edgar/data/1785510/0001193125-23-297079.txt
15-15D	1788503	CarMax Auto Owner Trust 2019-4	2023-12-18	edgar/data/1788503/0001788503-23-000059.txt
25	1708441	Mynd.ai, Inc.	2023-12-18	edgar/data/1708441/0001104659-23-126889.txt
25	764038	SouthState Corp	2023-12-18	edgar/data/764038/0001104659-23-126865.txt
25-NSE	1253176	VAPOTHERM INC	2023-12-18	edgar/data/1253176/0000876661-23-000999.txt
25-NSE	1354457	Nasdaq Stock Market LLC	2023-12-18	edgar/data/1354457/0001354457-23-000952.txt
25-NSE	1551040	Virtus Stone Harbor Emerging Markets Total Income Fund	2023-12-18	edgar/data/1551040/0000876661-23-000996.txt
25-NSE	1807192	Chindata Group Holdings Ltd	2023-12-18	edgar/data/1807192/0001354457-23-000952.txt
25-NSE	876661	NEW YORK STOCK EXCHANGE LLC	2023-12-18	edgar/data/876661/0000876661-23-000996.txt
25-NSE	876661	NEW YORK STOCK EXCHANGE LLC	2023-12-18	edgar/data/876661/0000876661-23-000999.txt
15-12G	1860663	Monterey Innovation Acquisition Corp	2023-12-19	edgar/data/1860663/0001104659-23-127327.txt
15-12G	1875257	LIV Capital Acquisition Corp. II	2023-12-19	edgar/data/1875257/0000950103-23-017638.txt
25-NSE	1143362	NYSE ARCA, INC.	2023-12-19	edgar/data/1143362/0001143362-23-000547.txt
25-NSE	1143362	NYSE ARCA, INC.	2023-12-19	edgar/data/1143362/0001143362-23-000549.txt
25-NSE	1354457	Nasdaq Stock Market LLC	2023-12-19	edgar/data/1354457/0001354457-23-000956.txt
25-NSE	1415995	IndexIQ ETF Trust	2023-12-19	edgar/data/1415995/0001143362-23-000547.txt
25-NSE	1426439	IndexIQ Active ETF Trust	2023-12-19	edgar/data/1426439/0001143362-23-000549.txt
25-NSE	1854458	Nabors Energy Transition Corp.	2023-12-19	edgar/data/1854458/0000876661-23-001002.txt
25-NSE	1863990	Infrared Cameras Holdings, Inc.	2023-12-19	edgar/data/1863990/0001354457-23-000956.txt
25-NSE	1885461	ShoulderUP Technology Acquisition Corp.	2023-12-19	edgar/data/1885461/0000876661-23-001004.txt
25-NSE	844150	NatWest Group plc	2023-12-19	edgar/data/844150/0000876661-23-001006.txt
25-NSE	876661	NEW YORK STOCK EXCHANGE LLC	2023-12-19	edgar/data/876661/0000876661-23-001002.txt
25-NSE	876661	NEW YORK STOCK EXCHANGE LLC	2023-12-19	edgar/data/876661/0000876661-23-001004.txt
25-NSE	876661	NEW YORK STOCK EXCHANGE LLC	2023-12-19	edgar/data/876661/0000876661-23-001006.txt
15-12G	1465885	Western Asset Mortgage Capital Corp	2023-12-20	edgar/data/1465885/0001104659-23-127727.txt
15-12G	1571398	VECTA INC.	2023-12-20	edgar/data/1571398/0001493152-23-045596.txt
25-NSE	1143313	NYSE AMERICAN LLC	2023-12-20	edgar/data/1143313/0001143313-23-000184.txt
25-NSE	1354457	Nasdaq Stock Market LLC	2023-12-20	edgar/data/1354457/0001354457-23-000959.txt
25-NSE	1740915	Farfetch Ltd	2023-12-20	edgar/data/1740915/0000876661-23-001010.txt
25-NSE	1814215	Nuburu, Inc.	2023-12-20	edgar/data/1814215/0001143313-23-000184.txt
25-NSE	1847891	Acropolis Infrastructure Acquisition Corp.	2023-12-20	edgar/data/1847891/0000876661-23-001008.txt
25-NSE	75340	P&F INDUSTRIES INC	2023-12-20	edgar/data/75340/0001354457-23-000959.txt
25-NSE	876661	NEW YORK STOCK EXCHANGE LLC	2023-12-20	edgar/data/876661/0000876661-23-001008.txt
25-NSE	876661	NEW YORK STOCK EXCHANGE LLC	2023-12-20	edgar/data/876661/0000876661-23-001010.txt
15-12G	1635136	DUO WORLD INC	2023-12-21	edgar/data/1635136/0001493152-23-045723.txt
15-12G	1841873	Khosla Ventures Acquisition Co.	2023-12-21	edgar/data/1841873/0001193125-23-300557.txt
15-15D	1809291	Volkswagen Auto Loan Enhanced Trust 2020-1	2023-12-21	edgar/data/1809291/0001104659-23-128100.txt
25	1004315	NATIONAL GRID PLC	2023-12-21	edgar/data/1004315/0001193125-23-300544.txt
25	71932	NIAGARA MOHAWK POWER CORP /NY/	2023-12-21	edgar/data/71932/0001193125-23-300544.txt
25-NSE	1143313	NYSE AMERICAN LLC	2023-12-21	edgar/data/1143313/0001143313-23-000186.txt
25-NSE	1143313	NYSE AMERICAN LLC	2023-12-21	edgar/data/1143313/0001143313-23-000188.txt
25-NSE	1259429	Oxford Square Capital Corp.	2023-12-21	edgar/data/1259429/0001354457-23-000967.txt
25-NSE	1354457	Nasdaq Stock Market LLC	2023-12-21	edgar/data/1354457/0001354457-23-000960.txt
25-NSE	1354457	Nasdaq Stock Market LLC	2023-12-21	edgar/data/1354457/0001354457-23-000961.txt
25-NSE	1354457	Nasdaq Stock Market LLC	2023-12-21	edgar/data/1354457/0001354457-23-000962.txt
25-NSE	1354457	Nasdaq Stock Market LLC	2023-12-21	edgar/data/1354457/0001354457-23-000964.txt
25-NSE	1354457	Nasdaq Stock Market LLC	2023-12-21	edgar/data/1354457/0001354457-23-000965.txt
25-NSE	1354457	Nasdaq Stock Market LLC	2023-12-21	edgar/data/1354457/0001354457-23-000966.txt
25-NSE	1354457	Nasdaq Stock Market LLC	2023-12-21	edgar/data/1354457/0001354457-23-000967.txt
25-NSE	1616741	PATRIOT TRANSPORTATION HOLDING, INC.	2023-12-21	edgar/data/1616741/0001354457-23-000962.txt
25-NSE	1665300	Phunware, Inc.	2023-12-21	edgar/data/1665300/0001354457-23-000965.txt
25-NSE	1817232	Global Gas Corp	2023-12-21	edgar/data/1817232/0001354457-23-000966.txt
25-NSE	1827871	Electriq Power Holdings, Inc.	2023-12-21	edgar/data/1827871/0001143313-23-000188.txt
25-NSE	1835814	Northern Star Investment Corp. IV	2023-12-21	edgar/data/1835814/0000876661-23-001016.txt
25-NSE	1835817	Northern Star Investment Corp. III	2023-12-21	edgar/data/1835817/0000876661-23-001014.txt
25-NSE	1839610	InterPrivate III Financial Partners Inc.	2023-12-21	edgar/data/1839610/0001143313-23-000186.txt
25-NSE	1842566	BYTE Acquisition Corp.	2023-12-21	edgar/data/1842566/0001354457-23-000964.txt
25-NSE	1855457	KORE Group Holdings, Inc.	2023-12-21	edgar/data/1855457/0001143313-23-000190.txt
25-NSE	1861449	Bird Global, Inc.	2023-12-21	edgar/data/1861449/0000876661-23-001012.txt
25-NSE	1946425	Hammerhead Energy Inc.	2023-12-21	edgar/data/1946425/0001354457-23-000961.txt
25-NSE	355379	MIDWEST HOLDING INC.	2023-12-21	edgar/data/355379/0001354457-23-000960.txt
25-NSE	876661	NEW YORK STOCK EXCHANGE LLC	2023-12-21	edgar/data/876661/0000876661-23-001012.txt
25-NSE	876661	NEW YORK STOCK EXCHANGE LLC	2023-12-21	edgar/data/876661/0000876661-23-001014.txt
25-NSE	876661	NEW YORK STOCK EXCHANGE LLC	2023-12-21	edgar/data/876661/0000876661-23-001016.txt
25-NSE	876661	NEW YORK STOCK EXCHANGE LLC	2023-12-21	edgar/data/876661/0001143313-23-000190.txt
15-12G	1815753	Thunder Bridge Capital Partners III Inc.	2023-12-22	edgar/data/1815753/0001213900-23-098151.txt
15-12G	1847351	Beard Energy Transition Acquisition Corp.	2023-12-22	edgar/data/1847351/0001213900-23-097847.txt
15-12G	1848020	Black Mountain Acquisition Corp.	2023-12-22	edgar/data/1848020/0001193125-23-301728.txt
25	1830029	Adit EdTech Acquisition Corp.	2023-12-22	edgar/data/1830029/0001193125-23-302233.txt
25-NSE	1100663	iSHARES TRUST	2023-12-22	edgar/data/1100663/0001143362-23-000554.txt
25-NSE	1100663	iSHARES TRUST	2023-12-22	edgar/data/1100663/0001354457-23-000984.txt
25-NSE	1143362	NYSE ARCA, INC.	2023-12-22	edgar/data/1143362/0001143362-23-000554.txt
25-NSE	1354457	Nasdaq Stock Market LLC	2023-12-22	edgar/data/1354457/0001354457-23-000968.txt
25-NSE	1354457	Nasdaq Stock Market LLC	2023-12-22	edgar/data/1354457/0001354457-23-000984.txt
25-NSE	1354457	Nasdaq Stock Market LLC	2023-12-22	edgar/data/1354457/0001354457-23-000985.txt
25-NSE	1723648	LiveVox Holdings, Inc.	2023-12-22	edgar/data/1723648/0001354457-23-000985.txt
25-NSE	1855467	Chavant Capital Acquisition Corp.	2023-12-22	edgar/data/1855467/0001354457-23-000968.txt
15-12G	1057083	PC TEL INC	2023-12-26	edgar/data/1057083/0001104659-23-129179.txt
15-12G	1060736	Seagen Inc.	2023-12-26	edgar/data/1060736/0001193125-23-302421.txt
15-12G	1171008	ADAMANT DRI PROCESSING & MINERALS GROUP	2023-12-26	edgar/data/1171008/0001493152-23-046122.txt
15-12G	1209028	Arlington Asset Investment Corp.	2023-12-26	edgar/data/1209028/0001104659-23-129197.txt
15-12G	1333172	Navios Maritime Holdings Inc.	2023-12-26	edgar/data/1333172/0001193125-23-303023.txt
15-12G	1527096	Miromatrix Medical Inc.	2023-12-26	edgar/data/1527096/0001104659-23-128937.txt
15-12G	1840161	Forest Road Acquisition Corp. II	2023-12-26	edgar/data/1840161/0001213900-23-098537.txt
15-12G	23111	COMPUTER TASK GROUP INC	2023-12-26	edgar/data/23111/0001193125-23-302910.txt
25	1209028	Arlington Asset Investment Corp.	2023-12-26	edgar/data/1209028/0001104659-23-129193.txt
25	1452965	MINERVA SURGICAL INC	2023-12-26	edgar/data/1452965/0001193125-23-303044.txt
25	1592900	EA Series Trust	2023-12-26	edgar/data/1592900/0001592900-23-001396.txt
25	1592900	EA Series Trust	2023-12-26	edgar/data/1592900/0001592900-23-001398.txt
25	1723128	Amneal Pharmaceuticals, Inc.	2023-12-26	edgar/data/1723128/0001193125-23-303015.txt
25-NSE	1354457	Nasdaq Stock Market LLC	2023-12-26	edgar/data/1354457/0001354457-23-000986.txt
25-NSE	1354457	Nasdaq Stock Market LLC	2023-12-26	edgar/data/1354457/0001354457-23-000987.txt
25-NSE	1354457	Nasdaq Stock Market LLC	2023-12-26	edgar/data/1354457/0001354457-23-000989.txt
25-NSE	1354457	Nasdaq Stock Market LLC	2023-12-26	edgar/data/1354457/0001354457-23-000990.txt
25-NSE	1787518	Brilliant Acquisition Corp	2023-12-26	edgar/data/1787518/0001354457-23-000986.txt
25-NSE	1817868	Jupiter Acquisition Corp	2023-12-26	edgar/data/1817868/0001354457-23-000989.txt
25-NSE	1855555	ACCRETION ACQUISITION CORP.	2023-12-26	edgar/data/1855555/0001354457-23-000990.txt
25-NSE	1883984	Alternus Clean Energy, Inc.	2023-12-26	edgar/data/1883984/0001354457-23-000987.txt
15-12G	1709768	Sentinel Energy Services Inc.	2023-12-27	edgar/data/1709768/0001193125-23-304141.txt
15-12G	1839175	M3-Brigade Acquisition II Corp.	2023-12-27	edgar/data/1839175/0001213900-23-098861.txt
25-NSE	1021096	Troika Media Group, Inc.	2023-12-27	edgar/data/1021096/0001354457-23-001005.txt
25-NSE	1080319	Elys Game Technology, Corp.	2023-12-27	edgar/data/1080319/0001354457-23-000998.txt
25-NSE	1100663	iSHARES TRUST	2023-12-27	edgar/data/1100663/0001417835-23-000132.txt
25-NSE	1143362	NYSE ARCA, INC.	2023-12-27	edgar/data/1143362/0001143362-23-000556.txt
25-NSE	1354457	Nasdaq Stock Market LLC	2023-12-27	edgar/data/1354457/0001354457-23-000992.txt
25-NSE	1354457	Nasdaq Stock Market LLC	2023-12-27	edgar/data/1354457/0001354457-23-000993.txt
25-NSE	1354457	Nasdaq Stock Market LLC	2023-12-27	edgar/data/1354457/0001354457-23-000994.txt
25-NSE	1354457	Nasdaq Stock Market LLC	2023-12-27	edgar/data/1354457/0001354457-23-000995.txt
25-NSE	1354457	Nasdaq Stock Market LLC	2023-12-27	edgar/data/1354457/0001354457-23-000996.txt
25-NSE	1354457	Nasdaq Stock Market LLC	2023-12-27	edgar/data/1354457/0001354457-23-000997.txt
25-NSE	1354457	Nasdaq Stock Market LLC	2023-12-27	edgar/data/1354457/0001354457-23-000998.txt
25-NSE	1354457	Nasdaq Stock Market LLC	2023-12-27	edgar/data/1354457/0001354457-23-000999.txt
25-NSE	1354457	Nasdaq Stock Market LLC	2023-12-27	edgar/data/1354457/0001354457-23-001000.txt
25-NSE	1354457	Nasdaq Stock Market LLC	2023-12-27	edgar/data/1354457/0001354457-23-001001.txt
25-NSE	1354457	Nasdaq Stock Market LLC	2023-12-27	edgar/data/1354457/0001354457-23-001002.txt
25-NSE	1354457	Nasdaq Stock Market LLC	2023-12-27	edgar/data/1354457/0001354457-23-001003.txt
25-NSE	1354457	Nasdaq Stock Market LLC	2023-12-27	edgar/data/1354457/0001354457-23-001004.txt
25-NSE	1354457	Nasdaq Stock Market LLC	2023-12-27	edgar/data/1354457/0001354457-23-001005.txt
25-NSE	1354457	Nasdaq Stock Market LLC	2023-12-27	edgar/data/1354457/0001354457-23-001006.txt
25-NSE	1354457	Nasdaq Stock Market LLC	2023-12-27	edgar/data/1354457/0001354457-23-001010.txt
25-NSE	1368148	ATHERSYS, INC / NEW	2023-12-27	edgar/data/1368148/0001354457-23-000993.txt
25-NSE	1417835	Cboe BZX Exchange, Inc.	2023-12-27	edgar/data/1417835/0001417835-23-000132.txt
25-NSE	1445499	IMPEL PHARMACEUTICALS INC	2023-12-27	edgar/data/1445499/0001354457-23-001002.txt
25-NSE	1478069	CONTRAFECT Corp	2023-12-27	edgar/data/1478069/0001354457-23-000997.txt
25-NSE	1522602	CohBar, Inc.	2023-12-27	edgar/data/1522602/0001354457-23-000996.txt
25-NSE	1600132	Bellerophon Therapeutics, Inc.	2023-12-27	edgar/data/1600132/0001354457-23-000994.txt
25-NSE	1650575	Borqs Technologies, Inc.	2023-12-27	edgar/data/1650575/0001354457-23-000995.txt
25-NSE	1683471	Listed Funds Trust	2023-12-27	edgar/data/1683471/0001143362-23-000556.txt
25-NSE	1694665	Evelo Biosciences, Inc.	2023-12-27	edgar/data/1694665/0001354457-23-000999.txt
25-NSE	1775625	SmileDirectClub, Inc.	2023-12-27	edgar/data/1775625/0001354457-23-001004.txt
25-NSE	1790625	AgileThought, Inc.	2023-12-27	edgar/data/1790625/0001354457-23-000992.txt
25-NSE	1811764	POINT Biopharma Global Inc.	2023-12-27	edgar/data/1811764/0001354457-23-001006.txt
25-NSE	1826671	Near Intelligence, Inc.	2023-12-27	edgar/data/1826671/0001354457-23-001003.txt
25-NSE	1865045	FAT PROJECTS ACQUISITION CORP	2023-12-27	edgar/data/1865045/0001354457-23-001000.txt
25-NSE	1870778	Opy Acquisition Corp. I	2023-12-27	edgar/data/1870778/0001354457-23-001010.txt
25-NSE	819050	Fresh Tracks Therapeutics, Inc.	2023-12-27	edgar/data/819050/0001354457-23-001001.txt
15-12G	1807192	Chindata Group Holdings Ltd	2023-12-28	edgar/data/1807192/0001193125-23-304348.txt
15-12G	1870778	Opy Acquisition Corp. I	2023-12-28	edgar/data/1870778/0001193125-23-305198.txt
15-15D	1805574	Verizon Owner Trust 2020-B	2023-12-28	edgar/data/1805574/0000929638-23-003555.txt
15F-12B	1115837	MOBILE TELESYSTEMS PUBLIC JOINT STOCK Co	2023-12-28	edgar/data/1115837/0001104659-23-129826.txt
25	795212	Kaspien Holdings Inc.	2023-12-28	edgar/data/795212/0001140361-23-059730.txt
25-NSE	1354457	Nasdaq Stock Market LLC	2023-12-28	edgar/data/1354457/0001354457-23-001011.txt
25-NSE	1801777	Applied Molecular Transport Inc.	2023-12-28	edgar/data/1801777/0001354457-23-001011.txt
25-NSE	1843973	FLYEXCLUSIVE INC.	2023-12-28	edgar/data/1843973/0000876661-23-001021.txt
25-NSE	876661	NEW YORK STOCK EXCHANGE LLC	2023-12-28	edgar/data/876661/0000876661-23-001021.txt
15-12G	1075706	CITIZENS HOLDING CO /MS/	2023-12-29	edgar/data/1075706/0001753926-23-001663.txt
15-12G	1840225	Fusion Acquisition Corp. II	2023-12-29	edgar/data/1840225/0001213900-23-099447.txt
15-12G	1847891	Acropolis Infrastructure Acquisition Corp.	2023-12-29	edgar/data/1847891/0000950142-23-003084.txt
15-12G	1854458	Nabors Energy Transition Corp.	2023-12-29	edgar/data/1854458/0001104659-23-130314.txt
15-12G	1874138	Sparx Holdings Group, Inc.	2023-12-29	edgar/data/1874138/0001599916-23-000290.txt
15-15D	1556811	Citigroup Commercial Mortgage Trust 2012-GC8	2023-12-29	edgar/data/1556811/0000950123-23-011338.txt
15-15D	1573946	Citigroup Commercial Mortgage Trust 2013-GCJ11	2023-12-29	edgar/data/1573946/0000950123-23-011342.txt
15-15D	1585673	Citigroup Commercial Mortgage Trust 2013-GC15	2023-12-29	edgar/data/1585673/0000950123-23-011341.txt
25	1500881	enCore Energy Corp.	2023-12-29	edgar/data/1500881/0001213900-23-099639.txt
25-NSE	1001082	DISH Network CORP	2023-12-29	edgar/data/1001082/0001354457-23-001016.txt
25-NSE	1143362	NYSE ARCA, INC.	2023-12-29	edgar/data/1143362/0001143362-23-000558.txt
25-NSE	1354457	Nasdaq Stock Market LLC	2023-12-29	edgar/data/1354457/0001354457-23-001014.txt
25-NSE	1354457	Nasdaq Stock Market LLC	2023-12-29	edgar/data/1354457/0001354457-23-001016.txt
25-NSE	1547950	Exchange Listed Funds Trust	2023-12-29	edgar/data/1547950/0001143362-23-000558.txt
25-NSE	1587264	ENETI INC.	2023-12-29	edgar/data/1587264/0000876661-23-001024.txt
25-NSE	1854275	Innovative International Acquisition Corp.	2023-12-29	edgar/data/1854275/0001354457-23-001014.txt
25-NSE	876661	NEW YORK STOCK EXCHANGE LLC	2023-12-29	edgar/data/876661/0000876661-23-001024.txt
15-12G	1312109	Silvergate Capital Corp	2024-01-02	edgar/data/1312109/0000950157-24-000008.txt
15-12G	1522690	GWG Holdings, Inc.	2024-01-02	edgar/data/1522690/0001213900-24-000028.txt
15-12G	1592058	Party City Holdco Inc.	2024-01-02	edgar/data/1592058/0000950142-24-000001.txt
15-12G	1616741	PATRIOT TRANSPORTATION HOLDING, INC.	2024-01-02	edgar/data/1616741/0001140361-24-000164.txt
15-12G	1723648	LiveVox Holdings, Inc.	2024-01-02	edgar/data/1723648/0000950103-24-000039.txt
15-12G	1821075	Appreciate Holdings, Inc.	2024-01-02	edgar/data/1821075/0001213900-24-000265.txt
15-12G	1946425	Hammerhead Energy Inc.	2024-01-02	edgar/data/1946425/0001213900-24-000232.txt
15-12G	355379	MIDWEST HOLDING INC.	2024-01-02	edgar/data/355379/0001104659-24-000389.txt
15-12G	75340	P&F INDUSTRIES INC	2024-01-02	edgar/data/75340/0001104659-24-000367.txt
15-12G	927761	MYMETICS CORP	2024-01-02	edgar/data/927761/0001654954-24-000058.txt
15-15D	1456381	GWG LIFE, LLC	2024-01-02	edgar/data/1456381/0001213900-24-000030.txt
15-15D	1456381	GWG LIFE, LLC	2024-01-02	edgar/data/1456381/0001213900-24-000032.txt
15-15D	1456381	GWG LIFE, LLC	2024-01-02	edgar/data/1456381/0001213900-24-000040.txt
15-15D	1456381	GWG LIFE, LLC	2024-01-02	edgar/data/1456381/0001213900-24-000044.txt
15-15D	1522690	GWG Holdings, Inc.	2024-01-02	edgar/data/1522690/0001213900-24-000030.txt
15-15D	1522690	GWG Holdings, Inc.	2024-01-02	edgar/data/1522690/0001213900-24-000032.txt
15-15D	1522690	GWG Holdings, Inc.	2024-01-02	edgar/data/1522690/0001213900-24-000034.txt
15-15D	1522690	GWG Holdings, Inc.	2024-01-02	edgar/data/1522690/0001213900-24-000036.txt
15-15D	1522690	GWG Holdings, Inc.	2024-01-02	edgar/data/1522690/0001213900-24-000040.txt
15-15D	1522690	GWG Holdings, Inc.	2024-01-02	edgar/data/1522690/0001213900-24-000042.txt
15-15D	1522690	GWG Holdings, Inc.	2024-01-02	edgar/data/1522690/0001213900-24-000044.txt
25	1834032	Constellation Acquisition Corp I	2024-01-02	edgar/data/1834032/0001213900-24-000306.txt
25-NSE	1143313	NYSE AMERICAN LLC	2024-01-02	edgar/data/1143313/0001143313-24-000002.txt
25-NSE	1143313	NYSE AMERICAN LLC	2024-01-02	edgar/data/1143313/0001143313-24-000006.txt
25-NSE	1830029	GRIID Infrastructure Inc.	2024-01-02	edgar/data/1830029/0001143313-24-000006.txt
25-NSE	1834518	Northern Star Investment Corp. II	2024-01-02	edgar/data/1834518/0001143313-24-000002.txt
25-NSE	1844224	FREYR Battery	2024-01-02	edgar/data/1844224/0000876661-24-000006.txt
25-NSE	1852633	Pinstripes Holdings, Inc.	2024-01-02	edgar/data/1852633/0000876661-24-000004.txt
25-NSE	842183	RPT Realty	2024-01-02	edgar/data/842183/0000876661-24-000002.txt
25-NSE	876661	NEW YORK STOCK EXCHANGE LLC	2024-01-02	edgar/data/876661/0000876661-24-000002.txt
25-NSE	876661	NEW YORK STOCK EXCHANGE LLC	2024-01-02	edgar/data/876661/0000876661-24-000004.txt
25-NSE	876661	NEW YORK STOCK EXCHANGE LLC	2024-01-02	edgar/data/876661/0000876661-24-000006.txt
15-12G	1004315	NATIONAL GRID PLC	2024-01-03	edgar/data/1004315/0001193125-24-001455.txt
15-12G	1592782	Nukkleus Inc.	2024-01-03	edgar/data/1592782/0001213900-24-000412.txt
15-12G	71932	NIAGARA MOHAWK POWER CORP /NY/	2024-01-03	edgar/data/71932/0001193125-24-001455.txt
15-12G	910467	CAMPBELL STRATEGIC ALLOCATION FUND LP	2024-01-03	edgar/data/910467/0001140361-24-000413.txt
15-15D	1075706	CITIZENS HOLDING CO /MS/	2024-01-03	edgar/data/1075706/0001753926-24-000053.txt
25-NSE	1143313	NYSE AMERICAN LLC	2024-01-03	edgar/data/1143313/0001143362-24-000006.txt
25-NSE	1143362	NYSE ARCA, INC.	2024-01-03	edgar/data/1143362/0001143362-24-000004.txt
25-NSE	1471824	Teucrium Commodity Trust	2024-01-03	edgar/data/1471824/0001143362-24-000004.txt
25-NSE	1698113	PARTS iD, Inc.	2024-01-03	edgar/data/1698113/0001143362-24-000006.txt
25-NSE	1802749	Lightning eMotors, Inc.	2024-01-03	edgar/data/1802749/0000876661-24-000008.txt
25-NSE	876661	NEW YORK STOCK EXCHANGE LLC	2024-01-03	edgar/data/876661/0000876661-24-000008.txt
15-12G	1383701	Histogen Inc.	2024-01-04	edgar/data/1383701/0001193125-24-002262.txt
15-12G	1452965	MINERVA SURGICAL INC	2024-01-04	edgar/data/1452965/0001193125-24-002465.txt
15-12G	1604477	SQZ Biotechnologies Co	2024-01-04	edgar/data/1604477/0001193125-24-002446.txt
25-NSE	1143313	NYSE AMERICAN LLC	2024-01-04	edgar/data/1143313/0001143313-24-000009.txt
25-NSE	1852767	Marti Technologies, Inc.	2024-01-04	edgar/data/1852767/0001143313-24-000009.txt
15-12G	1777765	VIQ Solutions Inc.	2024-01-05	edgar/data/1777765/0001104659-24-001792.txt
15-12G	1817868	Jupiter Acquisition Corp	2024-01-05	edgar/data/1817868/0001213900-24-001282.txt
25	1843973	FLYEXCLUSIVE INC.	2024-01-05	edgar/data/1843973/0001193125-24-003358.txt
25	819913	HALLMARK FINANCIAL SERVICES INC	2024-01-05	edgar/data/819913/0001104659-24-001449.txt
25-NSE	1031029	Startek, Inc.	2024-01-05	edgar/data/1031029/0000876661-24-000012.txt
25-NSE	1354457	Nasdaq Stock Market LLC	2024-01-05	edgar/data/1354457/0001354457-24-000005.txt
25-NSE	1354457	Nasdaq Stock Market LLC	2024-01-05	edgar/data/1354457/0001354457-24-000006.txt
25-NSE	1547950	Exchange Listed Funds Trust	2024-01-05	edgar/data/1547950/0001354457-24-000006.txt
25-NSE	1830210	Benson Hill, Inc.	2024-01-05	edgar/data/1830210/0000876661-24-000016.txt
25-NSE	1837412	SomaLogic, Inc.	2024-01-05	edgar/data/1837412/0001354457-24-000005.txt
25-NSE	876661	NEW YORK STOCK EXCHANGE LLC	2024-01-05	edgar/data/876661/0000876661-24-000012.txt
25-NSE	876661	NEW YORK STOCK EXCHANGE LLC	2024-01-05	edgar/data/876661/0000876661-24-000014.txt
25-NSE	876661	NEW YORK STOCK EXCHANGE LLC	2024-01-05	edgar/data/876661/0000876661-24-000016.txt
25-NSE	897429	CHICO'S FAS, INC.	2024-01-05	edgar/data/897429/0000876661-24-000014.txt
15-12G	1587264	ENETI INC.	2024-01-08	edgar/data/1587264/0000950103-24-000398.txt
15-12G	1811764	POINT Biopharma Global Inc.	2024-01-08	edgar/data/1811764/0001193125-24-003853.txt
15-12G	795212	Kaspien Holdings Inc.	2024-01-08	edgar/data/795212/0001140361-24-001318.txt
15-15D	1209028	Arlington Asset Investment Corp.	2024-01-08	edgar/data/1209028/0001104659-24-002287.txt
15-15D	1209028	Arlington Asset Investment Corp.	2024-01-08	edgar/data/1209028/0001104659-24-002289.txt
25	1050606	SALEM MEDIA GROUP, INC. /DE/	2024-01-08	edgar/data/1050606/0001193125-24-004249.txt
25	716643	REGIS CORP	2024-01-08	edgar/data/716643/0001193125-24-004420.txt
25-NSE	1064642	SPDR SERIES TRUST	2024-01-08	edgar/data/1064642/0001143362-24-000008.txt
25-NSE	1143362	NYSE ARCA, INC.	2024-01-08	edgar/data/1143362/0001143362-24-000008.txt
25-NSE	1354457	Nasdaq Stock Market LLC	2024-01-08	edgar/data/1354457/0001354457-24-000008.txt
25-NSE	1897245	Alset Capital Acquisition Corp.	2024-01-08	edgar/data/1897245/0001354457-24-000008.txt
15-12G	1801777	Applied Molecular Transport Inc.	2024-01-09	edgar/data/1801777/0001437749-24-000921.txt
15-12G	1855555	ACCRETION ACQUISITION CORP.	2024-01-09	edgar/data/1855555/0001104659-24-002545.txt
25-NSE	1354457	Nasdaq Stock Market LLC	2024-01-09	edgar/data/1354457/0001354457-24-000009.txt
25-NSE	1354457	Nasdaq Stock Market LLC	2024-01-09	edgar/data/1354457/0001354457-24-000011.txt
25-NSE	1635650	Green Plains Partners LP	2024-01-09	edgar/data/1635650/0001354457-24-000011.txt
25-NSE	1825473	Prospector Capital Corp.	2024-01-09	edgar/data/1825473/0001354457-24-000009.txt
25-NSE	1143362	NYSE ARCA, INC.	2024-01-10	edgar/data/1143362/0001143362-24-000011.txt
25-NSE	1511699	Managed Portfolio Series	2024-01-10	edgar/data/1511699/0001143362-24-000011.txt
25-NSE	1742924	Livent Corp.	2024-01-10	edgar/data/1742924/0000876661-24-000021.txt
25-NSE	1793229	MultiPlan Corp	2024-01-10	edgar/data/1793229/0000876661-24-000023.txt
25-NSE	876661	NEW YORK STOCK EXCHANGE LLC	2024-01-10	edgar/data/876661/0000876661-24-000021.txt
25-NSE	876661	NEW YORK STOCK EXCHANGE LLC	2024-01-10	edgar/data/876661/0000876661-24-000023.txt
15-12G	1498828	Howard Hughes Corp	2024-01-11	edgar/data/1498828/0001104659-24-003304.txt
15-12G	1844224	FREYR Battery	2024-01-12	edgar/data/1844224/0001844224-24-000019.txt
15-12G	1908984	ENDI Corp.	2024-01-12	edgar/data/1908984/0001493152-24-002254.txt
15-12G	842183	RPT Realty	2024-01-12	edgar/data/842183/0001140361-24-002132.txt
15-15D	1162283	MORGAN GROUP HOLDING CO	2024-01-12	edgar/data/1162283/0001140361-24-002116.txt
25-NSE	1143362	NYSE ARCA, INC.	2024-01-12	edgar/data/1143362/0001143362-24-000018.txt
25-NSE	1354457	Nasdaq Stock Market LLC	2024-01-12	edgar/data/1354457/0001354457-24-000015.txt
25-NSE	1354457	Nasdaq Stock Market LLC	2024-01-12	edgar/data/1354457/0001354457-24-000016.txt
25-NSE	1417835	Cboe BZX Exchange, Inc.	2024-01-12	edgar/data/1417835/0001417835-24-000023.txt
25-NSE	1477818	Anheuser-Busch InBev Worldwide Inc.	2024-01-12	edgar/data/1477818/0000876661-24-000041.txt
25-NSE	1477821	BrandBrew S.A.	2024-01-12	edgar/data/1477821/0000876661-24-000039.txt
25-NSE	1477822	Cobrew SA/NV	2024-01-12	edgar/data/1477822/0000876661-24-000033.txt
25-NSE	1511699	Managed Portfolio Series	2024-01-12	edgar/data/1511699/0001417835-24-000023.txt
25-NSE	1565037	Brandbev S.a r.l.	2024-01-12	edgar/data/1565037/0000876661-24-000037.txt
25-NSE	1565160	Anheuser-Busch InBev Finance Inc.	2024-01-12	edgar/data/1565160/0000876661-24-000035.txt
25-NSE	1644419	Northern Lights Fund Trust IV	2024-01-12	edgar/data/1644419/0001143362-24-000018.txt
25-NSE	1668717	Anheuser-Busch InBev SA/NV	2024-01-12	edgar/data/1668717/0000876661-24-000027.txt
25-NSE	1930021	Pono Capital Three, Inc.	2024-01-12	edgar/data/1930021/0001354457-24-000015.txt
25-NSE	310569	ANHEUSER-BUSCH COMPANIES, LLC	2024-01-12	edgar/data/310569/0000876661-24-000031.txt
25-NSE	839923	VODAFONE GROUP PUBLIC LTD CO	2024-01-12	edgar/data/839923/0001354457-24-000016.txt
25-NSE	876661	NEW YORK STOCK EXCHANGE LLC	2024-01-12	edgar/data/876661/0000876661-24-000027.txt
25-NSE	876661	NEW YORK STOCK EXCHANGE LLC	2024-01-12	edgar/data/876661/0000876661-24-000031.txt
25-NSE	876661	NEW YORK STOCK EXCHANGE LLC	2024-01-12	edgar/data/876661/0000876661-24-000033.txt
25-NSE	876661	NEW YORK STOCK EXCHANGE LLC	2024-01-12	edgar/data/876661/0000876661-24-000035.txt
25-NSE	876661	NEW YORK STOCK EXCHANGE LLC	2024-01-12	edgar/data/876661/0000876661-24-000037.txt
25-NSE	876661	NEW YORK STOCK EXCHANGE LLC	2024-01-12	edgar/data/876661/0000876661-24-000039.txt
25-NSE	876661	NEW YORK STOCK EXCHANGE LLC	2024-01-12	edgar/data/876661/0000876661-24-000041.txt
15-12G	1451512	Unrivaled Brands, Inc.	2024-01-16	edgar/data/1451512/0001477932-24-000206.txt
15-12G	1575659	Rapid Therapeutic Science Laboratories, Inc.	2024-01-16	edgar/data/1575659/0001393905-24-000012.txt
15-12G	1837412	SomaLogic, Inc.	2024-01-16	edgar/data/1837412/0001104659-24-003902.txt
15-12G	819913	HALLMARK FINANCIAL SERVICES INC	2024-01-16	edgar/data/819913/0001104659-24-004131.txt
15-15D	1510832	Biopower Operations Corp	2024-01-16	edgar/data/1510832/0001493152-24-002269.txt
25	883237	VIRTUS INVESTMENT PARTNERS, INC.	2024-01-16	edgar/data/883237/0001193125-24-008552.txt
25-NSE	1143313	NYSE AMERICAN LLC	2024-01-16	edgar/data/1143313/0001143313-24-000012.txt
25-NSE	31462	ECOLAB INC.	2024-01-16	edgar/data/31462/0000876661-24-000044.txt
25-NSE	810509	NAVIDEA BIOPHARMACEUTICALS, INC.	2024-01-16	edgar/data/810509/0001143313-24-000012.txt
25-NSE	876661	NEW YORK STOCK EXCHANGE LLC	2024-01-16	edgar/data/876661/0000876661-24-000044.txt
25	1209466	INVESCO EXCHANGE-TRADED FUND TRUST	2024-01-17	edgar/data/1209466/0001193125-24-009167.txt
25-NSE	1354457	Nasdaq Stock Market LLC	2024-01-17	edgar/data/1354457/0001354457-24-000017.txt
25-NSE	315858	Bluegreen Vacations Holding Corp	2024-01-17	edgar/data/315858/0000876661-24-000047.txt
25-NSE	320193	Apple Inc.	2024-01-17	edgar/data/320193/0001354457-24-000017.txt
25-NSE	864270	AMERICAN HONDA FINANCE CORP	2024-01-17	edgar/data/864270/0000876661-24-000049.txt
25-NSE	876661	NEW YORK STOCK EXCHANGE LLC	2024-01-17	edgar/data/876661/0000876661-24-000047.txt
25-NSE	876661	NEW YORK STOCK EXCHANGE LLC	2024-01-17	edgar/data/876661/0000876661-24-000049.txt
15-12G	1545224	Silver Elephant Mining Corp.	2024-01-18	edgar/data/1545224/0001062993-24-001036.txt
15-12G	1627014	Black Knight, Inc.	2024-01-18	edgar/data/1627014/0001193125-24-010266.txt
15-12G	1031029	Startek, Inc.	2024-01-19	edgar/data/1031029/0001140361-24-002925.txt
15-12G	1635650	Green Plains Partners LP	2024-01-19	edgar/data/1635650/0001635650-24-000021.txt
15-12G	1772028	Scopus BioPharma Inc.	2024-01-19	edgar/data/1772028/0001104659-24-005276.txt
15-12G	897429	CHICO'S FAS, INC.	2024-01-19	edgar/data/897429/0001140361-24-002813.txt
15-12G	1742924	Livent Corp.	2024-01-22	edgar/data/1742924/0000950103-24-000941.txt
15-15D	1590757	Morgan Stanley Bank of America Merrill Lynch Trust 2013-C13	2024-01-22	edgar/data/1590757/0001888524-24-000204.txt
25-NSE	1415726	Innovator ETFs Trust	2024-01-22	edgar/data/1415726/0001417835-24-000029.txt
25-NSE	1417835	Cboe BZX Exchange, Inc.	2024-01-22	edgar/data/1417835/0001417835-24-000029.txt
15-12G	1001082	DISH Network CORP	2024-01-23	edgar/data/1001082/0001104659-24-005901.txt
15-15D	1552327	Morgan Stanley Bank of America Merrill Lynch Trust 2012-C5	2024-01-23	edgar/data/1552327/0001853620-24-000016.txt
25-NSE	1308606	SPIRIT REALTY CAPITAL, INC.	2024-01-23	edgar/data/1308606/0000876661-24-000059.txt
25-NSE	1354457	Nasdaq Stock Market LLC	2024-01-23	edgar/data/1354457/0001354457-24-000023.txt
25-NSE	1576263	Mirati Therapeutics, Inc.	2024-01-23	edgar/data/1576263/0001354457-24-000023.txt
25-NSE	1692819	Vistra Corp.	2024-01-23	edgar/data/1692819/0000876661-24-000057.txt
25-NSE	876661	NEW YORK STOCK EXCHANGE LLC	2024-01-23	edgar/data/876661/0000876661-24-000057.txt
25-NSE	876661	NEW YORK STOCK EXCHANGE LLC	2024-01-23	edgar/data/876661/0000876661-24-000059.txt
15-12G	1358656	Millennium Sustainable Ventures Corp.	2024-01-24	edgar/data/1358656/0001493152-24-003626.txt
15-12G	1490927	Franklin BSP Lending Corp	2024-01-24	edgar/data/1490927/0001213900-24-006164.txt
15-12G	1761540	STRATUS CAPITAL CORP	2024-01-24	edgar/data/1761540/0001065949-24-000005.txt
15F-12B	926042	TATA MOTORS LTD/FI	2024-01-24	edgar/data/926042/0001193125-24-013545.txt
25-NSE	1354457	Nasdaq Stock Market LLC	2024-01-24	edgar/data/1354457/0001354457-24-000027.txt
25-NSE	1748907	Orchard Therapeutics plc	2024-01-24	edgar/data/1748907/0001354457-24-000027.txt
15-15D	1625285	Arma Services Inc	2024-01-25	edgar/data/1625285/0001683168-24-000439.txt
15-12G	1694665	Evelo Biosciences, Inc.	2024-01-26	edgar/data/1694665/0001193125-24-016898.txt
15-12G	1794905	Cyxtera Technologies, Inc.	2024-01-26	edgar/data/1794905/0001193125-24-016590.txt
15-12G	810509	NAVIDEA BIOPHARMACEUTICALS, INC.	2024-01-26	edgar/data/810509/0001437749-24-002306.txt
25-NSE	1354457	Nasdaq Stock Market LLC	2024-01-26	edgar/data/1354457/0001354457-24-000037.txt
25-NSE	1354457	Nasdaq Stock Market LLC	2024-01-26	edgar/data/1354457/0001354457-24-000038.txt
25-NSE	1724979	Rain Oncology Inc.	2024-01-26	edgar/data/1724979/0001354457-24-000038.txt
25-NSE	1849475	Newcourt Acquisition Corp	2024-01-26	edgar/data/1849475/0001354457-24-000037.txt
25-NSE	1863105	EngageSmart, Inc.	2024-01-26	edgar/data/1863105/0000876661-24-000066.txt
25-NSE	876661	NEW YORK STOCK EXCHANGE LLC	2024-01-26	edgar/data/876661/0000876661-24-000066.txt
15-12G	1853651	Alpine Acquisition Corp.	2024-01-29	edgar/data/1853651/0001213900-24-007177.txt
15-12G	315858	Bluegreen Vacations Holding Corp	2024-01-29	edgar/data/315858/0001193125-24-018195.txt
15-15D	1789755	Hyundai Auto Receivables Trust 2019-B	2024-01-29	edgar/data/1789755/0001104659-24-007589.txt
25	1333172	Navios Maritime Holdings Inc.	2024-01-29	edgar/data/1333172/0001193125-24-018114.txt
25	1333172	Navios Maritime Holdings Inc.	2024-01-29	edgar/data/1333172/0001193125-24-018117.txt
25	1485894	J.P. Morgan Exchange-Traded Fund Trust	2024-01-29	edgar/data/1485894/0001193125-24-017561.txt
25	1513818	Aravive, Inc.	2024-01-29	edgar/data/1513818/0001437749-24-002443.txt
25	1823593	TuSimple Holdings Inc.	2024-01-29	edgar/data/1823593/0001193125-24-017435.txt
25-NSE	1143362	NYSE ARCA, INC.	2024-01-29	edgar/data/1143362/0001143362-24-000042.txt
25-NSE	1291733	Gol Intelligent Airlines Inc.	2024-01-29	edgar/data/1291733/0000876661-24-000072.txt
25-NSE	1467831	ETF Managers Trust	2024-01-29	edgar/data/1467831/0001143362-24-000042.txt
25-NSE	876661	NEW YORK STOCK EXCHANGE LLC	2024-01-29	edgar/data/876661/0000876661-24-000072.txt
15-12G	1839610	InterPrivate III Financial Partners Inc.	2024-01-30	edgar/data/1839610/0001213900-24-008017.txt
15-15D	1797057	Toyota Auto Receivables 2020-A Owner Trust	2024-01-30	edgar/data/1797057/0000929638-24-000291.txt
25	1776967	Natura &Co Holding S.A.	2024-01-30	edgar/data/1776967/0000950103-24-001257.txt
25-NSE	876661	NEW YORK STOCK EXCHANGE LLC	2024-01-30	edgar/data/876661/0000876661-24-000075.txt
25-NSE	914208	Invesco Ltd.	2024-01-30	edgar/data/914208/0000876661-24-000075.txt
15-12G	1606457	Atento S.A.	2024-01-31	edgar/data/1606457/0001292814-24-000254.txt
15-15D	1774379	AmeriCredit Automobile Receivables Trust 2019-2	2024-01-31	edgar/data/1774379/0001213900-24-008144.txt
15-15D	1806151	GM Financial Consumer Automobile Receivables Trust 2020-2	2024-01-31	edgar/data/1806151/0001213900-24-008142.txt
25-NSE	1261788	Trust for Advised Portfolios	2024-01-31	edgar/data/1261788/0001417835-24-000038.txt
25-NSE	1354457	Nasdaq Stock Market LLC	2024-01-31	edgar/data/1354457/0001354457-24-000044.txt
25-NSE	1417835	Cboe BZX Exchange, Inc.	2024-01-31	edgar/data/1417835/0001417835-24-000036.txt
25-NSE	1417835	Cboe BZX Exchange, Inc.	2024-01-31	edgar/data/1417835/0001417835-24-000038.txt
25-NSE	1479026	Goldman Sachs ETF Trust	2024-01-31	edgar/data/1479026/0001417835-24-000036.txt
25-NSE	1857086	Deep Medicine Acquisition Corp.	2024-01-31	edgar/data/1857086/0001354457-24-000044.txt
15-12G	1948565	Investcorp US Institutional Private Credit Fund	2024-02-01	edgar/data/1948565/0001193125-24-021898.txt
25-NSE	1143362	NYSE ARCA, INC.	2024-02-01	edgar/data/1143362/0001143362-24-000048.txt
25-NSE	1616668	Pacer Funds Trust	2024-02-01	edgar/data/1616668/0001143362-24-000048.txt
15-12G	1528172	ENDONOVO THERAPEUTICS, INC.	2024-02-02	edgar/data/1528172/0001493152-24-004800.txt
15-12G	1576263	Mirati Therapeutics, Inc.	2024-02-02	edgar/data/1576263/0001140361-24-005311.txt
15F-12B	1161611	ALUMINUM CORP OF CHINA LTD	2024-02-02	edgar/data/1161611/0001104659-24-009660.txt
25	1828248	Churchill Capital Corp VII	2024-02-02	edgar/data/1828248/0001104659-24-010024.txt
25	86115	SAFEGUARD SCIENTIFICS INC	2024-02-02	edgar/data/86115/0001104659-24-009657.txt
25-NSE	1354457	Nasdaq Stock Market LLC	2024-02-02	edgar/data/1354457/0001354457-24-000046.txt
25-NSE	1881551	Nubia Brand International Corp.	2024-02-02	edgar/data/1881551/0001354457-24-000046.txt
15-12G	1724979	Rain Oncology Inc.	2024-02-05	edgar/data/1724979/0001839882-24-003354.txt
15-12G	1748907	Orchard Therapeutics plc	2024-02-05	edgar/data/1748907/0001193125-24-023924.txt
15-12G	1849475	Newcourt Acquisition Corp	2024-02-05	edgar/data/1849475/0001104659-24-010549.txt
15-12G	1863105	EngageSmart, Inc.	2024-02-05	edgar/data/1863105/0001193125-24-024074.txt
15F-12B	1041668	CHINA SOUTHERN AIRLINES CO LTD	2024-02-05	edgar/data/1041668/0001193125-24-023428.txt
15F-12B	1108329	PETROCHINA CO LTD	2024-02-05	edgar/data/1108329/0000947871-24-000089.txt
25-NSE	1143362	NYSE ARCA, INC.	2024-02-05	edgar/data/1143362/0001143362-24-000051.txt
25-NSE	1350487	WisdomTree Trust	2024-02-05	edgar/data/1350487/0001143362-24-000051.txt
15-15D	1308606	SPIRIT REALTY CAPITAL, INC.	2024-02-06	edgar/data/1308606/0001193125-24-024693.txt
15-15D	1308606	SPIRIT REALTY CAPITAL, INC.	2024-02-06	edgar/data/1308606/0001193125-24-024698.txt
15-15D	1308606	SPIRIT REALTY CAPITAL, INC.	2024-02-06	edgar/data/1308606/0001193125-24-024704.txt
15-15D	1703181	Spirit Realty, L.P.	2024-02-06	edgar/data/1703181/0001193125-24-024687.txt
15-15D	1803935	Ford Credit Auto Owner Trust 2020-A	2024-02-06	edgar/data/1803935/0001803935-24-000006.txt
25-NSE	1143313	NYSE AMERICAN LLC	2024-02-06	edgar/data/1143313/0001143313-24-000016.txt
25-NSE	1800682	Cano Health, Inc.	2024-02-06	edgar/data/1800682/0000876661-24-000084.txt
25-NSE	1834518	Northern Star Investment Corp. II	2024-02-06	edgar/data/1834518/0001143313-24-000016.txt
25-NSE	876661	NEW YORK STOCK EXCHANGE LLC	2024-02-06	edgar/data/876661/0000876661-24-000084.txt
15-12G	1740915	Farfetch Ltd	2024-02-07	edgar/data/1740915/0001193125-24-026678.txt
15-12G	1776197	AKUMIN INC.	2024-02-07	edgar/data/1776197/0001193125-24-025881.txt
15-12G	1957783	MachTen, Inc.	2024-02-07	edgar/data/1957783/0001140361-24-006082.txt
25-NSE	1354457	Nasdaq Stock Market LLC	2024-02-07	edgar/data/1354457/0001354457-24-000048.txt
25-NSE	1852973	Oxus Acquisition Corp.	2024-02-07	edgar/data/1852973/0001354457-24-000048.txt
15-12G	1333172	Navios Maritime Holdings Inc.	2024-02-08	edgar/data/1333172/0001193125-24-028355.txt
15-12G	1513818	Aravive, Inc.	2024-02-08	edgar/data/1513818/0001437749-24-003421.txt
15-12G	1581874	Terra Secured Income Fund 5, LLC	2024-02-08	edgar/data/1581874/0001104659-24-012382.txt
15-12G	1823593	TuSimple Holdings Inc.	2024-02-08	edgar/data/1823593/0001193125-24-027409.txt
15-12G	1865045	FAT PROJECTS ACQUISITION CORP	2024-02-08	edgar/data/1865045/0001829126-24-000806.txt
25-NSE	1045610	Prologis, L.P.	2024-02-08	edgar/data/1045610/0000876661-24-000089.txt
25-NSE	1747565	Prologis Euro Finance LLC	2024-02-08	edgar/data/1747565/0000876661-24-000091.txt
25-NSE	1843121	Magnum Opus Acquisition Ltd	2024-02-08	edgar/data/1843121/0000876661-24-000087.txt
25-NSE	876661	NEW YORK STOCK EXCHANGE LLC	2024-02-08	edgar/data/876661/0000876661-24-000087.txt
25-NSE	876661	NEW YORK STOCK EXCHANGE LLC	2024-02-08	edgar/data/876661/0000876661-24-000089.txt
25-NSE	876661	NEW YORK STOCK EXCHANGE LLC	2024-02-08	edgar/data/876661/0000876661-24-000091.txt
15-12G	1050606	SALEM MEDIA GROUP, INC. /DE/	2024-02-09	edgar/data/1050606/0001193125-24-030223.txt
15-15D	1880433	BMW Vehicle Lease Trust 2021-2	2024-02-09	edgar/data/1880433/0000929638-24-000481.txt
15F-12B	1637890	Celyad Oncology SA	2024-02-09	edgar/data/1637890/0001193125-24-029044.txt
15F-12B	1854233	Enthusiast Gaming Holdings Inc. / Canada	2024-02-09	edgar/data/1854233/0001539497-24-000254.txt
25	1734520	Alithya Group inc	2024-02-09	edgar/data/1734520/0001734520-24-000009.txt
25-NSE	1276187	Energy Transfer LP	2024-02-09	edgar/data/1276187/0000876661-24-000094.txt
25-NSE	1354457	Nasdaq Stock Market LLC	2024-02-09	edgar/data/1354457/0001354457-24-000053.txt
25-NSE	1729944	IMAC Holdings, Inc.	2024-02-09	edgar/data/1729944/0001354457-24-000053.txt
25-NSE	876661	NEW YORK STOCK EXCHANGE LLC	2024-02-09	edgar/data/876661/0000876661-24-000094.txt
25	1383650	Cheniere Energy Partners, L.P.	2024-02-12	edgar/data/1383650/0001383650-24-000010.txt
25	3570	Cheniere Energy, Inc.	2024-02-12	edgar/data/3570/0000003570-24-000021.txt
25-NSE	1143313	NYSE AMERICAN LLC	2024-02-12	edgar/data/1143313/0001143313-24-000020.txt
25-NSE	1354457	Nasdaq Stock Market LLC	2024-02-12	edgar/data/1354457/0001354457-24-000070.txt
25-NSE	1830795	Quantum FinTech Acquisition Corp	2024-02-12	edgar/data/1830795/0001143313-24-000020.txt
25-NSE	855654	ImmunoGen, Inc.	2024-02-12	edgar/data/855654/0001354457-24-000070.txt
15-12G	1566469	NantHealth, Inc.	2024-02-13	edgar/data/1566469/0001193125-24-033972.txt
15-12G	1705682	Venator Materials PLC	2024-02-13	edgar/data/1705682/0001104659-24-019937.txt
25-NSE	1025561	SharpLink Gaming Ltd.	2024-02-13	edgar/data/1025561/0001354457-24-000072.txt
25-NSE	1137360	VanEck ETF Trust	2024-02-13	edgar/data/1137360/0001417835-24-000042.txt
25-NSE	1350487	WisdomTree Trust	2024-02-13	edgar/data/1350487/0001417835-24-000040.txt
25-NSE	1354457	Nasdaq Stock Market LLC	2024-02-13	edgar/data/1354457/0001354457-24-000072.txt
25-NSE	1417835	Cboe BZX Exchange, Inc.	2024-02-13	edgar/data/1417835/0001417835-24-000040.txt
25-NSE	1417835	Cboe BZX Exchange, Inc.	2024-02-13	edgar/data/1417835/0001417835-24-000042.txt
15-15D	1730732	3FORCES INC.	2024-02-14	edgar/data/1730732/0001477932-24-000703.txt
15-15D	1886591	Nissan Auto Lease Trust 2021-A	2024-02-14	edgar/data/1886591/0001193125-24-036509.txt
25-NSE	1354457	Nasdaq Stock Market LLC	2024-02-14	edgar/data/1354457/0001354457-24-000073.txt
25-NSE	1354457	Nasdaq Stock Market LLC	2024-02-14	edgar/data/1354457/0001354457-24-000074.txt
25-NSE	1354457	Nasdaq Stock Market LLC	2024-02-14	edgar/data/1354457/0001354457-24-000075.txt
25-NSE	1745020	Theseus Pharmaceuticals, Inc.	2024-02-14	edgar/data/1745020/0001354457-24-000073.txt
25-NSE	1860871	Semper Paratus Acquisition Corp	2024-02-14	edgar/data/1860871/0001354457-24-000074.txt
25-NSE	1870404	CERO THERAPEUTICS HOLDINGS, INC.	2024-02-14	edgar/data/1870404/0001354457-24-000075.txt
25-NSE	1029744	SONIC FOUNDRY INC	2024-02-15	edgar/data/1029744/0001354457-24-000084.txt
25-NSE	1084267	Mobiquity Technologies, Inc.	2024-02-15	edgar/data/1084267/0001354457-24-000085.txt
25-NSE	1101026	Zivo Bioscience, Inc.	2024-02-15	edgar/data/1101026/0001354457-24-000083.txt
25-NSE	1354457	Nasdaq Stock Market LLC	2024-02-15	edgar/data/1354457/0001354457-24-000077.txt
25-NSE	1354457	Nasdaq Stock Market LLC	2024-02-15	edgar/data/1354457/0001354457-24-000078.txt
25-NSE	1354457	Nasdaq Stock Market LLC	2024-02-15	edgar/data/1354457/0001354457-24-000079.txt
25-NSE	1354457	Nasdaq Stock Market LLC	2024-02-15	edgar/data/1354457/0001354457-24-000080.txt
25-NSE	1354457	Nasdaq Stock Market LLC	2024-02-15	edgar/data/1354457/0001354457-24-000081.txt
25-NSE	1354457	Nasdaq Stock Market LLC	2024-02-15	edgar/data/1354457/0001354457-24-000082.txt
25-NSE	1354457	Nasdaq Stock Market LLC	2024-02-15	edgar/data/1354457/0001354457-24-000083.txt
25-NSE	1354457	Nasdaq Stock Market LLC	2024-02-15	edgar/data/1354457/0001354457-24-000084.txt
25-NSE	1354457	Nasdaq Stock Market LLC	2024-02-15	edgar/data/1354457/0001354457-24-000085.txt
25-NSE	1354457	Nasdaq Stock Market LLC	2024-02-15	edgar/data/1354457/0001354457-24-000086.txt
25-NSE	1354457	Nasdaq Stock Market LLC	2024-02-15	edgar/data/1354457/0001354457-24-000087.txt
25-NSE	1354457	Nasdaq Stock Market LLC	2024-02-15	edgar/data/1354457/0001354457-24-000088.txt
25-NSE	1354457	Nasdaq Stock Market LLC	2024-02-15	edgar/data/1354457/0001354457-24-000089.txt
25-NSE	1354457	Nasdaq Stock Market LLC	2024-02-15	edgar/data/1354457/0001354457-24-000090.txt
25-NSE	1354457	Nasdaq Stock Market LLC	2024-02-15	edgar/data/1354457/0001354457-24-000091.txt
25-NSE	1354457	Nasdaq Stock Market LLC	2024-02-15	edgar/data/1354457/0001354457-24-000092.txt
25-NSE	1354457	Nasdaq Stock Market LLC	2024-02-15	edgar/data/1354457/0001354457-24-000094.txt
25-NSE	1424657	Cuentas Inc.	2024-02-15	edgar/data/1424657/0001354457-24-000086.txt
25-NSE	1633070	Axcella Health Inc.	2024-02-15	edgar/data/1633070/0001354457-24-000082.txt
25-NSE	1780097	Baudax Bio, Inc.	2024-02-15	edgar/data/1780097/0001354457-24-000078.txt
25-NSE	1784567	Harbor Custom Development, Inc.	2024-02-15	edgar/data/1784567/0001354457-24-000088.txt
25-NSE	1788841	micromobility.com Inc.	2024-02-15	edgar/data/1788841/0001354457-24-000087.txt
25-NSE	1831481	Sable Offshore Corp.	2024-02-15	edgar/data/1831481/0000876661-24-000101.txt
25-NSE	1838831	Disruptive Acquisition Corp I	2024-02-15	edgar/data/1838831/0001354457-24-000090.txt
25-NSE	1840416	Sono Group N.V.	2024-02-15	edgar/data/1840416/0001354457-24-000077.txt
25-NSE	1841800	Nogin, Inc.	2024-02-15	edgar/data/1841800/0001354457-24-000089.txt
25-NSE	1851682	Missfresh Ltd	2024-02-15	edgar/data/1851682/0001354457-24-000080.txt
25-NSE	1856948	Chenghe Acquisition Co.	2024-02-15	edgar/data/1856948/0001354457-24-000094.txt
25-NSE	1870129	Rose Hill Acquisition Corp	2024-02-15	edgar/data/1870129/0001354457-24-000081.txt
25-NSE	1883788	DIH HOLDING US, INC.	2024-02-15	edgar/data/1883788/0001354457-24-000092.txt
25-NSE	1907685	Comera Life Sciences Holdings, Inc.	2024-02-15	edgar/data/1907685/0001354457-24-000079.txt
25-NSE	37808	FNB CORP/PA/	2024-02-15	edgar/data/37808/0000876661-24-000100.txt
25-NSE	814549	EBIX INC	2024-02-15	edgar/data/814549/0001354457-24-000091.txt
25-NSE	874761	AES CORP	2024-02-15	edgar/data/874761/0000876661-24-000102.txt
25-NSE	876661	NEW YORK STOCK EXCHANGE LLC	2024-02-15	edgar/data/876661/0000876661-24-000100.txt
25-NSE	876661	NEW YORK STOCK EXCHANGE LLC	2024-02-15	edgar/data/876661/0000876661-24-000101.txt
25-NSE	876661	NEW YORK STOCK EXCHANGE LLC	2024-02-15	edgar/data/876661/0000876661-24-000102.txt
25-NSE	1143313	NYSE AMERICAN LLC	2024-02-16	edgar/data/1143313/0001143313-24-000027.txt
25-NSE	1143362	NYSE ARCA, INC.	2024-02-16	edgar/data/1143362/0001143362-24-000057.txt
25-NSE	1354457	Nasdaq Stock Market LLC	2024-02-16	edgar/data/1354457/0001354457-24-000096.txt
25-NSE	1354457	Nasdaq Stock Market LLC	2024-02-16	edgar/data/1354457/0001354457-24-000097.txt
25-NSE	1362705	Evolve Transition Infrastructure LP	2024-02-16	edgar/data/1362705/0001143313-24-000027.txt
25-NSE	1432353	Global X Funds	2024-02-16	edgar/data/1432353/0001354457-24-000097.txt
25-NSE	1547950	Exchange Listed Funds Trust	2024-02-16	edgar/data/1547950/0001143362-24-000057.txt
25-NSE	1719395	Eargo, Inc.	2024-02-16	edgar/data/1719395/0001354457-24-000096.txt
15-12G	86115	SAFEGUARD SCIENTIFICS INC	2024-02-20	edgar/data/86115/0001104659-24-025476.txt
25-NSE	1354457	Nasdaq Stock Market LLC	2024-02-20	edgar/data/1354457/0001354457-24-000098.txt
25-NSE	1354457	Nasdaq Stock Market LLC	2024-02-20	edgar/data/1354457/0001354457-24-000099.txt
25-NSE	1354457	Nasdaq Stock Market LLC	2024-02-20	edgar/data/1354457/0001354457-24-000101.txt
25-NSE	1742912	Tidal ETF Trust	2024-02-20	edgar/data/1742912/0001354457-24-000101.txt
25-NSE	1786255	Icosavax, Inc.	2024-02-20	edgar/data/1786255/0001354457-24-000098.txt
25-NSE	1810031	Freeline Therapeutics Holdings plc	2024-02-20	edgar/data/1810031/0001354457-24-000099.txt
15-12G	727538	APACHE OFFSHORE INVESTMENT PARTNERSHIP	2024-02-21	edgar/data/727538/0001193125-24-041082.txt
25-NSE	1143362	NYSE ARCA, INC.	2024-02-21	edgar/data/1143362/0001143362-24-000061.txt
25-NSE	1143362	NYSE ARCA, INC.	2024-02-21	edgar/data/1143362/0001143362-24-000063.txt
25-NSE	1493580	BNY Mellon ETF Trust	2024-02-21	edgar/data/1493580/0001143362-24-000063.txt
25-NSE	1500604	Janus Detroit Street Trust	2024-02-21	edgar/data/1500604/0001143362-24-000061.txt
25-NSE	1501134	Invitae Corp	2024-02-21	edgar/data/1501134/0000876661-24-000106.txt
25-NSE	876661	NEW YORK STOCK EXCHANGE LLC	2024-02-21	edgar/data/876661/0000876661-24-000106.txt
15-12G	1777946	IronNet, Inc.	2024-02-22	edgar/data/1777946/0001193125-24-042825.txt
15-12G	1830795	Quantum FinTech Acquisition Corp	2024-02-22	edgar/data/1830795/0001213900-24-016167.txt
15-12G	855654	ImmunoGen, Inc.	2024-02-22	edgar/data/855654/0001104659-24-026539.txt
15-15D	1589802	WFRBS Commercial Mortgage Trust 2013-UBS1	2024-02-22	edgar/data/1589802/0001888524-24-001744.txt
25-NSE	1354457	Nasdaq Stock Market LLC	2024-02-22	edgar/data/1354457/0001354457-24-000103.txt
25-NSE	1354457	Nasdaq Stock Market LLC	2024-02-22	edgar/data/1354457/0001354457-24-000104.txt
25-NSE	1354457	Nasdaq Stock Market LLC	2024-02-22	edgar/data/1354457/0001354457-24-000106.txt
25-NSE	1826492	Gracell Biotechnologies Inc.	2024-02-22	edgar/data/1826492/0001354457-24-000103.txt
25-NSE	1841024	L Catterton Asia Acquisition Corp	2024-02-22	edgar/data/1841024/0001354457-24-000106.txt
25-NSE	1855693	Frontier Investment Corp	2024-02-22	edgar/data/1855693/0001354457-24-000104.txt
15-12G	1025561	SharpLink Gaming Ltd.	2024-02-23	edgar/data/1025561/0001493152-24-007621.txt
15-12G	1855693	Frontier Investment Corp	2024-02-23	edgar/data/1855693/0001104659-24-026650.txt
25-NSE	1143362	NYSE ARCA, INC.	2024-02-23	edgar/data/1143362/0001143362-24-000065.txt
25-NSE	1143362	NYSE ARCA, INC.	2024-02-23	edgar/data/1143362/0001143362-24-000067.txt
25-NSE	1354457	Nasdaq Stock Market LLC	2024-02-23	edgar/data/1354457/0001354457-24-000108.txt
25-NSE	1432353	Global X Funds	2024-02-23	edgar/data/1432353/0001143362-24-000067.txt
25-NSE	1495922	EntrepreneurShares Series Trust	2024-02-23	edgar/data/1495922/0001354457-24-000108.txt
25-NSE	1540305	ETF Series Solutions	2024-02-23	edgar/data/1540305/0001143362-24-000065.txt
25-NSE	1824185	HH&L Acquisition Co.	2024-02-23	edgar/data/1824185/0000876661-24-000110.txt
25-NSE	876661	NEW YORK STOCK EXCHANGE LLC	2024-02-23	edgar/data/876661/0000876661-24-000110.txt
15-12G	1719395	Eargo, Inc.	2024-02-26	edgar/data/1719395/0001140361-24-009425.txt
15-12G	1745020	Theseus Pharmaceuticals, Inc.	2024-02-26	edgar/data/1745020/0001140361-24-009374.txt
15-12G	1856948	Chenghe Acquisition Co.	2024-02-26	edgar/data/1856948/0001104659-24-027319.txt
25-NSE	1354457	Nasdaq Stock Market LLC	2024-02-26	edgar/data/1354457/0001354457-24-000109.txt
25-NSE	1354457	Nasdaq Stock Market LLC	2024-02-26	edgar/data/1354457/0001354457-24-000111.txt
25-NSE	1825367	RayzeBio, Inc.	2024-02-26	edgar/data/1825367/0001354457-24-000109.txt
25-NSE	1834755	Social Leverage Acquisition Corp I	2024-02-26	edgar/data/1834755/0001354457-24-000111.txt
15-15D	1816589	John Deere Owner Trust 2020-B	2024-02-27	edgar/data/1816589/0001558370-24-001760.txt
15-15D	1820728	Honda Auto Receivables 2020-3 Owner Trust	2024-02-27	edgar/data/1820728/0001104659-24-028113.txt
25	1451448	ESPORTS ENTERTAINMENT GROUP, INC.	2024-02-27	edgar/data/1451448/0001493152-24-007864.txt
25-NSE	1143362	NYSE ARCA, INC.	2024-02-27	edgar/data/1143362/0001143362-24-000073.txt
25-NSE	1347652	CorEnergy Infrastructure Trust, Inc.	2024-02-27	edgar/data/1347652/0000876661-24-000114.txt
25-NSE	1354457	Nasdaq Stock Market LLC	2024-02-27	edgar/data/1354457/0001354457-24-000113.txt
25-NSE	1354457	Nasdaq Stock Market LLC	2024-02-27	edgar/data/1354457/0001354457-24-000114.txt
25-NSE	1354457	Nasdaq Stock Market LLC	2024-02-27	edgar/data/1354457/0001354457-24-000116.txt
25-NSE	1650149	Series Portfolios Trust	2024-02-27	edgar/data/1650149/0001143362-24-000073.txt
25-NSE	1826018	ROVER GROUP, INC.	2024-02-27	edgar/data/1826018/0001354457-24-000113.txt
25-NSE	1827899	Crown PropTech Acquisitions	2024-02-27	edgar/data/1827899/0000876661-24-000116.txt
25-NSE	1829322	Sizzle Acquisition Corp.	2024-02-27	edgar/data/1829322/0001354457-24-000116.txt
25-NSE	1844642	Landcadia Holdings IV, Inc.	2024-02-27	edgar/data/1844642/0001354457-24-000114.txt
25-NSE	876661	NEW YORK STOCK EXCHANGE LLC	2024-02-27	edgar/data/876661/0000876661-24-000114.txt
25-NSE	876661	NEW YORK STOCK EXCHANGE LLC	2024-02-27	edgar/data/876661/0000876661-24-000116.txt
15-12G	1698113	ID Auto, Inc.	2024-02-28	edgar/data/1698113/0001213900-24-018101.txt
15-12G	1362705	Evolve Transition Infrastructure LP	2024-02-29	edgar/data/1362705/0001362705-24-000037.txt
25-NSE	1354457	Nasdaq Stock Market LLC	2024-02-29	edgar/data/1354457/0001354457-24-000120.txt
25-NSE	1354457	Nasdaq Stock Market LLC	2024-02-29	edgar/data/1354457/0001354457-24-000121.txt
25-NSE	1475348	Luther Burbank Corp	2024-02-29	edgar/data/1475348/0001354457-24-000120.txt
25-NSE	1882078	Arisz Acquisition Corp.	2024-02-29	edgar/data/1882078/0001354457-24-000121.txt
15-12G	1358403	BELLICUM PHARMACEUTICALS, INC	2024-03-01	edgar/data/1358403/0001539497-24-000604.txt
15-12G	1475348	Luther Burbank Corp	2024-03-01	edgar/data/1475348/0001193125-24-055928.txt
15-12G	1786255	Icosavax, Inc.	2024-03-01	edgar/data/1786255/0001104659-24-029655.txt
15-12G	1810031	Freeline Therapeutics Holdings plc	2024-03-01	edgar/data/1810031/0001193125-24-055923.txt
25	1532206	Arrow ETF Trust	2024-03-01	edgar/data/1532206/0001580642-24-001334.txt
25	1624422	PHAXIAM Therapeutics S.A.	2024-03-01	edgar/data/1624422/0001193125-24-055911.txt
25	854800	Tingo Group, Inc.	2024-03-01	edgar/data/854800/0001213900-24-018836.txt
25-NSE	1143313	NYSE AMERICAN LLC	2024-03-01	edgar/data/1143313/0001143313-24-000030.txt
25-NSE	1143362	NYSE ARCA, INC.	2024-03-01	edgar/data/1143362/0001143362-24-000080.txt
25-NSE	1574540	Physicians Realty Trust	2024-03-01	edgar/data/1574540/0000876661-24-000123.txt
25-NSE	1587982	Investment Managers Series Trust II	2024-03-01	edgar/data/1587982/0001143362-24-000080.txt
25-NSE	732712	VERIZON COMMUNICATIONS INC	2024-03-01	edgar/data/732712/0000876661-24-000125.txt
25-NSE	876661	NEW YORK STOCK EXCHANGE LLC	2024-03-01	edgar/data/876661/0000876661-24-000123.txt
25-NSE	876661	NEW YORK STOCK EXCHANGE LLC	2024-03-01	edgar/data/876661/0000876661-24-000125.txt
25-NSE	946454	FG Group Holdings Inc.	2024-03-01	edgar/data/946454/0001143313-24-000030.txt
15-12G	1826492	Gracell Biotechnologies Inc.	2024-03-04	edgar/data/1826492/0001104659-24-030345.txt
15-15D	1589803	WFRBS Commercial Mortgage Trust 2013-C18	2024-03-04	edgar/data/1589803/0001888524-24-002940.txt
15-15D	1826657	Verizon Owner Trust 2020-C	2024-03-04	edgar/data/1826657/0000929638-24-000864.txt
25	1571123	Science Applications International Corp	2024-03-04	edgar/data/1571123/0001193125-24-057840.txt
25	1842386	Vector Acquisition Corp II	2024-03-04	edgar/data/1842386/0001213900-24-019571.txt
25	1842386	Vector Acquisition Corp II	2024-03-04	edgar/data/1842386/0001213900-24-019582.txt
25-NSE	1354457	Nasdaq Stock Market LLC	2024-03-04	edgar/data/1354457/0001354457-24-000123.txt
25-NSE	1842386	Vector Acquisition Corp II	2024-03-04	edgar/data/1842386/0001354457-24-000123.txt
15-12G	1450307	CORPORATE UNIVERSE INC	2024-03-05	edgar/data/1450307/0001654954-24-002654.txt
15-12G	1767057	Osprey Bitcoin Trust	2024-03-05	edgar/data/1767057/0001493152-24-008793.txt
25	1552947	Two Roads Shared Trust	2024-03-05	edgar/data/1552947/0001580642-24-001450.txt
25-NSE	1417835	Cboe BZX Exchange, Inc.	2024-03-05	edgar/data/1417835/0001417835-24-000050.txt
25-NSE	1527428	Arrow Investments Trust	2024-03-05	edgar/data/1527428/0001417835-24-000050.txt
25-NSE	1713923	Jianpu Technology Inc.	2024-03-05	edgar/data/1713923/0000876661-24-000128.txt
25-NSE	876661	NEW YORK STOCK EXCHANGE LLC	2024-03-05	edgar/data/876661/0000876661-24-000128.txt
15-12G	1600132	Bellerophon Therapeutics, Inc.	2024-03-06	edgar/data/1600132/0001104659-24-031183.txt
15-15D	1880978	Ford Credit Auto Lease Trust 2021-B	2024-03-06	edgar/data/1880978/0001880978-24-000010.txt
25-NSE	1417835	Cboe BZX Exchange, Inc.	2024-03-06	edgar/data/1417835/0001417835-24-000054.txt
25-NSE	1644419	Northern Lights Fund Trust IV	2024-03-06	edgar/data/1644419/0001417835-24-000054.txt
25-NSE	38009	FORD MOTOR CREDIT CO LLC	2024-03-06	edgar/data/38009/0000876661-24-000132.txt
25-NSE	876661	NEW YORK STOCK EXCHANGE LLC	2024-03-06	edgar/data/876661/0000876661-24-000132.txt
15-12G	1825367	RayzeBio, Inc.	2024-03-07	edgar/data/1825367/0001140361-24-011946.txt
15-12G	1834755	Social Leverage Acquisition Corp I	2024-03-07	edgar/data/1834755/0001213900-24-020791.txt
15-12G	1841024	L Catterton Asia Acquisition Corp	2024-03-07	edgar/data/1841024/0001104659-24-031872.txt
15F-12B	16988	CANON INC	2024-03-07	edgar/data/16988/0001193125-24-061282.txt
25-NSE	1354457	Nasdaq Stock Market LLC	2024-03-07	edgar/data/1354457/0001354457-24-000130.txt
25-NSE	1836056	Ambrx Biopharma Cayman, Inc.	2024-03-07	edgar/data/1836056/0001354457-24-000130.txt
15-12G	1277998	MANUFACTURED HOUSING PROPERTIES INC.	2024-03-08	edgar/data/1277998/0001193125-24-062575.txt
15-12G	1826018	ROVER GROUP, INC.	2024-03-08	edgar/data/1826018/0001628280-24-009866.txt
15-12G	1829322	Sizzle Acquisition Corp.	2024-03-08	edgar/data/1829322/0001213900-24-021076.txt
15-12G	1844642	Landcadia Holdings IV, Inc.	2024-03-08	edgar/data/1844642/0001104659-24-032180.txt
25-NSE	1143313	NYSE AMERICAN LLC	2024-03-08	edgar/data/1143313/0001143313-24-000032.txt
25-NSE	1354457	Nasdaq Stock Market LLC	2024-03-08	edgar/data/1354457/0001354457-24-000132.txt
25-NSE	1354457	Nasdaq Stock Market LLC	2024-03-08	edgar/data/1354457/0001354457-24-000133.txt
25-NSE	1839360	FaZe Holdings Inc.	2024-03-08	edgar/data/1839360/0001354457-24-000132.txt
25-NSE	1855168	Williams Rowland Acquisition Corp.	2024-03-08	edgar/data/1855168/0001143313-24-000032.txt
25-NSE	1881462	Spree Acquisition Corp. 1 Ltd	2024-03-08	edgar/data/1881462/0000876661-24-000142.txt
25-NSE	21344	COCA COLA CO	2024-03-08	edgar/data/21344/0000876661-24-000139.txt
25-NSE	773840	HONEYWELL INTERNATIONAL INC	2024-03-08	edgar/data/773840/0001354457-24-000133.txt
25-NSE	876661	NEW YORK STOCK EXCHANGE LLC	2024-03-08	edgar/data/876661/0000876661-24-000139.txt
25-NSE	876661	NEW YORK STOCK EXCHANGE LLC	2024-03-08	edgar/data/876661/0000876661-24-000142.txt
15-12G	1574540	Physicians Realty Trust	2024-03-11	edgar/data/1574540/0001104659-24-033038.txt
15-12G	728447	EVO Transportation & Energy Services, Inc.	2024-03-11	edgar/data/728447/0001437749-24-007325.txt
15F-12B	1624422	PHAXIAM Therapeutics S.A.	2024-03-11	edgar/data/1624422/0001193125-24-064379.txt
25	1831283	LianBio	2024-03-11	edgar/data/1831283/0001628280-24-010146.txt
25-NSE	1089113	HSBC HOLDINGS PLC	2024-03-11	edgar/data/1089113/0000876661-24-000145.txt
25-NSE	1143313	NYSE AMERICAN LLC	2024-03-11	edgar/data/1143313/0001143313-24-000037.txt
25-NSE	1354457	Nasdaq Stock Market LLC	2024-03-11	edgar/data/1354457/0001354457-24-000134.txt
25-NSE	1354457	Nasdaq Stock Market LLC	2024-03-11	edgar/data/1354457/0001354457-24-000136.txt
25-NSE	1354457	Nasdaq Stock Market LLC	2024-03-11	edgar/data/1354457/0001354457-24-000137.txt
25-NSE	1708493	Harpoon Therapeutics, Inc.	2024-03-11	edgar/data/1708493/0001354457-24-000134.txt
25-NSE	1832765	Edify Acquisition Corp.	2024-03-11	edgar/data/1832765/0001354457-24-000136.txt
25-NSE	1834026	Gold Royalty Corp.	2024-03-11	edgar/data/1834026/0001143313-24-000037.txt
25-NSE	1867287	Lakeshore Acquisition II Corp.	2024-03-11	edgar/data/1867287/0001354457-24-000137.txt
25-NSE	876661	NEW YORK STOCK EXCHANGE LLC	2024-03-11	edgar/data/876661/0000876661-24-000145.txt
15-15D	1832765	Edify Acquisition Corp.	2024-03-12	edgar/data/1832765/0001213900-24-021852.txt
25-NSE	1160106	Lloyds Banking Group plc	2024-03-12	edgar/data/1160106/0000876661-24-000149.txt
25-NSE	1354457	Nasdaq Stock Market LLC	2024-03-12	edgar/data/1354457/0001354457-24-000138.txt
25-NSE	1354457	Nasdaq Stock Market LLC	2024-03-12	edgar/data/1354457/0001354457-24-000139.txt
25-NSE	1417835	Cboe BZX Exchange, Inc.	2024-03-12	edgar/data/1417835/0001417835-24-000056.txt
25-NSE	1719812	Collaborative Investment Series Trust	2024-03-12	edgar/data/1719812/0001417835-24-000056.txt
25-NSE	1819113	Science 37 Holdings, Inc.	2024-03-12	edgar/data/1819113/0001354457-24-000138.txt
25-NSE	1856608	Sovos Brands, Inc.	2024-03-12	edgar/data/1856608/0001354457-24-000139.txt
25-NSE	876661	NEW YORK STOCK EXCHANGE LLC	2024-03-12	edgar/data/876661/0000876661-24-000149.txt
25-NSE	1087711	Santander UK plc	2024-03-13	edgar/data/1087711/0000876661-24-000152.txt
25-NSE	1354457	Nasdaq Stock Market LLC	2024-03-13	edgar/data/1354457/0001354457-24-000144.txt
25-NSE	1354457	Nasdaq Stock Market LLC	2024-03-13	edgar/data/1354457/0001354457-24-000145.txt
25-NSE	1712189	Target Hospitality Corp.	2024-03-13	edgar/data/1712189/0001354457-24-000144.txt
25-NSE	1865506	ESGEN Acquisition Corp	2024-03-13	edgar/data/1865506/0001354457-24-000145.txt
25-NSE	876661	NEW YORK STOCK EXCHANGE LLC	2024-03-13	edgar/data/876661/0000876661-24-000152.txt
25-NSE	876661	NEW YORK STOCK EXCHANGE LLC	2024-03-13	edgar/data/876661/0000876661-24-000153.txt
25-NSE	931061	ABBEY NATIONAL TREASURY SERVICES PLC/ENG	2024-03-13	edgar/data/931061/0000876661-24-000153.txt
15-12G	1820630	Proterra Inc	2024-03-14	edgar/data/1820630/0000950142-24-000690.txt
15-12G	1842386	Vector Acquisition Corp II	2024-03-14	edgar/data/1842386/0001213900-24-022622.txt
15-12G	1855168	Williams Rowland Acquisition Corp.	2024-03-14	edgar/data/1855168/0001213900-24-022300.txt
15-12G	946454	FG Group Holdings Inc.	2024-03-14	edgar/data/946454/0001493152-24-009943.txt
25-NSE	1089113	HSBC HOLDINGS PLC	2024-03-14	edgar/data/1089113/0000876661-24-000160.txt
25-NSE	1143313	NYSE AMERICAN LLC	2024-03-14	edgar/data/1143313/0000876661-24-000166.txt
25-NSE	1143362	NYSE ARCA, INC.	2024-03-14	edgar/data/1143362/0001143362-24-000089.txt
25-NSE	1354457	Nasdaq Stock Market LLC	2024-03-14	edgar/data/1354457/0001354457-24-000146.txt
25-NSE	1354457	Nasdaq Stock Market LLC	2024-03-14	edgar/data/1354457/0001354457-24-000147.txt
25-NSE	1413159	TEXTAINER GROUP HOLDINGS LTD	2024-03-14	edgar/data/1413159/0000876661-24-000158.txt
25-NSE	1483510	EXPRESS, INC.	2024-03-14	edgar/data/1483510/0000876661-24-000164.txt
25-NSE	1711291	CURO Group Holdings Corp.	2024-03-14	edgar/data/1711291/0000876661-24-000162.txt
25-NSE	1810140	Polished.com Inc.	2024-03-14	edgar/data/1810140/0000876661-24-000166.txt
25-NSE	1810747	Simplify Exchange Traded Funds	2024-03-14	edgar/data/1810747/0001143362-24-000089.txt
25-NSE	1855474	Power & Digital Infrastructure Acquisition II Corp.	2024-03-14	edgar/data/1855474/0001354457-24-000147.txt
25-NSE	1879373	Energem Corp	2024-03-14	edgar/data/1879373/0001354457-24-000146.txt
25-NSE	51253	INTERNATIONAL FLAVORS & FRAGRANCES INC	2024-03-14	edgar/data/51253/0000876661-24-000156.txt
25-NSE	876661	NEW YORK STOCK EXCHANGE LLC	2024-03-14	edgar/data/876661/0000876661-24-000156.txt
25-NSE	876661	NEW YORK STOCK EXCHANGE LLC	2024-03-14	edgar/data/876661/0000876661-24-000158.txt
25-NSE	876661	NEW YORK STOCK EXCHANGE LLC	2024-03-14	edgar/data/876661/0000876661-24-000160.txt
25-NSE	876661	NEW YORK STOCK EXCHANGE LLC	2024-03-14	edgar/data/876661/0000876661-24-000162.txt
25-NSE	876661	NEW YORK STOCK EXCHANGE LLC	2024-03-14	edgar/data/876661/0000876661-24-000164.txt
15F-12B	908732	SINOPEC SHANGHAI PETROCHEMICAL CO LTD	2024-03-15	edgar/data/908732/0001193125-24-069155.txt
25	1161814	KELSO TECHNOLOGIES INC	2024-03-15	edgar/data/1161814/0001062993-24-006474.txt
25	1755953	Gryphon Digital Mining, Inc.	2024-03-15	edgar/data/1755953/0001213900-24-023049.txt
25-NSE	1067983	BERKSHIRE HATHAWAY INC	2024-03-15	edgar/data/1067983/0000876661-24-000179.txt
25-NSE	1078207	BOWFLEX INC.	2024-03-15	edgar/data/1078207/0000876661-24-000181.txt
25-NSE	1111711	NISOURCE INC.	2024-03-15	edgar/data/1111711/0000876661-24-000171.txt
25-NSE	1354457	Nasdaq Stock Market LLC	2024-03-15	edgar/data/1354457/0001354457-24-000148.txt
25-NSE	1649373	SANTANDER UK GROUP HOLDINGS PLC	2024-03-15	edgar/data/1649373/0000876661-24-000177.txt
25-NSE	1838163	Brand Engagement Network Inc.	2024-03-15	edgar/data/1838163/0001354457-24-000148.txt
25-NSE	5272	AMERICAN INTERNATIONAL GROUP, INC.	2024-03-15	edgar/data/5272/0000876661-24-000173.txt
25-NSE	72971	WELLS FARGO & COMPANY/MN	2024-03-15	edgar/data/72971/0000876661-24-000175.txt
25-NSE	732717	AT&T INC.	2024-03-15	edgar/data/732717/0000876661-24-000169.txt
25-NSE	876661	NEW YORK STOCK EXCHANGE LLC	2024-03-15	edgar/data/876661/0000876661-24-000169.txt
25-NSE	876661	NEW YORK STOCK EXCHANGE LLC	2024-03-15	edgar/data/876661/0000876661-24-000171.txt
25-NSE	876661	NEW YORK STOCK EXCHANGE LLC	2024-03-15	edgar/data/876661/0000876661-24-000173.txt
25-NSE	876661	NEW YORK STOCK EXCHANGE LLC	2024-03-15	edgar/data/876661/0000876661-24-000175.txt
25-NSE	876661	NEW YORK STOCK EXCHANGE LLC	2024-03-15	edgar/data/876661/0000876661-24-000177.txt
25-NSE	876661	NEW YORK STOCK EXCHANGE LLC	2024-03-15	edgar/data/876661/0000876661-24-000179.txt
25-NSE	876661	NEW YORK STOCK EXCHANGE LLC	2024-03-15	edgar/data/876661/0000876661-24-000181.txt
25-NSE	876661	NEW YORK STOCK EXCHANGE LLC	2024-03-15	edgar/data/876661/0000876661-24-000183.txt
25-NSE	93751	STATE STREET CORP	2024-03-15	edgar/data/93751/0000876661-24-000183.txt
15-12G	1462103	MEWBOURNE ENERGY PARTNERS 09-A, L.P.	2024-03-18	edgar/data/1462103/0001193125-24-070170.txt
15-12G	1491262	Mewbourne Energy Partners 10-A, L.P.	2024-03-18	edgar/data/1491262/0001193125-24-070184.txt
15-12G	1990550	Ambrx Biopharma, Inc.	2024-03-18	edgar/data/1990550/0000950157-24-000430.txt
15-12G	819050	Fresh Tracks Therapeutics, Inc.	2024-03-18	edgar/data/819050/0001628280-24-011693.txt
15-15D	1796587	CarMax Auto Owner Trust 2020-1	2024-03-18	edgar/data/1796587/0001796587-24-000012.txt
25	1662244	Cyteir Therapeutics, Inc.	2024-03-18	edgar/data/1662244/0001193125-24-069610.txt
25-NSE	1119639	PETROBRAS - PETROLEO BRASILEIRO SA	2024-03-18	edgar/data/1119639/0000876661-24-000190.txt
25-NSE	1143362	NYSE ARCA, INC.	2024-03-18	edgar/data/1143362/0001143362-24-000092.txt
25-NSE	1326003	BlackRock Capital Investment Corp	2024-03-18	edgar/data/1326003/0001354457-24-000154.txt
25-NSE	1353283	SPLUNK INC	2024-03-18	edgar/data/1353283/0001354457-24-000151.txt
25-NSE	1354457	Nasdaq Stock Market LLC	2024-03-18	edgar/data/1354457/0001354457-24-000151.txt
25-NSE	1354457	Nasdaq Stock Market LLC	2024-03-18	edgar/data/1354457/0001354457-24-000152.txt
25-NSE	1354457	Nasdaq Stock Market LLC	2024-03-18	edgar/data/1354457/0001354457-24-000154.txt
25-NSE	1557157	Petrobras Global Finance B.V.	2024-03-18	edgar/data/1557157/0000876661-24-000193.txt
25-NSE	1722388	Impact Shares Trust I	2024-03-18	edgar/data/1722388/0001143362-24-000092.txt
25-NSE	1771917	Karuna Therapeutics, Inc.	2024-03-18	edgar/data/1771917/0001354457-24-000152.txt
25-NSE	876661	NEW YORK STOCK EXCHANGE LLC	2024-03-18	edgar/data/876661/0000876661-24-000190.txt
25-NSE	876661	NEW YORK STOCK EXCHANGE LLC	2024-03-18	edgar/data/876661/0000876661-24-000193.txt
15-12G	1763657	One World Ventures Inc	2024-03-19	edgar/data/1763657/0001477932-24-001315.txt
15-12G	1922981	Diligent Capital Holdings, Inc.	2024-03-19	edgar/data/1922981/0001477932-24-001318.txt
25-NSE	1689923	Alteryx, Inc.	2024-03-19	edgar/data/1689923/0000876661-24-000195.txt
25-NSE	876661	NEW YORK STOCK EXCHANGE LLC	2024-03-19	edgar/data/876661/0000876661-24-000195.txt
25	1532346	Atreca, Inc.	2024-03-20	edgar/data/1532346/0001104659-24-036738.txt
25	1845368	HCM Acquisition Corp	2024-03-20	edgar/data/1845368/0001140361-24-014374.txt
25-NSE	1354457	Nasdaq Stock Market LLC	2024-03-20	edgar/data/1354457/0001354457-24-000176.txt
25-NSE	1845368	HCM Acquisition Corp	2024-03-20	edgar/data/1845368/0001354457-24-000176.txt
15-12G	1708493	Harpoon Therapeutics, Inc.	2024-03-21	edgar/data/1708493/0001193125-24-073818.txt
15-12G	1831283	LianBio	2024-03-21	edgar/data/1831283/0001628280-24-012377.txt
15-15D	1870475	GM Financial Automobile Leasing Trust 2021-3	2024-03-21	edgar/data/1870475/0001213900-24-024507.txt
25-NSE	1035354	Eloxx Pharmaceuticals, Inc.	2024-03-21	edgar/data/1035354/0001354457-24-000183.txt
25-NSE	1178727	COMSovereign Holding Corp.	2024-03-21	edgar/data/1178727/0001354457-24-000189.txt
25-NSE	1292519	INVIVO THERAPEUTICS HOLDINGS CORP.	2024-03-21	edgar/data/1292519/0001354457-24-000196.txt
25-NSE	1354457	Nasdaq Stock Market LLC	2024-03-21	edgar/data/1354457/0001354457-24-000182.txt
25-NSE	1354457	Nasdaq Stock Market LLC	2024-03-21	edgar/data/1354457/0001354457-24-000183.txt
25-NSE	1354457	Nasdaq Stock Market LLC	2024-03-21	edgar/data/1354457/0001354457-24-000184.txt
25-NSE	1354457	Nasdaq Stock Market LLC	2024-03-21	edgar/data/1354457/0001354457-24-000185.txt
25-NSE	1354457	Nasdaq Stock Market LLC	2024-03-21	edgar/data/1354457/0001354457-24-000186.txt
25-NSE	1354457	Nasdaq Stock Market LLC	2024-03-21	edgar/data/1354457/0001354457-24-000187.txt
25-NSE	1354457	Nasdaq Stock Market LLC	2024-03-21	edgar/data/1354457/0001354457-24-000188.txt
25-NSE	1354457	Nasdaq Stock Market LLC	2024-03-21	edgar/data/1354457/0001354457-24-000189.txt
25-NSE	1354457	Nasdaq Stock Market LLC	2024-03-21	edgar/data/1354457/0001354457-24-000190.txt
25-NSE	1354457	Nasdaq Stock Market LLC	2024-03-21	edgar/data/1354457/0001354457-24-000191.txt
25-NSE	1354457	Nasdaq Stock Market LLC	2024-03-21	edgar/data/1354457/0001354457-24-000192.txt
25-NSE	1354457	Nasdaq Stock Market LLC	2024-03-21	edgar/data/1354457/0001354457-24-000193.txt
25-NSE	1354457	Nasdaq Stock Market LLC	2024-03-21	edgar/data/1354457/0001354457-24-000194.txt
25-NSE	1354457	Nasdaq Stock Market LLC	2024-03-21	edgar/data/1354457/0001354457-24-000195.txt
25-NSE	1354457	Nasdaq Stock Market LLC	2024-03-21	edgar/data/1354457/0001354457-24-000196.txt
25-NSE	1354457	Nasdaq Stock Market LLC	2024-03-21	edgar/data/1354457/0001354457-24-000197.txt
25-NSE	1354457	Nasdaq Stock Market LLC	2024-03-21	edgar/data/1354457/0001354457-24-000198.txt
25-NSE	1402479	MedAvail Holdings, Inc.	2024-03-21	edgar/data/1402479/0001354457-24-000195.txt
25-NSE	1435064	CEMTREX INC	2024-03-21	edgar/data/1435064/0001354457-24-000188.txt
25-NSE	1532390	ALKALINE WATER Co INC	2024-03-21	edgar/data/1532390/0001354457-24-000193.txt
25-NSE	1602078	Nemaura Medical Inc.	2024-03-21	edgar/data/1602078/0001354457-24-000186.txt
25-NSE	1605888	SeqLL, Inc.	2024-03-21	edgar/data/1605888/0001354457-24-000185.txt
25-NSE	1685428	LumiraDx Ltd	2024-03-21	edgar/data/1685428/0001354457-24-000187.txt
25-NSE	1826000	Latch, Inc.	2024-03-21	edgar/data/1826000/0001354457-24-000182.txt
25-NSE	1835059	Arrival	2024-03-21	edgar/data/1835059/0001354457-24-000191.txt
25-NSE	1843248	Global System Dynamics, Inc.	2024-03-21	edgar/data/1843248/0001354457-24-000190.txt
25-NSE	1854583	Collective Audience, Inc.	2024-03-21	edgar/data/1854583/0001354457-24-000184.txt
25-NSE	1873324	PepperLime Health Acquisition Corp	2024-03-21	edgar/data/1873324/0001354457-24-000198.txt
25-NSE	1881551	Solidion Technology Inc.	2024-03-21	edgar/data/1881551/0001354457-24-000192.txt
25-NSE	874292	ADDVANTAGE TECHNOLOGIES GROUP INC	2024-03-21	edgar/data/874292/0001354457-24-000197.txt
25-NSE	887247	DMK PHARMACEUTICALS Corp	2024-03-21	edgar/data/887247/0001354457-24-000194.txt
15-12G	1856608	Sovos Brands, Inc.	2024-03-22	edgar/data/1856608/0000950103-24-004152.txt
15-12G	726516	Direct Investment Holdings Group, Inc.	2024-03-22	edgar/data/726516/0001214659-24-004978.txt
25	1582581	voxeljet AG	2024-03-22	edgar/data/1582581/0001104659-24-037902.txt
25-NSE	1042074	CymaBay Therapeutics, Inc.	2024-03-22	edgar/data/1042074/0001354457-24-000200.txt
25-NSE	1143362	NYSE ARCA, INC.	2024-03-22	edgar/data/1143362/0001143362-24-000101.txt
25-NSE	1354457	Nasdaq Stock Market LLC	2024-03-22	edgar/data/1354457/0001354457-24-000199.txt
25-NSE	1354457	Nasdaq Stock Market LLC	2024-03-22	edgar/data/1354457/0001354457-24-000200.txt
25-NSE	1503123	DBX ETF TRUST	2024-03-22	edgar/data/1503123/0001143362-24-000101.txt
25-NSE	1824884	Edoc Acquisition Corp.	2024-03-22	edgar/data/1824884/0001354457-24-000199.txt
25-NSE	844150	NatWest Group plc	2024-03-22	edgar/data/844150/0000876661-24-000206.txt
25-NSE	876661	NEW YORK STOCK EXCHANGE LLC	2024-03-22	edgar/data/876661/0000876661-24-000206.txt
15-12G	1819113	Science 37 Holdings, Inc.	2024-03-25	edgar/data/1819113/0001104659-24-037999.txt
15-12G	1873324	PepperLime Health Acquisition Corp	2024-03-25	edgar/data/1873324/0001104659-24-038469.txt
15-15D	1788818	Nissan Auto Receivables 2019-C Owner Trust	2024-03-25	edgar/data/1788818/0001193125-24-076302.txt
15F-12B	1413159	TEXTAINER GROUP HOLDINGS LTD	2024-03-25	edgar/data/1413159/0001193125-24-076344.txt
25	1015647	ALMADEN MINERALS LTD	2024-03-25	edgar/data/1015647/0001171843-24-001563.txt
25-NSE	1143362	NYSE ARCA, INC.	2024-03-25	edgar/data/1143362/0001143362-24-000104.txt
25-NSE	1354457	Nasdaq Stock Market LLC	2024-03-25	edgar/data/1354457/0001354457-24-000202.txt
25-NSE	1547576	Krane Shares Trust	2024-03-25	edgar/data/1547576/0001143362-24-000104.txt
25-NSE	1849635	Trump Media & Technology Group Corp.	2024-03-25	edgar/data/1849635/0001354457-24-000202.txt
25-NSE	1900304	Haleon plc	2024-03-25	edgar/data/1900304/0000876661-24-000219.txt
25-NSE	1947904	GSK Consumer Healthcare Capital US LLC	2024-03-25	edgar/data/1947904/0000876661-24-000218.txt
25-NSE	876661	NEW YORK STOCK EXCHANGE LLC	2024-03-25	edgar/data/876661/0000876661-24-000218.txt
25-NSE	876661	NEW YORK STOCK EXCHANGE LLC	2024-03-25	edgar/data/876661/0000876661-24-000219.txt
15-12G	1445499	IPI Legacy Liquidation Co	2024-03-26	edgar/data/1445499/0001193125-24-077627.txt
15-15D	1864833	Mercedes-Benz Auto Lease Trust 2021-B	2024-03-26	edgar/data/1864833/0000905148-24-001001.txt
15-15D	1927578	NetClass Technology Inc	2024-03-26	edgar/data/1927578/0001104659-24-038596.txt
25-NSE	1354457	Nasdaq Stock Market LLC	2024-03-26	edgar/data/1354457/0001354457-24-000204.txt
25-NSE	1417835	Cboe BZX Exchange, Inc.	2024-03-26	edgar/data/1417835/0001417835-24-000063.txt
25-NSE	1503123	DBX ETF TRUST	2024-03-26	edgar/data/1503123/0001417835-24-000063.txt
25-NSE	1576914	MiX Telematics Ltd	2024-03-26	edgar/data/1576914/0000876661-24-000227.txt
25-NSE	1637736	ELECTRAMECCANICA VEHICLES CORP.	2024-03-26	edgar/data/1637736/0001354457-24-000204.txt
25-NSE	1854795	INTEGRATED RAIL & RESOURCES ACQUISITION CORP	2024-03-26	edgar/data/1854795/0000876661-24-000229.txt
25-NSE	876661	NEW YORK STOCK EXCHANGE LLC	2024-03-26	edgar/data/876661/0000876661-24-000227.txt
25-NSE	876661	NEW YORK STOCK EXCHANGE LLC	2024-03-26	edgar/data/876661/0000876661-24-000229.txt
15-12G	1823086	Kingswood Acquisition Corp.	2024-03-27	edgar/data/1823086/0001104659-24-039738.txt
15-12G	1872356	Molekule Group, Inc.	2024-03-27	edgar/data/1872356/0001104659-24-039743.txt
25-NSE	1752360	Sasol Financing USA LLC	2024-03-27	edgar/data/1752360/0000876661-24-000232.txt
25-NSE	1851961	Concord Acquisition Corp III	2024-03-27	edgar/data/1851961/0000876661-24-000235.txt
25-NSE	314590	SASOL LTD	2024-03-27	edgar/data/314590/0000876661-24-000233.txt
25-NSE	876661	NEW YORK STOCK EXCHANGE LLC	2024-03-27	edgar/data/876661/0000876661-24-000232.txt
25-NSE	876661	NEW YORK STOCK EXCHANGE LLC	2024-03-27	edgar/data/876661/0000876661-24-000233.txt
25-NSE	876661	NEW YORK STOCK EXCHANGE LLC	2024-03-27	edgar/data/876661/0000876661-24-000235.txt
15-12G	1178727	COMSovereign Holding Corp.	2024-03-28	edgar/data/1178727/0001213900-24-027184.txt
15-12G	1326003	BlackRock Capital Investment Corp	2024-03-28	edgar/data/1326003/0001140361-24-015740.txt
15-12G	1353283	SPLUNK INC	2024-03-28	edgar/data/1353283/0001104659-24-040557.txt
15-12G	1771917	Karuna Therapeutics, Inc.	2024-03-28	edgar/data/1771917/0001140361-24-016120.txt
15-12G	1826671	Near Intelligence, Inc.	2024-03-28	edgar/data/1826671/0001213900-24-026702.txt
25	1843714	Zapata Computing Holdings Inc.	2024-03-28	edgar/data/1843714/0000950142-24-000824.txt
25	1852061	Generation Asia I Acquisition Ltd	2024-03-28	edgar/data/1852061/0001193125-24-079861.txt
25-NSE	1051343	COMMUNITY WEST BANCSHARES /	2024-03-28	edgar/data/1051343/0001354457-24-000212.txt
25-NSE	1137360	VanEck ETF Trust	2024-03-28	edgar/data/1137360/0001143362-24-000108.txt
25-NSE	1143362	NYSE ARCA, INC.	2024-03-28	edgar/data/1143362/0001143362-24-000108.txt
25-NSE	1354327	PGT Innovations, Inc.	2024-03-28	edgar/data/1354327/0000876661-24-000238.txt
25-NSE	1354457	Nasdaq Stock Market LLC	2024-03-28	edgar/data/1354457/0001354457-24-000210.txt
25-NSE	1354457	Nasdaq Stock Market LLC	2024-03-28	edgar/data/1354457/0001354457-24-000211.txt
25-NSE	1354457	Nasdaq Stock Market LLC	2024-03-28	edgar/data/1354457/0001354457-24-000212.txt
25-NSE	1356570	WNS (HOLDINGS) LTD	2024-03-28	edgar/data/1356570/0000876661-24-000240.txt
25-NSE	1782594	Genetron Holdings Ltd	2024-03-28	edgar/data/1782594/0001354457-24-000210.txt
25-NSE	1843988	two	2024-03-28	edgar/data/1843988/0001143362-24-000110.txt
25-NSE	813828	Paramount Global	2024-03-28	edgar/data/813828/0001354457-24-000211.txt
25-NSE	876661	NEW YORK STOCK EXCHANGE LLC	2024-03-28	edgar/data/876661/0000876661-24-000238.txt
25-NSE	876661	NEW YORK STOCK EXCHANGE LLC	2024-03-28	edgar/data/876661/0000876661-24-000240.txt
25-NSE	876661	NEW YORK STOCK EXCHANGE LLC	2024-03-28	edgar/data/876661/0001143362-24-000110.txt
15-12G	1138608	BLOOMIOS, INC.	2024-03-29	edgar/data/1138608/0001477932-24-001571.txt
15-12G	1281984	Decentral Life, Inc.	2024-03-29	edgar/data/1281984/0001493152-24-012019.txt
15-12G	1426506	SMG Industries Inc.	2024-03-29	edgar/data/1426506/0001104659-24-041144.txt
15-12G	1443089	WEARABLE HEALTH SOLUTIONS, INC.	2024-03-29	edgar/data/1443089/0001683168-24-001880.txt
15-12G	1662244	Cyteir Therapeutics, Inc.	2024-03-29	edgar/data/1662244/0001193125-24-081446.txt
15-12G	1689382	Trilogy International Partners Inc.	2024-03-29	edgar/data/1689382/0001140361-24-016349.txt
15-12G	1711291	CURO Group Holdings Corp.	2024-03-29	edgar/data/1711291/0001104659-24-040860.txt
15-12G	1838831	Disruptive Acquisition Corp I	2024-03-29	edgar/data/1838831/0000950103-24-004677.txt
15-15D	1753945	Opti-Harvest, Inc.	2024-03-29	edgar/data/1753945/0001493152-24-011876.txt
25-NSE	1143362	NYSE ARCA, INC.	2024-03-29	edgar/data/1143362/0001143362-24-000114.txt
25-NSE	1143362	NYSE ARCA, INC.	2024-03-29	edgar/data/1143362/0001143362-24-000116.txt
25-NSE	1432353	Global X Funds	2024-03-29	edgar/data/1432353/0001143362-24-000116.txt
25-NSE	1540305	ETF Series Solutions	2024-03-29	edgar/data/1540305/0001143362-24-000114.txt
15-12G	1042074	CymaBay Therapeutics, Inc.	2024-04-01	edgar/data/1042074/0001104659-24-041347.txt
15-12G	1532346	Atreca, Inc.	2024-04-01	edgar/data/1532346/0001104659-24-041885.txt
15-12G	1582581	voxeljet AG	2024-04-01	edgar/data/1582581/0001104659-24-041974.txt
15-12G	1689923	Alteryx, Inc.	2024-04-01	edgar/data/1689923/0001193125-24-082833.txt
15-12G	1824884	Edoc Acquisition Corp.	2024-04-01	edgar/data/1824884/0001493152-24-012089.txt
15-12G	77281	PENNSYLVANIA REAL ESTATE INVESTMENT TRUST	2024-04-01	edgar/data/77281/0001193125-24-083019.txt
15-12G	870826	Legacy IMBDS, Inc.	2024-04-01	edgar/data/870826/0001104659-24-041931.txt
15F-12B	1582581	voxeljet AG	2024-04-01	edgar/data/1582581/0001104659-24-041867.txt
25	1735948	Greenbrook TMS Inc.	2024-04-01	edgar/data/1735948/0001104659-24-041853.txt
25	1839132	Movella Holdings Inc.	2024-04-01	edgar/data/1839132/0001628280-24-013851.txt
25-NSE	1354457	Nasdaq Stock Market LLC	2024-04-01	edgar/data/1354457/0001354457-24-000213.txt
25-NSE	1354457	Nasdaq Stock Market LLC	2024-04-01	edgar/data/1354457/0001354457-24-000214.txt
25-NSE	1354457	Nasdaq Stock Market LLC	2024-04-01	edgar/data/1354457/0001354457-24-000216.txt
25-NSE	1354457	Nasdaq Stock Market LLC	2024-04-01	edgar/data/1354457/0001354457-24-000218.txt
25-NSE	1354457	Nasdaq Stock Market LLC	2024-04-01	edgar/data/1354457/0001354457-24-000219.txt
25-NSE	1449488	CSI Compressco LP	2024-04-01	edgar/data/1449488/0001354457-24-000216.txt
25-NSE	1629019	Merchants Bancorp	2024-04-01	edgar/data/1629019/0001354457-24-000218.txt
25-NSE	1676479	CapStar Financial Holdings, Inc.	2024-04-01	edgar/data/1676479/0001354457-24-000213.txt
25-NSE	1853774	Mountain Crest Acquisition Corp. IV	2024-04-01	edgar/data/1853774/0001354457-24-000219.txt
25-NSE	313616	DANAHER CORP /DE/	2024-04-01	edgar/data/313616/0000876661-24-000243.txt
25-NSE	741516	AMERICAN NATIONAL BANKSHARES INC.	2024-04-01	edgar/data/741516/0001354457-24-000214.txt
25-NSE	831001	CITIGROUP INC	2024-04-01	edgar/data/831001/0000876661-24-000244.txt
25-NSE	876661	NEW YORK STOCK EXCHANGE LLC	2024-04-01	edgar/data/876661/0000876661-24-000243.txt
25-NSE	876661	NEW YORK STOCK EXCHANGE LLC	2024-04-01	edgar/data/876661/0000876661-24-000244.txt
25-NSE	876661	NEW YORK STOCK EXCHANGE LLC	2024-04-01	edgar/data/876661/0000876661-24-000247.txt
25-NSE	928022	Callon Petroleum Co	2024-04-01	edgar/data/928022/0000876661-24-000247.txt
15-12G	1771706	Goodness Growth Holdings, Inc.	2024-04-02	edgar/data/1771706/0001104659-24-042135.txt
15-12G	1853774	Mountain Crest Acquisition Corp. IV	2024-04-02	edgar/data/1853774/0001829126-24-002163.txt
25-NSE	1354457	Nasdaq Stock Market LLC	2024-04-02	edgar/data/1354457/0001354457-24-000220.txt
25-NSE	1354457	Nasdaq Stock Market LLC	2024-04-02	edgar/data/1354457/0001354457-24-000224.txt
25-NSE	1642453	Daseke, Inc.	2024-04-02	edgar/data/1642453/0001354457-24-000220.txt
25-NSE	1709682	Custom Truck One Source, Inc.	2024-04-02	edgar/data/1709682/0000876661-24-000249.txt
25-NSE	1844981	DIGIASIA CORP.	2024-04-02	edgar/data/1844981/0001354457-24-000224.txt
25-NSE	876661	NEW YORK STOCK EXCHANGE LLC	2024-04-02	edgar/data/876661/0000876661-24-000249.txt
15-12G	1633438	Azure Power Global Ltd	2024-04-03	edgar/data/1633438/0001174947-24-000492.txt
25-NSE	1354457	Nasdaq Stock Market LLC	2024-04-03	edgar/data/1354457/0001354457-24-000225.txt
25-NSE	1354457	Nasdaq Stock Market LLC	2024-04-03	edgar/data/1354457/0001354457-24-000226.txt
25-NSE	1797768	Kinnate Biopharma Inc.	2024-04-03	edgar/data/1797768/0001354457-24-000225.txt
25-NSE	1841610	Ross Acquisition Corp II	2024-04-03	edgar/data/1841610/0000876661-24-000252.txt
25-NSE	1868775	ASPAC I Acquisition Corp.	2024-04-03	edgar/data/1868775/0001354457-24-000226.txt
25-NSE	876661	NEW YORK STOCK EXCHANGE LLC	2024-04-03	edgar/data/876661/0000876661-24-000252.txt
25	1411906	Ampio Pharmaceuticals, Inc.	2024-04-04	edgar/data/1411906/0001104659-24-043536.txt
25	1874218	Revelstone Capital Acquisition Corp.	2024-04-04	edgar/data/1874218/0001213900-24-030085.txt
25-NSE	1354457	Nasdaq Stock Market LLC	2024-04-04	edgar/data/1354457/0001354457-24-000232.txt
25-NSE	1865701	Keyarch Acquisition Corp	2024-04-04	edgar/data/1865701/0001354457-24-000232.txt
15-12G	1576914	MiX Telematics Ltd	2024-04-05	edgar/data/1576914/0001493152-24-013263.txt
15-12G	1637736	ELECTRAMECCANICA VEHICLES CORP.	2024-04-05	edgar/data/1637736/0001140361-24-018294.txt
15-15D	1813722	Ford Credit Auto Owner Trust 2020-B	2024-04-05	edgar/data/1813722/0001813722-24-000018.txt
25-NSE	1354457	Nasdaq Stock Market LLC	2024-04-05	edgar/data/1354457/0001354457-24-000235.txt
25-NSE	1354457	Nasdaq Stock Market LLC	2024-04-05	edgar/data/1354457/0001354457-24-000236.txt
25-NSE	1426332	NGM BIOPHARMACEUTICALS INC	2024-04-05	edgar/data/1426332/0001354457-24-000235.txt
25-NSE	1566610	Verb Technology Company, Inc.	2024-04-05	edgar/data/1566610/0001354457-24-000236.txt
15-12G	1354327	PGT Innovations, Inc.	2024-04-08	edgar/data/1354327/0001014108-24-000020.txt
15-12G	1782594	Genetron Holdings Ltd	2024-04-08	edgar/data/1782594/0001104659-24-044439.txt
15-12G	1874218	Revelstone Capital Acquisition Corp.	2024-04-08	edgar/data/1874218/0001213900-24-031037.txt
15-15D	1556487	COMM 2012-CCRE3 Mortgage Trust	2024-04-08	edgar/data/1556487/0001020242-24-000057.txt
15-15D	1587234	GS Mortgage Securities Trust 2013-GCJ16	2024-04-08	edgar/data/1587234/0001853620-24-000107.txt
15-15D	1588251	JPMBB Commercial Mortgage Securities Trust 2013-C15	2024-04-08	edgar/data/1588251/0001888524-24-005362.txt
15-15D	1590231	J.P. Morgan Chase Commercial Mortgage Securities Trust 2013-	2024-04-08	edgar/data/1590231/0001888524-24-005359.txt
15-15D	1594136	GS Mortgage Securities Trust 2014-GC18	2024-04-08	edgar/data/1594136/0001888524-24-005357.txt
15F-15D	1587234	GS Mortgage Securities Trust 2013-GCJ16	2024-04-08	edgar/data/1587234/0001853620-24-000106.txt
25	1038572	BRAZILIAN DISTRIBUTION CO COMPANHIA BRASILEIRA DE DISTR CBD	2024-04-08	edgar/data/1038572/0001292814-24-001263.txt
25-NSE	1354457	Nasdaq Stock Market LLC	2024-04-08	edgar/data/1354457/0001354457-24-000249.txt
25-NSE	1588972	Societal CDMO, Inc.	2024-04-08	edgar/data/1588972/0001354457-24-000249.txt
25-NSE	1865200	Southport Acquisition Corp	2024-04-08	edgar/data/1865200/0000876661-24-000256.txt
25-NSE	876661	NEW YORK STOCK EXCHANGE LLC	2024-04-08	edgar/data/876661/0000876661-24-000256.txt
15-12G	1051343	COMMUNITY WEST BANCSHARES /	2024-04-09	edgar/data/1051343/0001140361-24-018689.txt
15-15D	1800398	World Omni Auto Receivables Trust 2020-A	2024-04-09	edgar/data/1800398/0001104659-24-044927.txt
15-15D	1863708	World Omni Automobile Lease Securitization Trust 2021-A	2024-04-09	edgar/data/1863708/0001104659-24-045014.txt
25-NSE	1039765	ING GROEP NV	2024-04-09	edgar/data/1039765/0000876661-24-000261.txt
25-NSE	1137360	VanEck ETF Trust	2024-04-09	edgar/data/1137360/0001143362-24-000123.txt
25-NSE	1143362	NYSE ARCA, INC.	2024-04-09	edgar/data/1143362/0001143362-24-000123.txt
25-NSE	1172631	Sunworks, Inc.	2024-04-09	edgar/data/1172631/0001354457-24-000252.txt
25-NSE	1277250	Charge Enterprises, Inc.	2024-04-09	edgar/data/1277250/0001354457-24-000256.txt
25-NSE	1322439	Eagle Bulk Shipping Inc.	2024-04-09	edgar/data/1322439/0000876661-24-000259.txt
25-NSE	1354457	Nasdaq Stock Market LLC	2024-04-09	edgar/data/1354457/0001354457-24-000250.txt
25-NSE	1354457	Nasdaq Stock Market LLC	2024-04-09	edgar/data/1354457/0001354457-24-000251.txt
25-NSE	1354457	Nasdaq Stock Market LLC	2024-04-09	edgar/data/1354457/0001354457-24-000252.txt
25-NSE	1354457	Nasdaq Stock Market LLC	2024-04-09	edgar/data/1354457/0001354457-24-000253.txt
25-NSE	1354457	Nasdaq Stock Market LLC	2024-04-09	edgar/data/1354457/0001354457-24-000254.txt
25-NSE	1354457	Nasdaq Stock Market LLC	2024-04-09	edgar/data/1354457/0001354457-24-000255.txt
25-NSE	1354457	Nasdaq Stock Market LLC	2024-04-09	edgar/data/1354457/0001354457-24-000256.txt
25-NSE	1354457	Nasdaq Stock Market LLC	2024-04-09	edgar/data/1354457/0001354457-24-000257.txt
25-NSE	1354457	Nasdaq Stock Market LLC	2024-04-09	edgar/data/1354457/0001354457-24-000258.txt
25-NSE	1354457	Nasdaq Stock Market LLC	2024-04-09	edgar/data/1354457/0001354457-24-000259.txt
25-NSE	1354457	Nasdaq Stock Market LLC	2024-04-09	edgar/data/1354457/0001354457-24-000260.txt
25-NSE	1354457	Nasdaq Stock Market LLC	2024-04-09	edgar/data/1354457/0001354457-24-000261.txt
25-NSE	1368365	REMARK HOLDINGS, INC.	2024-04-09	edgar/data/1368365/0001354457-24-000251.txt
25-NSE	1401708	NanoString Technologies Inc	2024-04-09	edgar/data/1401708/0001354457-24-000250.txt
25-NSE	1417835	Cboe BZX Exchange, Inc.	2024-04-09	edgar/data/1417835/0001417835-24-000070.txt
25-NSE	1551693	Sientra, Inc.	2024-04-09	edgar/data/1551693/0001354457-24-000254.txt
25-NSE	1742912	Tidal ETF Trust	2024-04-09	edgar/data/1742912/0001417835-24-000070.txt
25-NSE	1822366	Altitude Acquisition Corp.	2024-04-09	edgar/data/1822366/0001354457-24-000259.txt
25-NSE	1834585	JOANN Inc.	2024-04-09	edgar/data/1834585/0001354457-24-000261.txt
25-NSE	1836274	Atlantic Coastal Acquisition Corp.	2024-04-09	edgar/data/1836274/0001354457-24-000255.txt
25-NSE	1855351	Sagaliam Acquisition Corp	2024-04-09	edgar/data/1855351/0001354457-24-000257.txt
25-NSE	1865191	TG Venture Acquisition Corp.	2024-04-09	edgar/data/1865191/0001354457-24-000258.txt
25-NSE	1875496	YanGuFang International Group Co., Ltd	2024-04-09	edgar/data/1875496/0001354457-24-000260.txt
25-NSE	768408	CYANOTECH CORP	2024-04-09	edgar/data/768408/0001354457-24-000253.txt
25-NSE	876661	NEW YORK STOCK EXCHANGE LLC	2024-04-09	edgar/data/876661/0000876661-24-000259.txt
25-NSE	876661	NEW YORK STOCK EXCHANGE LLC	2024-04-09	edgar/data/876661/0000876661-24-000261.txt
15-12G	1843988	two	2024-04-10	edgar/data/1843988/0001493152-24-014187.txt
25-NSE	1143313	NYSE AMERICAN LLC	2024-04-10	edgar/data/1143313/0000876661-24-000267.txt
25-NSE	1720990	Fisker Inc./DE	2024-04-10	edgar/data/1720990/0000876661-24-000265.txt
25-NSE	1823882	Airspan Networks Holdings Inc.	2024-04-10	edgar/data/1823882/0000876661-24-000267.txt
25-NSE	876661	NEW YORK STOCK EXCHANGE LLC	2024-04-10	edgar/data/876661/0000876661-24-000265.txt
15-12G	1021096	Troika Media Group, Inc.	2024-04-11	edgar/data/1021096/0000899140-24-000483.txt
15-12G	1449488	CSI Compressco LP	2024-04-11	edgar/data/1449488/0001193125-24-093244.txt
15-12G	741516	AMERICAN NATIONAL BANKSHARES INC.	2024-04-11	edgar/data/741516/0001104659-24-046300.txt
15-12G	928022	Callon Petroleum Co	2024-04-11	edgar/data/928022/0001193125-24-093279.txt
25-NSE	1407973	Sonendo, Inc.	2024-04-11	edgar/data/1407973/0000876661-24-000270.txt
25-NSE	1417835	Cboe BZX Exchange, Inc.	2024-04-11	edgar/data/1417835/0001417835-24-000073.txt
25-NSE	1650149	Series Portfolios Trust	2024-04-11	edgar/data/1650149/0001417835-24-000073.txt
25-NSE	876661	NEW YORK STOCK EXCHANGE LLC	2024-04-11	edgar/data/876661/0000876661-24-000270.txt
15-12G	1109486	Endexx Corp	2024-04-12	edgar/data/1109486/0001493152-24-014493.txt
15-12G	1642453	Daseke, Inc.	2024-04-12	edgar/data/1642453/0001193125-24-094001.txt
15-12G	1676479	CapStar Financial Holdings, Inc.	2024-04-12	edgar/data/1676479/0001104659-24-046600.txt
15-12G	1286459	ALL FOR ONE MEDIA CORP.	2024-04-15	edgar/data/1286459/0001477932-24-002097.txt
15-12G	1411906	Ampio Pharmaceuticals, Inc.	2024-04-15	edgar/data/1411906/0001104659-24-047275.txt
15-12G	1426332	NGM BIOPHARMACEUTICALS INC	2024-04-15	edgar/data/1426332/0000950142-24-001034.txt
15-12G	1865701	Keyarch Acquisition Corp	2024-04-15	edgar/data/1865701/0001213900-24-032899.txt
25	1896049	Semantix, Inc.	2024-04-15	edgar/data/1896049/0001628280-24-016132.txt
25-NSE	1323468	GLOBAL PARTNERS LP	2024-04-15	edgar/data/1323468/0000876661-24-000276.txt
25-NSE	1413159	TEXTAINER GROUP HOLDINGS LTD	2024-04-15	edgar/data/1413159/0000876661-24-000274.txt
25-NSE	876661	NEW YORK STOCK EXCHANGE LLC	2024-04-15	edgar/data/876661/0000876661-24-000274.txt
25-NSE	876661	NEW YORK STOCK EXCHANGE LLC	2024-04-15	edgar/data/876661/0000876661-24-000276.txt
15-12G	896494	SENSTAR TECHNOLOGIES LTD.	2024-04-16	edgar/data/896494/0001178913-24-001334.txt
25-NSE	1354457	Nasdaq Stock Market LLC	2024-04-16	edgar/data/1354457/0001354457-24-000268.txt
25-NSE	1835972	Arrowroot Acquisition Corp.	2024-04-16	edgar/data/1835972/0001354457-24-000268.txt
15-12G	1128252	SIPP International Industries, Inc.	2024-04-17	edgar/data/1128252/0001829126-24-002596.txt
15-12G	1316517	Kandi Technologies Group, Inc.	2024-04-17	edgar/data/1316517/0001213900-24-033793.txt
15-12G	1797768	Kinnate Biopharma Inc.	2024-04-17	edgar/data/1797768/0001193125-24-099060.txt
15-12G	1865191	TG Venture Acquisition Corp.	2024-04-17	edgar/data/1865191/0001731122-24-000648.txt
25-NSE	1020425	LITMAN GREGORY FUNDS TRUST	2024-04-17	edgar/data/1020425/0001143362-24-000125.txt
25-NSE	1143362	NYSE ARCA, INC.	2024-04-17	edgar/data/1143362/0001143362-24-000125.txt
25-NSE	1354457	Nasdaq Stock Market LLC	2024-04-17	edgar/data/1354457/0001354457-24-000269.txt
25-NSE	1398805	Beam Global	2024-04-17	edgar/data/1398805/0001354457-24-000269.txt
15-12G	1588972	Societal CDMO, Inc.	2024-04-18	edgar/data/1588972/0001193125-24-100681.txt
25	1267332	MERRILL LYNCH DEPOSITOR INC INDEXPLUS TRUST SERIES 2003-1	2024-04-18	edgar/data/1267332/0001999371-24-004915.txt
25	1769116	VIA optronics AG	2024-04-19	edgar/data/1769116/0001104659-24-049065.txt
25-NSE	1509223	Moatable, Inc.	2024-04-19	edgar/data/1509223/0000876661-24-000283.txt
25-NSE	54381	KAMAN Corp	2024-04-19	edgar/data/54381/0000876661-24-000288.txt
25-NSE	773141	M.D.C. HOLDINGS, INC.	2024-04-19	edgar/data/773141/0000876661-24-000286.txt
25-NSE	876661	NEW YORK STOCK EXCHANGE LLC	2024-04-19	edgar/data/876661/0000876661-24-000283.txt
25-NSE	876661	NEW YORK STOCK EXCHANGE LLC	2024-04-19	edgar/data/876661/0000876661-24-000286.txt
25-NSE	876661	NEW YORK STOCK EXCHANGE LLC	2024-04-19	edgar/data/876661/0000876661-24-000288.txt
15-12G	1322439	Eagle Bulk Shipping Inc.	2024-04-22	edgar/data/1322439/0000950157-24-000642.txt
15-12G	1822366	Altitude Acquisition Corp.	2024-04-22	edgar/data/1822366/0001104659-24-050088.txt
25	925910	PECO ENERGY CAPITAL LP	2024-04-22	edgar/data/925910/0001104659-24-049965.txt
25	1296484	TOP SHIPS INC.	2024-04-23	edgar/data/1296484/0001171843-24-002150.txt
25-NSE	1354457	Nasdaq Stock Market LLC	2024-04-23	edgar/data/1354457/0001354457-24-000294.txt
25-NSE	1415995	IndexIQ ETF Trust	2024-04-23	edgar/data/1415995/0001354457-24-000294.txt
15-12G	1483510	EXPRESS, INC.	2024-04-24	edgar/data/1483510/0001193125-24-110231.txt
15-12G	1323468	GLOBAL PARTNERS LP	2024-04-25	edgar/data/1323468/0001104659-24-051989.txt
15-12G	1837344	Nocturne Acquisition Corp	2024-04-25	edgar/data/1837344/0001214659-24-007547.txt
15-12G	1896049	Semantix, Inc.	2024-04-25	edgar/data/1896049/0001628280-24-018008.txt
15F-12B	1078207	BOWFLEX INC.	2024-04-25	edgar/data/1078207/0001078207-24-000072.txt
15F-12B	1413159	TEXTAINER GROUP HOLDINGS LTD	2024-04-25	edgar/data/1413159/0001193125-24-111708.txt
25	1860514	Roth CH Acquisition Co.	2024-04-25	edgar/data/1860514/0001829126-24-002782.txt
25-NSE	1008848	Acorda Therapeutics, Inc.	2024-04-25	edgar/data/1008848/0001354457-24-000306.txt
25-NSE	1029125	Panbela Therapeutics, Inc.	2024-04-25	edgar/data/1029125/0001354457-24-000299.txt
25-NSE	1124804	Veradigm Inc.	2024-04-25	edgar/data/1124804/0001354457-24-000297.txt
25-NSE	1305253	Eiger BioPharmaceuticals, Inc.	2024-04-25	edgar/data/1305253/0001354457-24-000305.txt
25-NSE	1333835	Casa Systems Inc	2024-04-25	edgar/data/1333835/0001354457-24-000303.txt
25-NSE	1354457	Nasdaq Stock Market LLC	2024-04-25	edgar/data/1354457/0001354457-24-000296.txt
25-NSE	1354457	Nasdaq Stock Market LLC	2024-04-25	edgar/data/1354457/0001354457-24-000297.txt
25-NSE	1354457	Nasdaq Stock Market LLC	2024-04-25	edgar/data/1354457/0001354457-24-000298.txt
25-NSE	1354457	Nasdaq Stock Market LLC	2024-04-25	edgar/data/1354457/0001354457-24-000299.txt
25-NSE	1354457	Nasdaq Stock Market LLC	2024-04-25	edgar/data/1354457/0001354457-24-000300.txt
25-NSE	1354457	Nasdaq Stock Market LLC	2024-04-25	edgar/data/1354457/0001354457-24-000301.txt
25-NSE	1354457	Nasdaq Stock Market LLC	2024-04-25	edgar/data/1354457/0001354457-24-000302.txt
25-NSE	1354457	Nasdaq Stock Market LLC	2024-04-25	edgar/data/1354457/0001354457-24-000303.txt
25-NSE	1354457	Nasdaq Stock Market LLC	2024-04-25	edgar/data/1354457/0001354457-24-000304.txt
25-NSE	1354457	Nasdaq Stock Market LLC	2024-04-25	edgar/data/1354457/0001354457-24-000305.txt
25-NSE	1354457	Nasdaq Stock Market LLC	2024-04-25	edgar/data/1354457/0001354457-24-000306.txt
25-NSE	1354457	Nasdaq Stock Market LLC	2024-04-25	edgar/data/1354457/0001354457-24-000307.txt
25-NSE	1354457	Nasdaq Stock Market LLC	2024-04-25	edgar/data/1354457/0001354457-24-000308.txt
25-NSE	1354457	Nasdaq Stock Market LLC	2024-04-25	edgar/data/1354457/0001354457-24-000309.txt
25-NSE	1354457	Nasdaq Stock Market LLC	2024-04-25	edgar/data/1354457/0001354457-24-000310.txt
25-NSE	1401395	Neptune Wellness Solutions Inc.	2024-04-25	edgar/data/1401395/0001354457-24-000298.txt
25-NSE	1543268	Bit Brother Ltd	2024-04-25	edgar/data/1543268/0001354457-24-000300.txt
25-NSE	1600847	Gamida Cell Ltd.	2024-04-25	edgar/data/1600847/0001354457-24-000304.txt
25-NSE	1686850	Motus GI Holdings, Inc.	2024-04-25	edgar/data/1686850/0001354457-24-000307.txt
25-NSE	1811856	View, Inc.	2024-04-25	edgar/data/1811856/0001354457-24-000302.txt
25-NSE	1821349	NeoGames S.A.	2024-04-25	edgar/data/1821349/0001354457-24-000310.txt
25-NSE	1831964	NORTHERN REVIVAL ACQUISITION Corp	2024-04-25	edgar/data/1831964/0001354457-24-000296.txt
25-NSE	1837344	Nocturne Acquisition Corp	2024-04-25	edgar/data/1837344/0001354457-24-000301.txt
25-NSE	1886362	Mobile Global Esports, Inc.	2024-04-25	edgar/data/1886362/0001354457-24-000309.txt
25-NSE	1934064	ProSomnus, Inc.	2024-04-25	edgar/data/1934064/0001354457-24-000308.txt
15-12G	1528188	Worldwide NFT Inc.	2024-04-26	edgar/data/1528188/0001493152-24-016704.txt
15-12G	1769116	VIA optronics AG	2024-04-29	edgar/data/1769116/0001104659-24-053344.txt
15-12G	834285	REPUBLIC FIRST BANCORP INC	2024-04-29	edgar/data/834285/0001437749-24-013456.txt
15-15D	1784564	AmeriCredit Automobile Receivables Trust 2019-3	2024-04-29	edgar/data/1784564/0001213900-24-036817.txt
25	1851657	Vaxxinity, Inc.	2024-04-29	edgar/data/1851657/0001562762-24-000108.txt
25-NSE	1143313	NYSE AMERICAN LLC	2024-04-29	edgar/data/1143313/0001143313-24-000051.txt
25-NSE	1143362	NYSE ARCA, INC.	2024-04-29	edgar/data/1143362/0001143362-24-000128.txt
25-NSE	1396502	John Hancock Tax-Advantaged Global Shareholder Yield Fund	2024-04-29	edgar/data/1396502/0000876661-24-000293.txt
25-NSE	1417835	Cboe BZX Exchange, Inc.	2024-04-29	edgar/data/1417835/0001417835-24-000078.txt
25-NSE	1426439	IndexIQ Active ETF Trust	2024-04-29	edgar/data/1426439/0001143362-24-000128.txt
25-NSE	1552947	Two Roads Shared Trust	2024-04-29	edgar/data/1552947/0001417835-24-000078.txt
25-NSE	1596856	Leju Holdings Ltd	2024-04-29	edgar/data/1596856/0000876661-24-000299.txt
25-NSE	1837607	AEON Biopharma, Inc.	2024-04-29	edgar/data/1837607/0001143313-24-000051.txt
25-NSE	856128	MFS SPECIAL VALUE TRUST	2024-04-29	edgar/data/856128/0000876661-24-000297.txt
25-NSE	876661	NEW YORK STOCK EXCHANGE LLC	2024-04-29	edgar/data/876661/0000876661-24-000293.txt
25-NSE	876661	NEW YORK STOCK EXCHANGE LLC	2024-04-29	edgar/data/876661/0000876661-24-000297.txt
25-NSE	876661	NEW YORK STOCK EXCHANGE LLC	2024-04-29	edgar/data/876661/0000876661-24-000299.txt
15-12G	54381	KAMAN Corp	2024-04-30	edgar/data/54381/0001140361-24-023156.txt
15-12G	773141	M.D.C. HOLDINGS, INC.	2024-04-30	edgar/data/773141/0000950142-24-001229.txt
25-NSE	1143362	NYSE ARCA, INC.	2024-04-30	edgar/data/1143362/0000876661-24-000306.txt
25-NSE	1143362	NYSE ARCA, INC.	2024-04-30	edgar/data/1143362/0001143362-24-000135.txt
25-NSE	1354457	Nasdaq Stock Market LLC	2024-04-30	edgar/data/1354457/0001354457-24-000313.txt
25-NSE	1479599	AGF Investments Trust	2024-04-30	edgar/data/1479599/0001143362-24-000135.txt
25-NSE	1491978	FLEXSHARES TRUST	2024-04-30	edgar/data/1491978/0000876661-24-000306.txt
25-NSE	1614806	Great Ajax Corp.	2024-04-30	edgar/data/1614806/0000876661-24-000304.txt
25-NSE	1998781	IB Acquisition Corp.	2024-04-30	edgar/data/1998781/0001354457-24-000313.txt
25-NSE	876661	NEW YORK STOCK EXCHANGE LLC	2024-04-30	edgar/data/876661/0000876661-24-000304.txt
15-12G	1834585	JOANN Inc.	2024-05-01	edgar/data/1834585/0001193125-24-125840.txt
15-12G	1891512	Adastra Holdings Ltd.	2024-05-01	edgar/data/1891512/0001062993-24-009177.txt
15-15D	1124941	BEACON ROOFING SUPPLY INC	2024-05-01	edgar/data/1124941/0001124941-24-000038.txt
15-15D	1805616	Toyota Auto Receivables 2020-B Owner Trust	2024-05-01	edgar/data/1805616/0000929638-24-001669.txt
25-NSE	1354457	Nasdaq Stock Market LLC	2024-05-01	edgar/data/1354457/0001354457-24-000317.txt
25-NSE	1861541	Pegasus Digital Mobility Acquisition Corp.	2024-05-01	edgar/data/1861541/0000876661-24-000310.txt
25-NSE	1879297	LAMF Global Ventures Corp. I	2024-05-01	edgar/data/1879297/0001354457-24-000317.txt
25-NSE	36966	FIRST HORIZON CORP	2024-05-01	edgar/data/36966/0000876661-24-000308.txt
25-NSE	876661	NEW YORK STOCK EXCHANGE LLC	2024-05-01	edgar/data/876661/0000876661-24-000308.txt
25-NSE	876661	NEW YORK STOCK EXCHANGE LLC	2024-05-01	edgar/data/876661/0000876661-24-000310.txt
15-12G	1310527	TELIX QSAM INC.	2024-05-02	edgar/data/1310527/0001493152-24-017525.txt
25-NSE	1413329	Philip Morris International Inc.	2024-05-02	edgar/data/1413329/0000876661-24-000315.txt
25-NSE	1417835	Cboe BZX Exchange, Inc.	2024-05-02	edgar/data/1417835/0001417835-24-000082.txt
25-NSE	1537140	NORTHERN LIGHTS FUND TRUST III	2024-05-02	edgar/data/1537140/0001417835-24-000082.txt
25-NSE	1584425	Tricon Residential Inc.	2024-05-02	edgar/data/1584425/0000876661-24-000313.txt
25-NSE	876661	NEW YORK STOCK EXCHANGE LLC	2024-05-02	edgar/data/876661/0000876661-24-000313.txt
25-NSE	876661	NEW YORK STOCK EXCHANGE LLC	2024-05-02	edgar/data/876661/0000876661-24-000315.txt
15-12G	1277250	Charge Enterprises, Inc.	2024-05-03	edgar/data/1277250/0001437749-24-014615.txt
15-12G	1471824	Teucrium Commodity Trust	2024-05-03	edgar/data/1471824/0001437749-24-014483.txt
25-NSE	1038357	PIONEER NATURAL RESOURCES CO	2024-05-03	edgar/data/1038357/0000876661-24-000321.txt
25-NSE	1039828	AMERICAN EQUITY INVESTMENT LIFE HOLDING CO	2024-05-03	edgar/data/1039828/0001143362-24-000143.txt
25-NSE	1069530	CASSAVA SCIENCES INC	2024-05-03	edgar/data/1069530/0001354457-24-000321.txt
25-NSE	1110805	NuStar Energy L.P.	2024-05-03	edgar/data/1110805/0000876661-24-000319.txt
25-NSE	1143362	NYSE ARCA, INC.	2024-05-03	edgar/data/1143362/0001143362-24-000140.txt
25-NSE	1354457	Nasdaq Stock Market LLC	2024-05-03	edgar/data/1354457/0001354457-24-000321.txt
25-NSE	1354457	Nasdaq Stock Market LLC	2024-05-03	edgar/data/1354457/0001354457-24-000322.txt
25-NSE	1354457	Nasdaq Stock Market LLC	2024-05-03	edgar/data/1354457/0001354457-24-000323.txt
25-NSE	1540305	ETF Series Solutions	2024-05-03	edgar/data/1540305/0001143362-24-000140.txt
25-NSE	77476	PEPSICO INC	2024-05-03	edgar/data/77476/0001354457-24-000323.txt
25-NSE	811808	SUMMIT FINANCIAL GROUP, INC.	2024-05-03	edgar/data/811808/0001354457-24-000322.txt
25-NSE	876661	NEW YORK STOCK EXCHANGE LLC	2024-05-03	edgar/data/876661/0000876661-24-000319.txt
25-NSE	876661	NEW YORK STOCK EXCHANGE LLC	2024-05-03	edgar/data/876661/0000876661-24-000321.txt
25-NSE	876661	NEW YORK STOCK EXCHANGE LLC	2024-05-03	edgar/data/876661/0001143362-24-000143.txt
15-12G	1821349	Neo Group Ltd	2024-05-06	edgar/data/1821349/0001178913-24-001584.txt
15-15D	1600823	Morgan Stanley Bank of America Merrill Lynch Trust 2014-C15	2024-05-06	edgar/data/1600823/0001888524-24-006932.txt
15-15D	1812807	BMW Vehicle Owner Trust 2020-A	2024-05-06	edgar/data/1812807/0000929638-24-001729.txt
15-15D	819793	ALBANY INTERNATIONAL CORP /DE/	2024-05-06	edgar/data/819793/0001140361-24-024548.txt
25	1819615	Clever Leaves Holdings Inc.	2024-05-06	edgar/data/1819615/0001213900-24-040093.txt
25-NSE	1143313	NYSE AMERICAN LLC	2024-05-06	edgar/data/1143313/0000876661-24-000327.txt
25-NSE	1143362	NYSE ARCA, INC.	2024-05-06	edgar/data/1143362/0001143362-24-000145.txt
25-NSE	1174610	PROSHARES TRUST	2024-05-06	edgar/data/1174610/0001143362-24-000145.txt
25-NSE	1284940	FIRST TRUST ENERGY INCOME & GROWTH FUND	2024-05-06	edgar/data/1284940/0000876661-24-000327.txt
25-NSE	1513789	FIRST TRUST ENERGY INFRASTRUCTURE FUND	2024-05-06	edgar/data/1513789/0000876661-24-000333.txt
25-NSE	1556336	FIRST TRUST MLP & ENERGY INCOME FUND	2024-05-06	edgar/data/1556336/0000876661-24-000329.txt
25-NSE	1589420	FIRST TRUST NEW OPPORTUNITIES MLP & ENERGY FUND	2024-05-06	edgar/data/1589420/0000876661-24-000331.txt
25-NSE	1827871	Electriq Power Holdings, Inc.	2024-05-06	edgar/data/1827871/0000876661-24-000325.txt
25-NSE	876661	NEW YORK STOCK EXCHANGE LLC	2024-05-06	edgar/data/876661/0000876661-24-000325.txt
25-NSE	876661	NEW YORK STOCK EXCHANGE LLC	2024-05-06	edgar/data/876661/0000876661-24-000329.txt
25-NSE	876661	NEW YORK STOCK EXCHANGE LLC	2024-05-06	edgar/data/876661/0000876661-24-000331.txt
25-NSE	876661	NEW YORK STOCK EXCHANGE LLC	2024-05-06	edgar/data/876661/0000876661-24-000333.txt
15-12G	1365916	AMYRIS, INC.	2024-05-07	edgar/data/1365916/0001193125-24-132996.txt
15-12G	1654672	PINEAPPLE, INC.	2024-05-07	edgar/data/1654672/0001493152-24-018112.txt
25-NSE	1749704	AGILITI, INC. \DE	2024-05-07	edgar/data/1749704/0000876661-24-000335.txt
25-NSE	312069	BARCLAYS PLC	2024-05-07	edgar/data/312069/0000876661-24-000337.txt
25-NSE	876661	NEW YORK STOCK EXCHANGE LLC	2024-05-07	edgar/data/876661/0000876661-24-000335.txt
25-NSE	876661	NEW YORK STOCK EXCHANGE LLC	2024-05-07	edgar/data/876661/0000876661-24-000337.txt
15-12G	1784567	Harbor Custom Development, Inc.	2024-05-08	edgar/data/1784567/0001493152-24-018201.txt
15-15D	1593269	JPMBB Commercial Mortgage Securities Trust 2013-C17	2024-05-08	edgar/data/1593269/0001888524-24-006938.txt
15-15D	1600831	COMM 2014-LC15 Mortgage Trust	2024-05-08	edgar/data/1600831/0001888524-24-006936.txt
15-15D	844059	FRP HOLDINGS, INC.	2024-05-08	edgar/data/844059/0000844059-24-000025.txt
15-12G	1100397	Ayala Pharmaceuticals, Inc.	2024-05-09	edgar/data/1100397/0000929638-24-001751.txt
15-12G	1504167	TREX WIND-DOWN, INC.	2024-05-09	edgar/data/1504167/0001493152-24-018472.txt
15-12G	1851657	Vaxxinity, Inc.	2024-05-09	edgar/data/1851657/0001562762-24-000136.txt
25-NSE	1143362	NYSE ARCA, INC.	2024-05-09	edgar/data/1143362/0001143362-24-000149.txt
25-NSE	1683471	Listed Funds Trust	2024-05-09	edgar/data/1683471/0001143362-24-000149.txt
15-12G	1861541	Pegasus Digital Mobility Acquisition Corp.	2024-05-10	edgar/data/1861541/0001104659-24-059756.txt
15-15D	1976923	YOUNEEQAI TECHNICAL SERVICES, INC.	2024-05-10	edgar/data/1976923/0001065949-24-000065.txt
25	1274792	MERRIMACK PHARMACEUTICALS INC	2024-05-10	edgar/data/1274792/0001193125-24-136243.txt
15-12G	1038357	PIONEER NATURAL RESOURCES CO	2024-05-13	edgar/data/1038357/0001193125-24-136768.txt
15-12G	1039828	American National Group Inc.	2024-05-13	edgar/data/1039828/0001104659-24-060526.txt
15-12G	1110805	NuStar Energy L.P.	2024-05-13	edgar/data/1110805/0001193125-24-136744.txt
15-15D	1956746	Equifax do Brasil S.A.	2024-05-13	edgar/data/1956746/0001193125-24-136678.txt
25-NSE	1354457	Nasdaq Stock Market LLC	2024-05-13	edgar/data/1354457/0001354457-24-000331.txt
25-NSE	1823575	ZeroFox Holdings, Inc.	2024-05-13	edgar/data/1823575/0001354457-24-000331.txt
15-12G	1347652	CorEnergy Infrastructure Trust, Inc.	2024-05-14	edgar/data/1347652/0001347652-24-000053.txt
15-12G	1807983	Medicenna Therapeutics Corp.	2024-05-14	edgar/data/1807983/0001171843-24-002865.txt
15-12G	1879297	LAMF Global Ventures Corp. I	2024-05-14	edgar/data/1879297/0001213900-24-042585.txt
15-12G	811808	SUMMIT FINANCIAL GROUP, INC.	2024-05-14	edgar/data/811808/0000811808-24-000003.txt
15F-12B	1936574	IMMRSIV Inc.	2024-05-14	edgar/data/1936574/0001493152-24-019155.txt
25-NSE	1354457	Nasdaq Stock Market LLC	2024-05-14	edgar/data/1354457/0001354457-24-000333.txt
25-NSE	1893325	Screaming Eagle Acquisition Corp.	2024-05-14	edgar/data/1893325/0001354457-24-000333.txt
15-12G	1362703	THERALINK TECHNOLOGIES, INC.	2024-05-15	edgar/data/1362703/0001493152-24-019341.txt
15-12G	1584425	Tricon Residential Inc.	2024-05-15	edgar/data/1584425/0001193125-24-138520.txt
15-12G	1781726	NP Life Sciences Health Industry Group Inc.	2024-05-15	edgar/data/1781726/0001493152-24-019743.txt
25-NSE	10456	BAXTER INTERNATIONAL INC	2024-05-15	edgar/data/10456/0000876661-24-000355.txt
25-NSE	1276187	Energy Transfer LP	2024-05-15	edgar/data/1276187/0000876661-24-000346.txt
25-NSE	1354457	Nasdaq Stock Market LLC	2024-05-15	edgar/data/1354457/0001354457-24-000337.txt
25-NSE	1871745	Direct Selling Acquisition Corp.	2024-05-15	edgar/data/1871745/0000876661-24-000353.txt
25-NSE	846901	LAKELAND BANCORP INC	2024-05-15	edgar/data/846901/0001354457-24-000337.txt
25-NSE	876661	NEW YORK STOCK EXCHANGE LLC	2024-05-15	edgar/data/876661/0000876661-24-000346.txt
25-NSE	876661	NEW YORK STOCK EXCHANGE LLC	2024-05-15	edgar/data/876661/0000876661-24-000351.txt
25-NSE	876661	NEW YORK STOCK EXCHANGE LLC	2024-05-15	edgar/data/876661/0000876661-24-000353.txt
25-NSE	876661	NEW YORK STOCK EXCHANGE LLC	2024-05-15	edgar/data/876661/0000876661-24-000355.txt
25-NSE	893691	MASONITE INTERNATIONAL CORP	2024-05-15	edgar/data/893691/0000876661-24-000351.txt
15-12G	1490054	VERDE BIO HOLDINGS, INC.	2024-05-16	edgar/data/1490054/0001213900-24-044133.txt
15-12G	1819615	Clever Leaves Holdings Inc.	2024-05-16	edgar/data/1819615/0001213900-24-044367.txt
15-15D	1798272	Drive Auto Receivables Trust 2020-1	2024-05-16	edgar/data/1798272/0001193125-24-140345.txt
15-15D	1806211	CarMax Auto Owner Trust 2020-2	2024-05-16	edgar/data/1806211/0001806211-24-000022.txt
25-NSE	1059262	SP Plus Corp	2024-05-16	edgar/data/1059262/0001354457-24-000351.txt
25-NSE	1173281	NeuBase Therapeutics, Inc.	2024-05-16	edgar/data/1173281/0001354457-24-000350.txt
25-NSE	1354457	Nasdaq Stock Market LLC	2024-05-16	edgar/data/1354457/0001354457-24-000344.txt
25-NSE	1354457	Nasdaq Stock Market LLC	2024-05-16	edgar/data/1354457/0001354457-24-000345.txt
25-NSE	1354457	Nasdaq Stock Market LLC	2024-05-16	edgar/data/1354457/0001354457-24-000346.txt
25-NSE	1354457	Nasdaq Stock Market LLC	2024-05-16	edgar/data/1354457/0001354457-24-000347.txt
25-NSE	1354457	Nasdaq Stock Market LLC	2024-05-16	edgar/data/1354457/0001354457-24-000348.txt
25-NSE	1354457	Nasdaq Stock Market LLC	2024-05-16	edgar/data/1354457/0001354457-24-000349.txt
25-NSE	1354457	Nasdaq Stock Market LLC	2024-05-16	edgar/data/1354457/0001354457-24-000350.txt
25-NSE	1354457	Nasdaq Stock Market LLC	2024-05-16	edgar/data/1354457/0001354457-24-000351.txt
25-NSE	1522860	Acutus Medical, Inc.	2024-05-16	edgar/data/1522860/0001354457-24-000349.txt
25-NSE	1558583	Arcimoto Inc	2024-05-16	edgar/data/1558583/0001354457-24-000347.txt
25-NSE	1832415	Better Therapeutics, Inc.	2024-05-16	edgar/data/1832415/0001354457-24-000345.txt
25-NSE	1862490	Tritium DCFC Ltd	2024-05-16	edgar/data/1862490/0001354457-24-000346.txt
25-NSE	1942808	Next.e.GO N.V.	2024-05-16	edgar/data/1942808/0001354457-24-000348.txt
25-NSE	809248	CARROLS RESTAURANT GROUP, INC.	2024-05-16	edgar/data/809248/0001354457-24-000344.txt
15-12G	1749704	AGILITI, INC. \DE	2024-05-17	edgar/data/1749704/0001193125-24-141195.txt
25	930420	KFORCE INC	2024-05-17	edgar/data/930420/0000930420-24-000092.txt
25-NSE	1551152	AbbVie Inc.	2024-05-17	edgar/data/1551152/0000876661-24-000360.txt
25-NSE	55067	KELLANOVA	2024-05-17	edgar/data/55067/0000876661-24-000358.txt
25-NSE	876661	NEW YORK STOCK EXCHANGE LLC	2024-05-17	edgar/data/876661/0000876661-24-000358.txt
25-NSE	876661	NEW YORK STOCK EXCHANGE LLC	2024-05-17	edgar/data/876661/0000876661-24-000360.txt
25-NSE	876661	NEW YORK STOCK EXCHANGE LLC	2024-05-17	edgar/data/876661/0000876661-24-000363.txt
25-NSE	886982	GOLDMAN SACHS GROUP INC	2024-05-17	edgar/data/886982/0000876661-24-000363.txt
15-12G	1274792	MERRIMACK PHARMACEUTICALS INC	2024-05-20	edgar/data/1274792/0001193125-24-142837.txt
25-NSE	1354457	Nasdaq Stock Market LLC	2024-05-20	edgar/data/1354457/0001354457-24-000354.txt
25-NSE	1626199	ALPINE IMMUNE SCIENCES, INC.	2024-05-20	edgar/data/1626199/0001354457-24-000354.txt
25-NSE	1809987	Mirion Technologies, Inc.	2024-05-20	edgar/data/1809987/0000876661-24-000370.txt
25-NSE	200406	JOHNSON & JOHNSON	2024-05-20	edgar/data/200406/0000876661-24-000368.txt
25-NSE	876661	NEW YORK STOCK EXCHANGE LLC	2024-05-20	edgar/data/876661/0000876661-24-000366.txt
25-NSE	876661	NEW YORK STOCK EXCHANGE LLC	2024-05-20	edgar/data/876661/0000876661-24-000368.txt
25-NSE	876661	NEW YORK STOCK EXCHANGE LLC	2024-05-20	edgar/data/876661/0000876661-24-000370.txt
25-NSE	920148	LABCORP HOLDINGS INC.	2024-05-20	edgar/data/920148/0000876661-24-000366.txt
25-NSE	1713748	Skeena Resources Ltd	2024-05-21	edgar/data/1713748/0000876661-24-000377.txt
25-NSE	1836176	Fathom Digital Manufacturing Corp	2024-05-21	edgar/data/1836176/0000876661-24-000372.txt
25-NSE	876661	NEW YORK STOCK EXCHANGE LLC	2024-05-21	edgar/data/876661/0000876661-24-000372.txt
25-NSE	876661	NEW YORK STOCK EXCHANGE LLC	2024-05-21	edgar/data/876661/0000876661-24-000377.txt
25-NSE	1143362	NYSE ARCA, INC.	2024-05-22	edgar/data/1143362/0001143362-24-000161.txt
25-NSE	1545440	Ultimus Managers Trust	2024-05-22	edgar/data/1545440/0001143362-24-000161.txt
25-NSE	32604	EMERSON ELECTRIC CO	2024-05-22	edgar/data/32604/0000876661-24-000382.txt
25-NSE	876661	NEW YORK STOCK EXCHANGE LLC	2024-05-22	edgar/data/876661/0000876661-24-000382.txt
15-12G	1823575	ZeroFox Holdings, Inc.	2024-05-23	edgar/data/1823575/0001193125-24-145519.txt
25-NSE	1354457	Nasdaq Stock Market LLC	2024-05-23	edgar/data/1354457/0001354457-24-000356.txt
25-NSE	1785345	Landos Biopharma, Inc.	2024-05-23	edgar/data/1785345/0001354457-24-000356.txt
25-NSE	1859639	Cazoo Group Ltd	2024-05-23	edgar/data/1859639/0000876661-24-000389.txt
25-NSE	876661	NEW YORK STOCK EXCHANGE LLC	2024-05-23	edgar/data/876661/0000876661-24-000386.txt
25-NSE	876661	NEW YORK STOCK EXCHANGE LLC	2024-05-23	edgar/data/876661/0000876661-24-000389.txt
25-NSE	93676	STARRETT L S CO	2024-05-23	edgar/data/93676/0000876661-24-000386.txt
15-12G	1059262	SP Plus Corp	2024-05-24	edgar/data/1059262/0001193125-24-147151.txt
15-12G	1600847	Gamida Cell Ltd.	2024-05-24	edgar/data/1600847/0001213900-24-046488.txt
15-12G	1811856	View, Inc.	2024-05-24	edgar/data/1811856/0001193125-24-146166.txt
15-12G	1893325	Screaming Eagle Acquisition Corp.	2024-05-24	edgar/data/1893325/0001193125-24-147037.txt
25-NSE	1089113	HSBC HOLDINGS PLC	2024-05-24	edgar/data/1089113/0000876661-24-000402.txt
25-NSE	1143362	NYSE ARCA, INC.	2024-05-24	edgar/data/1143362/0000876661-24-000404.txt
25-NSE	1143362	NYSE ARCA, INC.	2024-05-24	edgar/data/1143362/0000876661-24-000406.txt
25-NSE	1143362	NYSE ARCA, INC.	2024-05-24	edgar/data/1143362/0000876661-24-000408.txt
25-NSE	1143362	NYSE ARCA, INC.	2024-05-24	edgar/data/1143362/0001143362-24-000165.txt
25-NSE	1432353	Global X Funds	2024-05-24	edgar/data/1432353/0000876661-24-000404.txt
25-NSE	1452937	EXCHANGE TRADED CONCEPTS TRUST	2024-05-24	edgar/data/1452937/0000876661-24-000406.txt
25-NSE	1540305	ETF Series Solutions	2024-05-24	edgar/data/1540305/0000876661-24-000408.txt
25-NSE	19617	JPMORGAN CHASE & CO	2024-05-24	edgar/data/19617/0001143362-24-000165.txt
25-NSE	876661	NEW YORK STOCK EXCHANGE LLC	2024-05-24	edgar/data/876661/0000876661-24-000402.txt
25-NSE	876661	NEW YORK STOCK EXCHANGE LLC	2024-05-24	edgar/data/876661/0001143362-24-000167.txt
25-NSE	891478	Banco Santander, S.A.	2024-05-24	edgar/data/891478/0001143362-24-000167.txt
15-12G	846901	LAKELAND BANCORP INC	2024-05-28	edgar/data/846901/0001193125-24-148087.txt
15-12G	893691	MASONITE INTERNATIONAL CORP	2024-05-28	edgar/data/893691/0001193125-24-147557.txt
25-NSE	1534126	GasLog Ltd.	2024-05-28	edgar/data/1534126/0000876661-24-000412.txt
25-NSE	844150	NatWest Group plc	2024-05-28	edgar/data/844150/0000876661-24-000410.txt
25-NSE	876661	NEW YORK STOCK EXCHANGE LLC	2024-05-28	edgar/data/876661/0000876661-24-000410.txt
25-NSE	876661	NEW YORK STOCK EXCHANGE LLC	2024-05-28	edgar/data/876661/0000876661-24-000412.txt
15-12G	809248	CARROLS RESTAURANT GROUP, INC.	2024-05-29	edgar/data/809248/0000950142-24-001443.txt
25	1831313	TCW ETF Trust	2024-05-29	edgar/data/1831313/0001829126-24-003832.txt
25	1831313	TCW ETF Trust	2024-05-29	edgar/data/1831313/0001829126-24-003833.txt
25	947559	FIRST BANCSHARES INC /MS/	2024-05-29	edgar/data/947559/0000947559-24-000038.txt
15-12G	1421819	Hanjiao Group, Inc.	2024-05-30	edgar/data/1421819/0001683168-24-003874.txt
15-12G	1505155	Upland Software, Inc.	2024-05-30	edgar/data/1505155/0001505155-24-000045.txt
15-12G	1626199	ALPINE IMMUNE SCIENCES, INC.	2024-05-30	edgar/data/1626199/0001193125-24-149921.txt
15-12G	1832415	Better Therapeutics, Inc.	2024-05-30	edgar/data/1832415/0001193125-24-149381.txt
15-15D	1806152	CNH Equipment Trust 2020-A	2024-05-30	edgar/data/1806152/0001104659-24-066493.txt
15-15D	1814237	Nissan Auto Receivables 2020-B Owner Trust	2024-05-30	edgar/data/1814237/0001193125-24-150201.txt
25-NSE	1354457	Nasdaq Stock Market LLC	2024-05-30	edgar/data/1354457/0001354457-24-000361.txt
25-NSE	1354457	Nasdaq Stock Market LLC	2024-05-30	edgar/data/1354457/0001354457-24-000364.txt
25-NSE	1413329	Philip Morris International Inc.	2024-05-30	edgar/data/1413329/0000876661-24-000429.txt
25-NSE	1464790	B. Riley Financial, Inc.	2024-05-30	edgar/data/1464790/0001354457-24-000364.txt
25-NSE	1540305	ETF Series Solutions	2024-05-30	edgar/data/1540305/0000876661-24-000421.txt
25-NSE	1739614	Inhibrx, Inc.	2024-05-30	edgar/data/1739614/0001354457-24-000361.txt
25-NSE	1832136	Osiris Acquisition Corp.	2024-05-30	edgar/data/1832136/0000876661-24-000424.txt
25-NSE	876661	NEW YORK STOCK EXCHANGE LLC	2024-05-30	edgar/data/876661/0000876661-24-000421.txt
25-NSE	876661	NEW YORK STOCK EXCHANGE LLC	2024-05-30	edgar/data/876661/0000876661-24-000424.txt
25-NSE	876661	NEW YORK STOCK EXCHANGE LLC	2024-05-30	edgar/data/876661/0000876661-24-000429.txt
15-12G	1836176	Fathom Digital Manufacturing Corp	2024-05-31	edgar/data/1836176/0001193125-24-151698.txt
25	1839998	American Oncology Network, Inc.	2024-05-31	edgar/data/1839998/0001839998-24-000053.txt
25-NSE	1126874	ENERPLUS Corp	2024-05-31	edgar/data/1126874/0000876661-24-000436.txt
25-NSE	1354457	Nasdaq Stock Market LLC	2024-05-31	edgar/data/1354457/0001354457-24-000366.txt
25-NSE	1642545	Shockwave Medical, Inc.	2024-05-31	edgar/data/1642545/0001354457-24-000366.txt
25-NSE	876661	NEW YORK STOCK EXCHANGE LLC	2024-05-31	edgar/data/876661/0000876661-24-000436.txt
15-12G	1365388	High Sierra Technologies, Inc.	2024-06-03	edgar/data/1365388/0001548123-24-000079.txt
15-12G	1715268	Golub Capital BDC 3, Inc.	2024-06-03	edgar/data/1715268/0001104659-24-067850.txt
15-12G	1785345	Landos Biopharma, Inc.	2024-06-03	edgar/data/1785345/0001193125-24-152289.txt
15-12G	920148	LABCORP HOLDINGS INC.	2024-06-03	edgar/data/920148/0001193125-24-153236.txt
15-15D	1595710	Morgan Stanley Bank of America Merrill Lynch Trust 2014-C14	2024-06-03	edgar/data/1595710/0001888524-24-008432.txt
25	1851959	Concord Acquisition Corp II	2024-06-03	edgar/data/1851959/0001104659-24-067764.txt
25	773141	M.D.C. HOLDINGS, INC.	2024-06-03	edgar/data/773141/0000773141-24-000032.txt
25-NSE	1110805	NuStar Energy L.P.	2024-06-03	edgar/data/1110805/0000876661-24-000447.txt
25-NSE	1131399	GSK plc	2024-06-03	edgar/data/1131399/0000876661-24-000453.txt
25-NSE	1224544	GLAXOSMITHKLINE CAPITAL PLC	2024-06-03	edgar/data/1224544/0000876661-24-000455.txt
25-NSE	1261249	AGILE THERAPEUTICS INC	2024-06-03	edgar/data/1261249/0001354457-24-000378.txt
25-NSE	1294683	NuStar Logistics, L.P.	2024-06-03	edgar/data/1294683/0000876661-24-000457.txt
25-NSE	1354457	Nasdaq Stock Market LLC	2024-06-03	edgar/data/1354457/0001354457-24-000376.txt
25-NSE	1354457	Nasdaq Stock Market LLC	2024-06-03	edgar/data/1354457/0001354457-24-000377.txt
25-NSE	1354457	Nasdaq Stock Market LLC	2024-06-03	edgar/data/1354457/0001354457-24-000378.txt
25-NSE	1354457	Nasdaq Stock Market LLC	2024-06-03	edgar/data/1354457/0001354457-24-000379.txt
25-NSE	1354457	Nasdaq Stock Market LLC	2024-06-03	edgar/data/1354457/0001354457-24-000380.txt
25-NSE	1354457	Nasdaq Stock Market LLC	2024-06-03	edgar/data/1354457/0001354457-24-000381.txt
25-NSE	1354457	Nasdaq Stock Market LLC	2024-06-03	edgar/data/1354457/0001354457-24-000382.txt
25-NSE	1354457	Nasdaq Stock Market LLC	2024-06-03	edgar/data/1354457/0001354457-24-000383.txt
25-NSE	1372183	NextPlay Technologies Inc.	2024-06-03	edgar/data/1372183/0001354457-24-000379.txt
25-NSE	1437491	RiskOn International, Inc.	2024-06-03	edgar/data/1437491/0001354457-24-000376.txt
25-NSE	1551152	AbbVie Inc.	2024-06-03	edgar/data/1551152/0000876661-24-000445.txt
25-NSE	1634447	ISUN, INC.	2024-06-03	edgar/data/1634447/0001354457-24-000381.txt
25-NSE	1764046	CLARIVATE PLC	2024-06-03	edgar/data/1764046/0000876661-24-000449.txt
25-NSE	1844389	Ace Global Business Acquisition Ltd	2024-06-03	edgar/data/1844389/0001354457-24-000382.txt
25-NSE	1844392	Marpai, Inc.	2024-06-03	edgar/data/1844392/0001354457-24-000383.txt
25-NSE	1860484	Relativity Acquisition Corp	2024-06-03	edgar/data/1860484/0001354457-24-000380.txt
25-NSE	1879373	GRAPHJET TECHNOLOGY	2024-06-03	edgar/data/1879373/0001354457-24-000377.txt
25-NSE	876661	NEW YORK STOCK EXCHANGE LLC	2024-06-03	edgar/data/876661/0000876661-24-000445.txt
25-NSE	876661	NEW YORK STOCK EXCHANGE LLC	2024-06-03	edgar/data/876661/0000876661-24-000447.txt
25-NSE	876661	NEW YORK STOCK EXCHANGE LLC	2024-06-03	edgar/data/876661/0000876661-24-000449.txt
25-NSE	876661	NEW YORK STOCK EXCHANGE LLC	2024-06-03	edgar/data/876661/0000876661-24-000451.txt
25-NSE	876661	NEW YORK STOCK EXCHANGE LLC	2024-06-03	edgar/data/876661/0000876661-24-000453.txt
25-NSE	876661	NEW YORK STOCK EXCHANGE LLC	2024-06-03	edgar/data/876661/0000876661-24-000455.txt
25-NSE	876661	NEW YORK STOCK EXCHANGE LLC	2024-06-03	edgar/data/876661/0000876661-24-000457.txt
25-NSE	884614	UGI CORP /PA/	2024-06-03	edgar/data/884614/0000876661-24-000451.txt
15-12G	93676	STARRETT L S CO	2024-06-04	edgar/data/93676/0001437749-24-019146.txt
15-12G	945131	COMMUNICATIONS SYSTEMS INTERNATIONAL INC	2024-06-04	edgar/data/945131/0001477932-24-003475.txt
25-NSE	1354457	Nasdaq Stock Market LLC	2024-06-04	edgar/data/1354457/0001354457-24-000385.txt
25-NSE	901832	ASTRAZENECA PLC	2024-06-04	edgar/data/901832/0001354457-24-000385.txt
15-15D	1267425	BF Garden Tax Credit Fund V L.P.	2024-06-05	edgar/data/1267425/0001104659-24-068607.txt
15-15D	1267426	BCTC V ASSIGNOR CORP	2024-06-05	edgar/data/1267426/0001104659-24-068608.txt
25-NSE	1143362	NYSE ARCA, INC.	2024-06-05	edgar/data/1143362/0001143362-24-000174.txt
25-NSE	1354457	Nasdaq Stock Market LLC	2024-06-05	edgar/data/1354457/0001354457-24-000389.txt
25-NSE	1503123	DBX ETF TRUST	2024-06-05	edgar/data/1503123/0001143362-24-000174.txt
25-NSE	1805890	Fusion Pharmaceuticals Inc.	2024-06-05	edgar/data/1805890/0001354457-24-000389.txt
25-NSE	1950246	Metals Acquisition Ltd	2024-06-05	edgar/data/1950246/0000876661-24-000461.txt
25-NSE	876661	NEW YORK STOCK EXCHANGE LLC	2024-06-05	edgar/data/876661/0000876661-24-000461.txt
15-12G	1092570	FULLNET COMMUNICATIONS INC	2024-06-06	edgar/data/1092570/0001720088-24-000017.txt
15-15D	1572493	WFRBS Commercial Mortgage Trust 2013-C13	2024-06-06	edgar/data/1572493/0001888524-24-008438.txt
15-15D	1587980	WFRBS Commercial Mortgage Trust 2013-C17	2024-06-06	edgar/data/1587980/0001888524-24-008440.txt
25	1788257	BETTERWARE DE MEXICO, S.A.P.I. DE C.V	2024-06-06	edgar/data/1788257/0001213900-24-050379.txt
25-NSE	1143362	NYSE ARCA, INC.	2024-06-06	edgar/data/1143362/0001143362-24-000176.txt
25-NSE	1354457	Nasdaq Stock Market LLC	2024-06-06	edgar/data/1354457/0001354457-24-000395.txt
25-NSE	1683471	Listed Funds Trust	2024-06-06	edgar/data/1683471/0001143362-24-000176.txt
25-NSE	1690820	CARVANA CO.	2024-06-06	edgar/data/1690820/0000876661-24-000463.txt
25-NSE	1929231	Plutonian Acquisition Corp.	2024-06-06	edgar/data/1929231/0001354457-24-000395.txt
25-NSE	876661	NEW YORK STOCK EXCHANGE LLC	2024-06-06	edgar/data/876661/0000876661-24-000463.txt
15-12G	1534126	GasLog Ltd.	2024-06-07	edgar/data/1534126/0000950157-24-000855.txt
25	1094324	SIFY TECHNOLOGIES LTD	2024-06-07	edgar/data/1094324/0001575872-24-000640.txt
25-NSE	1354457	Nasdaq Stock Market LLC	2024-06-07	edgar/data/1354457/0001354457-24-000397.txt
25-NSE	1805012	Vitru Ltd	2024-06-07	edgar/data/1805012/0001354457-24-000397.txt
25-NSE	36104	US BANCORP \DE\	2024-06-07	edgar/data/36104/0000876661-24-000470.txt
25-NSE	876661	NEW YORK STOCK EXCHANGE LLC	2024-06-07	edgar/data/876661/0000876661-24-000470.txt
15-12G	1333835	Casa Systems Inc	2024-06-10	edgar/data/1333835/0001193125-24-157589.txt
15-12G	1437578	BRIGHT HORIZONS FAMILY SOLUTIONS INC.	2024-06-10	edgar/data/1437578/0001193125-24-158399.txt
15-12G	1532390	ALKALINE WATER Co INC	2024-06-10	edgar/data/1532390/0001683168-24-004078.txt
15-12G	1642545	Shockwave Medical, Inc.	2024-06-10	edgar/data/1642545/0001193125-24-158378.txt
15-12G	1739614	Inhibrx, Inc.	2024-06-10	edgar/data/1739614/0001193125-24-158437.txt
15F-12B	1091587	ABB LTD	2024-06-10	edgar/data/1091587/0001104659-24-069980.txt
15F-15D	1548132	ABB Finance (USA) Inc.	2024-06-10	edgar/data/1548132/0001104659-24-069983.txt
25-NSE	1770141	UpHealth, Inc.	2024-06-10	edgar/data/1770141/0000876661-24-000474.txt
25-NSE	1840292	Heliogen, Inc.	2024-06-10	edgar/data/1840292/0000876661-24-000476.txt
25-NSE	764764	CATERPILLAR FINANCIAL SERVICES CORP	2024-06-10	edgar/data/764764/0000876661-24-000472.txt
25-NSE	876661	NEW YORK STOCK EXCHANGE LLC	2024-06-10	edgar/data/876661/0000876661-24-000472.txt
25-NSE	876661	NEW YORK STOCK EXCHANGE LLC	2024-06-10	edgar/data/876661/0000876661-24-000474.txt
25-NSE	876661	NEW YORK STOCK EXCHANGE LLC	2024-06-10	edgar/data/876661/0000876661-24-000476.txt
15-12G	1392545	Lightning Gaming, Inc.	2024-06-11	edgar/data/1392545/0000890163-24-000013.txt
15-12G	1643542	Exsular Financial Group Inc.	2024-06-11	edgar/data/1643542/0001493152-24-023443.txt
15-12G	1813756	WeWork Inc.	2024-06-11	edgar/data/1813756/0001193125-24-159169.txt
15-12G	1832136	Osiris Acquisition Corp.	2024-06-11	edgar/data/1832136/0001104659-24-070093.txt
15-15D	1571371	Summit Materials, LLC	2024-06-11	edgar/data/1571371/0001104659-24-070379.txt
15-15D	1897660	BMW Vehicle Lease Trust 2022-1	2024-06-11	edgar/data/1897660/0000929638-24-002156.txt
15-15D	1951378	Qilun Group Inc.	2024-06-11	edgar/data/1951378/0001493152-24-023423.txt
25-NSE	1354457	Nasdaq Stock Market LLC	2024-06-11	edgar/data/1354457/0001354457-24-000399.txt
25-NSE	1654151	Deciphera Pharmaceuticals, Inc.	2024-06-11	edgar/data/1654151/0001354457-24-000399.txt
15-12G	1126874	ENERPLUS Corp	2024-06-12	edgar/data/1126874/0001193125-24-159589.txt
25-NSE	876661	NEW YORK STOCK EXCHANGE LLC	2024-06-12	edgar/data/876661/0000876661-24-000480.txt
25-NSE	927628	CAPITAL ONE FINANCIAL CORP	2024-06-12	edgar/data/927628/0000876661-24-000480.txt
15-12G	1110805	NuStar Energy L.P.	2024-06-13	edgar/data/1110805/0001193125-24-160697.txt
15-12G	773141	M.D.C. HOLDINGS, INC.	2024-06-13	edgar/data/773141/0000773141-24-000034.txt
15-15D	1604119	JPMBB Commercial Mortgage Securities Trust 2014-C19	2024-06-13	edgar/data/1604119/0001888524-24-008455.txt
25-NSE	1354457	Nasdaq Stock Market LLC	2024-06-13	edgar/data/1354457/0001354457-24-000404.txt
25-NSE	1606268	Via Renewables, Inc.	2024-06-13	edgar/data/1606268/0001354457-24-000404.txt
15-12G	1532390	ALKALINE WATER Co INC	2024-06-14	edgar/data/1532390/0001683168-24-004231.txt
25-NSE	1354457	Nasdaq Stock Market LLC	2024-06-14	edgar/data/1354457/0001354457-24-000406.txt
25-NSE	1354457	Nasdaq Stock Market LLC	2024-06-14	edgar/data/1354457/0001354457-24-000408.txt
25-NSE	1556748	Aon Corp	2024-06-14	edgar/data/1556748/0000876661-24-000485.txt
25-NSE	1645194	Legg Mason ETF Investment Trust	2024-06-14	edgar/data/1645194/0001354457-24-000408.txt
25-NSE	1856430	Snap One Holdings Corp.	2024-06-14	edgar/data/1856430/0001354457-24-000406.txt
25-NSE	315293	Aon plc	2024-06-14	edgar/data/315293/0000876661-24-000487.txt
25-NSE	38009	FORD MOTOR CREDIT CO LLC	2024-06-14	edgar/data/38009/0000876661-24-000483.txt
25-NSE	876661	NEW YORK STOCK EXCHANGE LLC	2024-06-14	edgar/data/876661/0000876661-24-000483.txt
25-NSE	876661	NEW YORK STOCK EXCHANGE LLC	2024-06-14	edgar/data/876661/0000876661-24-000485.txt
25-NSE	876661	NEW YORK STOCK EXCHANGE LLC	2024-06-14	edgar/data/876661/0000876661-24-000487.txt
15-12G	1805890	Fusion Pharmaceuticals Inc.	2024-06-17	edgar/data/1805890/0001193125-24-161987.txt
15F-12B	1805012	Vitru Ltd	2024-06-17	edgar/data/1805012/0000950103-24-008420.txt
25-NSE	1174169	ALGONQUIN POWER & UTILITIES CORP.	2024-06-17	edgar/data/1174169/0000876661-24-000491.txt
25-NSE	1354457	Nasdaq Stock Market LLC	2024-06-17	edgar/data/1354457/0001354457-24-000412.txt
25-NSE	1621221	ARTELO BIOSCIENCES, INC.	2024-06-17	edgar/data/1621221/0001354457-24-000412.txt
25-NSE	876661	NEW YORK STOCK EXCHANGE LLC	2024-06-17	edgar/data/876661/0000876661-24-000491.txt
15-15D	1807634	Santander Drive Auto Receivables Trust 2020-1	2024-06-18	edgar/data/1807634/0001193125-24-162814.txt
25-NSE	1087711	Santander UK plc	2024-06-18	edgar/data/1087711/0000876661-24-000494.txt
25-NSE	732712	VERIZON COMMUNICATIONS INC	2024-06-18	edgar/data/732712/0000876661-24-000495.txt
25-NSE	876661	NEW YORK STOCK EXCHANGE LLC	2024-06-18	edgar/data/876661/0000876661-24-000494.txt
25-NSE	876661	NEW YORK STOCK EXCHANGE LLC	2024-06-18	edgar/data/876661/0000876661-24-000495.txt
15-15D	1592706	SB/RH Holdings, LLC	2024-06-20	edgar/data/1592706/0001193125-24-164487.txt
25	1742912	Tidal ETF Trust	2024-06-20	edgar/data/1742912/0001999371-24-007593.txt
25	1742912	Tidal ETF Trust	2024-06-20	edgar/data/1742912/0001999371-24-007595.txt
25-NSE	1114446	UBS AG	2024-06-20	edgar/data/1114446/0000876661-24-000509.txt
25-NSE	1143362	NYSE ARCA, INC.	2024-06-20	edgar/data/1143362/0000876661-24-000509.txt
25-NSE	1354457	Nasdaq Stock Market LLC	2024-06-20	edgar/data/1354457/0001354457-24-000415.txt
25-NSE	1715768	Transphorm, Inc.	2024-06-20	edgar/data/1715768/0001354457-24-000415.txt
25-NSE	1803112	TDCX Inc.	2024-06-20	edgar/data/1803112/0000876661-24-000507.txt
25-NSE	38009	FORD MOTOR CREDIT CO LLC	2024-06-20	edgar/data/38009/0000876661-24-000505.txt
25-NSE	876661	NEW YORK STOCK EXCHANGE LLC	2024-06-20	edgar/data/876661/0000876661-24-000505.txt
25-NSE	876661	NEW YORK STOCK EXCHANGE LLC	2024-06-20	edgar/data/876661/0000876661-24-000507.txt
15-12G	1654151	Deciphera Pharmaceuticals, Inc.	2024-06-21	edgar/data/1654151/0001193125-24-165148.txt
25	1026214	FEDERAL HOME LOAN MORTGAGE CORP	2024-06-21	edgar/data/1026214/0001026214-24-000060.txt
25	1912582	Feutune Light Acquisition Corp	2024-06-21	edgar/data/1912582/0001213900-24-054737.txt
25-NSE	1354457	Nasdaq Stock Market LLC	2024-06-21	edgar/data/1354457/0001354457-24-000419.txt
25-NSE	1354457	Nasdaq Stock Market LLC	2024-06-21	edgar/data/1354457/0001354457-24-000420.txt
25-NSE	1354457	Nasdaq Stock Market LLC	2024-06-21	edgar/data/1354457/0001354457-24-000421.txt
25-NSE	1838672	AdTheorent Holding Company, Inc.	2024-06-21	edgar/data/1838672/0001354457-24-000421.txt
25-NSE	1907223	Redwoods Acquisition Corp.	2024-06-21	edgar/data/1907223/0001354457-24-000420.txt
25-NSE	1912582	Thunder Power Holdings, Inc.	2024-06-21	edgar/data/1912582/0001354457-24-000419.txt
15-12G	1856430	Snap One Holdings Corp.	2024-06-24	edgar/data/1856430/0001104659-24-074070.txt
15-12G	927628	CAPITAL ONE FINANCIAL CORP	2024-06-24	edgar/data/927628/0000950103-24-008701.txt
25-NSE	1143362	NYSE ARCA, INC.	2024-06-24	edgar/data/1143362/0001143362-24-000190.txt
25-NSE	1354457	Nasdaq Stock Market LLC	2024-06-24	edgar/data/1354457/0001354457-24-000422.txt
25-NSE	1587551	Capitol Series Trust	2024-06-24	edgar/data/1587551/0001143362-24-000190.txt
25-NSE	1864531	VSEE HEALTH, INC.	2024-06-24	edgar/data/1864531/0001354457-24-000422.txt
25-NSE	876661	NEW YORK STOCK EXCHANGE LLC	2024-06-24	edgar/data/876661/0000876661-24-000516.txt
25-NSE	906338	TARO PHARMACEUTICAL INDUSTRIES LTD	2024-06-24	edgar/data/906338/0000876661-24-000516.txt
15-12G	1551693	PROJECT SAGE OLDCO, INC.	2024-06-25	edgar/data/1551693/0001213900-24-055794.txt
15-12G	1606268	Via Renewables, Inc.	2024-06-25	edgar/data/1606268/0001654954-24-008182.txt
25-NSE	1862068	Rubicon Technologies, Inc.	2024-06-25	edgar/data/1862068/0000876661-24-000520.txt
25-NSE	876661	NEW YORK STOCK EXCHANGE LLC	2024-06-25	edgar/data/876661/0000876661-24-000520.txt
15-12G	1401708	NS Wind Down Co., Inc.	2024-06-26	edgar/data/1401708/0001401708-24-000162.txt
15-12G	1844389	Ace Global Business Acquisition Ltd	2024-06-26	edgar/data/1844389/0001213900-24-055918.txt
25-NSE	34088	EXXON MOBIL CORP	2024-06-26	edgar/data/34088/0000876661-24-000522.txt
25-NSE	876661	NEW YORK STOCK EXCHANGE LLC	2024-06-26	edgar/data/876661/0000876661-24-000522.txt
15-12G	1173281	NeuBase Therapeutics, Inc.	2024-06-27	edgar/data/1173281/0001104659-24-075760.txt
15-12G	1357671	Creatd, Inc.	2024-06-27	edgar/data/1357671/0001213900-24-056748.txt
15-15D	1808575	Hyundai Auto Receivables Trust 2020-A	2024-06-27	edgar/data/1808575/0001104659-24-075622.txt
15-15D	1814210	Toyota Auto Receivables 2020-C Owner Trust	2024-06-27	edgar/data/1814210/0000929638-24-002286.txt
25-NSE	1118417	MODEL N, INC.	2024-06-27	edgar/data/1118417/0000876661-24-000530.txt
25-NSE	876661	NEW YORK STOCK EXCHANGE LLC	2024-06-27	edgar/data/876661/0000876661-24-000530.txt
25-NSE	876661	NEW YORK STOCK EXCHANGE LLC	2024-06-27	edgar/data/876661/0000876661-24-000532.txt
25-NSE	891478	Banco Santander, S.A.	2024-06-27	edgar/data/891478/0000876661-24-000532.txt
15-12G	1174169	ALGONQUIN POWER & UTILITIES CORP.	2024-06-28	edgar/data/1174169/0001140361-24-031660.txt
15-12G	1463389	ATEL 14, LLC	2024-06-28	edgar/data/1463389/0001104659-24-075861.txt
15-12G	1519117	ATEL 15, LLC	2024-06-28	edgar/data/1519117/0001104659-24-075867.txt
15-12G	1765826	Blubuzzard, Inc.	2024-06-28	edgar/data/1765826/0001599916-24-000187.txt
15-12G	920990	METRO ONE TELECOMMUNICATIONS INC	2024-06-28	edgar/data/920990/0001477932-24-003950.txt
15-15D	1730430	Kiniksa Pharmaceuticals International, plc	2024-06-28	edgar/data/1730430/0001104659-24-076411.txt
25-NSE	1158420	Green Giant Inc.	2024-06-28	edgar/data/1158420/0001354457-24-000440.txt
25-NSE	1354457	Nasdaq Stock Market LLC	2024-06-28	edgar/data/1354457/0001354457-24-000439.txt
25-NSE	1354457	Nasdaq Stock Market LLC	2024-06-28	edgar/data/1354457/0001354457-24-000440.txt
25-NSE	1354457	Nasdaq Stock Market LLC	2024-06-28	edgar/data/1354457/0001354457-24-000441.txt
25-NSE	1354457	Nasdaq Stock Market LLC	2024-06-28	edgar/data/1354457/0001354457-24-000442.txt
25-NSE	1354457	Nasdaq Stock Market LLC	2024-06-28	edgar/data/1354457/0001354457-24-000443.txt
25-NSE	1354457	Nasdaq Stock Market LLC	2024-06-28	edgar/data/1354457/0001354457-24-000444.txt
25-NSE	1354457	Nasdaq Stock Market LLC	2024-06-28	edgar/data/1354457/0001354457-24-000445.txt
25-NSE	1354457	Nasdaq Stock Market LLC	2024-06-28	edgar/data/1354457/0001354457-24-000446.txt
25-NSE	1354457	Nasdaq Stock Market LLC	2024-06-28	edgar/data/1354457/0001354457-24-000447.txt
25-NSE	1354457	Nasdaq Stock Market LLC	2024-06-28	edgar/data/1354457/0001354457-24-000448.txt
25-NSE	1354457	Nasdaq Stock Market LLC	2024-06-28	edgar/data/1354457/0001354457-24-000449.txt
25-NSE	1354457	Nasdaq Stock Market LLC	2024-06-28	edgar/data/1354457/0001354457-24-000450.txt
25-NSE	1354457	Nasdaq Stock Market LLC	2024-06-28	edgar/data/1354457/0001354457-24-000451.txt
25-NSE	1354457	Nasdaq Stock Market LLC	2024-06-28	edgar/data/1354457/0001354457-24-000452.txt
25-NSE	1354457	Nasdaq Stock Market LLC	2024-06-28	edgar/data/1354457/0001354457-24-000453.txt
25-NSE	1495222	Oxford Lane Capital Corp.	2024-06-28	edgar/data/1495222/0001354457-24-000452.txt
25-NSE	1575434	Vericity, Inc.	2024-06-28	edgar/data/1575434/0001354457-24-000451.txt
25-NSE	1628945	Cue Health Inc.	2024-06-28	edgar/data/1628945/0001354457-24-000450.txt
25-NSE	1768946	Biophytis SA	2024-06-28	edgar/data/1768946/0001354457-24-000442.txt
25-NSE	1811109	Applied UV, Inc.	2024-06-28	edgar/data/1811109/0001354457-24-000446.txt
25-NSE	1819498	Twelve Seas Investment Co. II	2024-06-28	edgar/data/1819498/0001354457-24-000449.txt
25-NSE	1820877	Apartment Income REIT Corp.	2024-06-28	edgar/data/1820877/0000876661-24-000536.txt
25-NSE	1836100	Goal Acquisitions Corp.	2024-06-28	edgar/data/1836100/0001354457-24-000445.txt
25-NSE	1838108	RMG Acquisition Corp. III	2024-06-28	edgar/data/1838108/0001354457-24-000441.txt
25-NSE	1859285	HireRight Holdings Corp	2024-06-28	edgar/data/1859285/0000876661-24-000534.txt
25-NSE	1863460	PHP Ventures Acquisition Corp.	2024-06-28	edgar/data/1863460/0001354457-24-000439.txt
25-NSE	1882963	AIB Acquisition Corp	2024-06-28	edgar/data/1882963/0001354457-24-000444.txt
25-NSE	278165	OMNIQ Corp.	2024-06-28	edgar/data/278165/0001354457-24-000443.txt
25-NSE	730255	CalAmp Corp.	2024-06-28	edgar/data/730255/0001354457-24-000448.txt
25-NSE	811212	ThermoGenesis Holdings, Inc.	2024-06-28	edgar/data/811212/0001354457-24-000447.txt
25-NSE	876661	NEW YORK STOCK EXCHANGE LLC	2024-06-28	edgar/data/876661/0000876661-24-000534.txt
25-NSE	876661	NEW YORK STOCK EXCHANGE LLC	2024-06-28	edgar/data/876661/0000876661-24-000536.txt
25-NSE	98338	TSR INC	2024-06-28	edgar/data/98338/0001354457-24-000453.txt
15-12G	1715768	Transphorm, Inc.	2024-07-01	edgar/data/1715768/0001193125-24-172822.txt
15-12G	1800682	Cano Health, Inc.	2024-07-01	edgar/data/1800682/0001193125-24-172748.txt
15-12G	1803112	TDCX Inc.	2024-07-01	edgar/data/1803112/0001193125-24-172674.txt
15-12G	1838672	AdTheorent Holding Company, Inc.	2024-07-01	edgar/data/1838672/0001140361-24-031890.txt
25-NSE	1035976	FNCB Bancorp, Inc.	2024-07-01	edgar/data/1035976/0001354457-24-000459.txt
25-NSE	1143313	NYSE AMERICAN LLC	2024-07-01	edgar/data/1143313/0000876661-24-000541.txt
25-NSE	1143313	NYSE AMERICAN LLC	2024-07-01	edgar/data/1143313/0001143313-24-000058.txt
25-NSE	1354457	Nasdaq Stock Market LLC	2024-07-01	edgar/data/1354457/0001354457-24-000458.txt
25-NSE	1354457	Nasdaq Stock Market LLC	2024-07-01	edgar/data/1354457/0001354457-24-000459.txt
25-NSE	1354457	Nasdaq Stock Market LLC	2024-07-01	edgar/data/1354457/0001354457-24-000461.txt
25-NSE	1682220	Sachem Capital Corp.	2024-07-01	edgar/data/1682220/0000876661-24-000541.txt
25-NSE	1831270	Bite Acquisition Corp.	2024-07-01	edgar/data/1831270/0001143313-24-000058.txt
25-NSE	1878074	Blue World Acquisition Corp	2024-07-01	edgar/data/1878074/0001354457-24-000461.txt
25-NSE	806279	CODORUS VALLEY BANCORP INC	2024-07-01	edgar/data/806279/0001354457-24-000458.txt
25-NSE	876661	NEW YORK STOCK EXCHANGE LLC	2024-07-01	edgar/data/876661/0000876661-24-000539.txt
25-NSE	891478	Banco Santander, S.A.	2024-07-01	edgar/data/891478/0000876661-24-000539.txt
15-12G	1697834	Stem Holdings, Inc.	2024-07-02	edgar/data/1697834/0001493152-24-025901.txt
15-12G	719494	Inrad Optics, Inc.	2024-07-02	edgar/data/719494/0001104659-24-077108.txt
25-NSE	1354457	Nasdaq Stock Market LLC	2024-07-02	edgar/data/1354457/0001354457-24-000466.txt
25-NSE	1354457	Nasdaq Stock Market LLC	2024-07-02	edgar/data/1354457/0001354457-24-000467.txt
25-NSE	1354457	Nasdaq Stock Market LLC	2024-07-02	edgar/data/1354457/0001354457-24-000468.txt
25-NSE	1437352	EVERBRIDGE, INC.	2024-07-02	edgar/data/1437352/0001354457-24-000467.txt
25-NSE	1561894	Hannon Armstrong Sustainable Infrastructure Capital, Inc.	2024-07-02	edgar/data/1561894/0000876661-24-000548.txt
25-NSE	1850266	Akili, Inc.	2024-07-02	edgar/data/1850266/0001354457-24-000468.txt
25-NSE	1862993	AP Acquisition Corp	2024-07-02	edgar/data/1862993/0000876661-24-000546.txt
25-NSE	701374	Six Flags Entertainment Corp/OLD	2024-07-02	edgar/data/701374/0000876661-24-000551.txt
25-NSE	811532	CEDAR FAIR L P	2024-07-02	edgar/data/811532/0000876661-24-000552.txt
25-NSE	833444	Johnson Controls International plc	2024-07-02	edgar/data/833444/0000876661-24-000543.txt
25-NSE	850460	ENCORE WIRE CORP	2024-07-02	edgar/data/850460/0001354457-24-000466.txt
25-NSE	876661	NEW YORK STOCK EXCHANGE LLC	2024-07-02	edgar/data/876661/0000876661-24-000543.txt
25-NSE	876661	NEW YORK STOCK EXCHANGE LLC	2024-07-02	edgar/data/876661/0000876661-24-000546.txt
25-NSE	876661	NEW YORK STOCK EXCHANGE LLC	2024-07-02	edgar/data/876661/0000876661-24-000548.txt
25-NSE	876661	NEW YORK STOCK EXCHANGE LLC	2024-07-02	edgar/data/876661/0000876661-24-000551.txt
25-NSE	876661	NEW YORK STOCK EXCHANGE LLC	2024-07-02	edgar/data/876661/0000876661-24-000552.txt
15-12G	1353538	Appgate, Inc.	2024-07-03	edgar/data/1353538/0001628280-24-030984.txt
15F-12B	906338	TARO PHARMACEUTICAL INDUSTRIES LTD	2024-07-05	edgar/data/906338/0000947871-24-000591.txt
25-NSE	1143313	NYSE AMERICAN LLC	2024-07-05	edgar/data/1143313/0001143313-24-000060.txt
25-NSE	1505611	DecisionPoint Systems, Inc.	2024-07-05	edgar/data/1505611/0001143313-24-000060.txt
25-NSE	1634117	Barnes & Noble Education, Inc.	2024-07-05	edgar/data/1634117/0000876661-24-000556.txt
25-NSE	1828937	Finance of America Companies Inc.	2024-07-05	edgar/data/1828937/0000876661-24-000558.txt
25-NSE	876661	NEW YORK STOCK EXCHANGE LLC	2024-07-05	edgar/data/876661/0000876661-24-000556.txt
25-NSE	876661	NEW YORK STOCK EXCHANGE LLC	2024-07-05	edgar/data/876661/0000876661-24-000558.txt
15-12G	1118417	MODEL N, INC.	2024-07-08	edgar/data/1118417/0001193125-24-176289.txt
15-12G	1820877	Apartment Income REIT Corp.	2024-07-08	edgar/data/1820877/0001140361-24-032690.txt
15-12G	1859285	HireRight Holdings Corp	2024-07-08	edgar/data/1859285/0001140361-24-032649.txt
25-NSE	1143313	NYSE AMERICAN LLC	2024-07-08	edgar/data/1143313/0000876661-24-000563.txt
25-NSE	1354457	Nasdaq Stock Market LLC	2024-07-08	edgar/data/1354457/0001354457-24-000470.txt
25-NSE	1417835	Cboe BZX Exchange, Inc.	2024-07-08	edgar/data/1417835/0001417835-24-000109.txt
25-NSE	1732845	WestRock Co	2024-07-08	edgar/data/1732845/0000876661-24-000561.txt
25-NSE	1831979	Stardust Power Inc.	2024-07-08	edgar/data/1831979/0001354457-24-000470.txt
25-NSE	1848948	10X Capital Venture Acquisition Corp. III	2024-07-08	edgar/data/1848948/0000876661-24-000563.txt
25-NSE	1944285	Tema ETF Trust	2024-07-08	edgar/data/1944285/0001417835-24-000109.txt
25-NSE	876661	NEW YORK STOCK EXCHANGE LLC	2024-07-08	edgar/data/876661/0000876661-24-000561.txt
15-12G	1451448	ESPORTS ENTERTAINMENT GROUP, INC.	2024-07-09	edgar/data/1451448/0001493152-24-026661.txt
15-12G	98338	TSR INC	2024-07-09	edgar/data/98338/0001174947-24-000881.txt
25-NSE	1143362	NYSE ARCA, INC.	2024-07-09	edgar/data/1143362/0001143362-24-000208.txt
25-NSE	1160106	Lloyds Banking Group plc	2024-07-09	edgar/data/1160106/0000876661-24-000568.txt
25-NSE	1354457	Nasdaq Stock Market LLC	2024-07-09	edgar/data/1354457/0001354457-24-000472.txt
25-NSE	1479026	Goldman Sachs ETF Trust	2024-07-09	edgar/data/1479026/0001143362-24-000208.txt
25-NSE	1635984	National Western Life Group, Inc.	2024-07-09	edgar/data/1635984/0001354457-24-000472.txt
25-NSE	759944	CITIZENS FINANCIAL GROUP INC/RI	2024-07-09	edgar/data/759944/0000876661-24-000569.txt
25-NSE	876661	NEW YORK STOCK EXCHANGE LLC	2024-07-09	edgar/data/876661/0000876661-24-000568.txt
25-NSE	876661	NEW YORK STOCK EXCHANGE LLC	2024-07-09	edgar/data/876661/0000876661-24-000569.txt
15-12G	1156784	CarbonMeta Technologies, Inc.	2024-07-10	edgar/data/1156784/0001493152-24-026807.txt
15-15D	1812528	World Omni Auto Receivables Trust 2020-B	2024-07-10	edgar/data/1812528/0001104659-24-078744.txt
25-NSE	1101396	DELTA APPAREL, INC	2024-07-10	edgar/data/1101396/0001143313-24-000066.txt
25-NSE	1143313	NYSE AMERICAN LLC	2024-07-10	edgar/data/1143313/0001143313-24-000062.txt
25-NSE	1143313	NYSE AMERICAN LLC	2024-07-10	edgar/data/1143313/0001143313-24-000064.txt
25-NSE	1143313	NYSE AMERICAN LLC	2024-07-10	edgar/data/1143313/0001143313-24-000066.txt
25-NSE	1354457	Nasdaq Stock Market LLC	2024-07-10	edgar/data/1354457/0001354457-24-000477.txt
25-NSE	1823857	Viveon Health Acquisition Corp.	2024-07-10	edgar/data/1823857/0001143313-24-000064.txt
25-NSE	1835539	Olink Holding AB (publ)	2024-07-10	edgar/data/1835539/0001354457-24-000477.txt
25-NSE	1838293	Catcha Investment Corp	2024-07-10	edgar/data/1838293/0001143313-24-000062.txt
25-NSE	75208	OVERSEAS SHIPHOLDING GROUP INC	2024-07-10	edgar/data/75208/0000876661-24-000571.txt
25-NSE	876661	NEW YORK STOCK EXCHANGE LLC	2024-07-10	edgar/data/876661/0000876661-24-000571.txt
15-12G	806279	CODORUS VALLEY BANCORP INC	2024-07-11	edgar/data/806279/0001140361-24-032950.txt
25	911421	PARTNERRE LTD	2024-07-11	edgar/data/911421/0000911421-24-000031.txt
15-12G	1437352	EVERBRIDGE, INC.	2024-07-12	edgar/data/1437352/0001193125-24-178620.txt
15-12G	1575434	Vericity, Inc.	2024-07-12	edgar/data/1575434/0000899140-24-000713.txt
15-12G	1850266	Akili, Inc.	2024-07-12	edgar/data/1850266/0001140361-24-033077.txt
15-12G	1878074	Blue World Acquisition Corp	2024-07-12	edgar/data/1878074/0001213900-24-060799.txt
15-12G	701374	Six Flags Entertainment Corp/OLD	2024-07-12	edgar/data/701374/0001193125-24-178597.txt
15-12G	811532	CEDAR FAIR L P	2024-07-12	edgar/data/811532/0001193125-24-178606.txt
15-12G	850460	ENCORE WIRE CORP	2024-07-12	edgar/data/850460/0001104659-24-079339.txt
25-NSE	1354457	Nasdaq Stock Market LLC	2024-07-12	edgar/data/1354457/0001354457-24-000485.txt
25-NSE	1895249	Monterey Capital Acquisition Corp	2024-07-12	edgar/data/1895249/0001354457-24-000485.txt
15-12G	1035976	FNCB Bancorp, Inc.	2024-07-15	edgar/data/1035976/0001104659-24-079897.txt
15-12G	1343465	Sun Pacific Holding Corp.	2024-07-15	edgar/data/1343465/0001493152-24-027886.txt
15-12G	1505611	DecisionPoint Systems, Inc.	2024-07-15	edgar/data/1505611/0001213900-24-061373.txt
15-12G	1825590	SL Investment Corp.	2024-07-15	edgar/data/1825590/0001104659-24-079903.txt
15-15D	1840102	SPECIFICITY, INC.	2024-07-15	edgar/data/1840102/0001520138-24-000249.txt
25	1895249	Monterey Capital Acquisition Corp	2024-07-15	edgar/data/1895249/0001104659-24-079690.txt
25-NSE	1136893	Fidelity National Information Services, Inc.	2024-07-15	edgar/data/1136893/0000876661-24-000575.txt
25-NSE	1143313	NYSE AMERICAN LLC	2024-07-15	edgar/data/1143313/0001143313-24-000070.txt
25-NSE	1354457	Nasdaq Stock Market LLC	2024-07-15	edgar/data/1354457/0001354457-24-000486.txt
25-NSE	1503584	Costamare Inc.	2024-07-15	edgar/data/1503584/0000876661-24-000573.txt
25-NSE	1831006	BlueRiver Acquisition Corp.	2024-07-15	edgar/data/1831006/0001143313-24-000070.txt
25-NSE	24545	MOLSON COORS BEVERAGE CO	2024-07-15	edgar/data/24545/0000876661-24-000577.txt
25-NSE	711772	CAMBRIDGE BANCORP	2024-07-15	edgar/data/711772/0001354457-24-000486.txt
25-NSE	876661	NEW YORK STOCK EXCHANGE LLC	2024-07-15	edgar/data/876661/0000876661-24-000573.txt
25-NSE	876661	NEW YORK STOCK EXCHANGE LLC	2024-07-15	edgar/data/876661/0000876661-24-000575.txt
25-NSE	876661	NEW YORK STOCK EXCHANGE LLC	2024-07-15	edgar/data/876661/0000876661-24-000577.txt
15-12G	1421907	Trident Brands Inc	2024-07-16	edgar/data/1421907/0001477932-24-004242.txt
15-12G	1552189	PANACEA LIFE SCIENCES HOLDINGS, INC.	2024-07-16	edgar/data/1552189/0001493152-24-027901.txt
15-12G	1624517	Yuenglings Ice Cream Corp	2024-07-16	edgar/data/1624517/0001829126-24-004844.txt
15-15D	1813677	Drive Auto Receivables Trust 2020-2	2024-07-16	edgar/data/1813677/0001193125-24-179115.txt
15-15D	1814294	CarMax Auto Owner Trust 2020-3	2024-07-16	edgar/data/1814294/0001814294-24-000035.txt
15-15D	1816049	Santander Drive Auto Receivables Trust 2020-2	2024-07-16	edgar/data/1816049/0001193125-24-179327.txt
25-NSE	1354457	Nasdaq Stock Market LLC	2024-07-16	edgar/data/1354457/0001354457-24-000488.txt
25-NSE	1354457	Nasdaq Stock Market LLC	2024-07-16	edgar/data/1354457/0001354457-24-000489.txt
25-NSE	1826397	AGRIFORCE GROWING SYSTEMS LTD.	2024-07-16	edgar/data/1826397/0001354457-24-000489.txt
25-NSE	1849902	SEP Acquisition Corp.	2024-07-16	edgar/data/1849902/0001354457-24-000488.txt
15-12G	1732845	WestRock Co	2024-07-18	edgar/data/1732845/0001104659-24-080840.txt
15-15D	1636023	WRKCo Inc.	2024-07-18	edgar/data/1636023/0001104659-24-080850.txt
15-15D	1907939	WestRock MWV, LLC	2024-07-18	edgar/data/1907939/0001104659-24-080849.txt
15-15D	1908009	WestRock RKT, LLC	2024-07-18	edgar/data/1908009/0001104659-24-080847.txt
25	1845799	Cullman Bancorp, Inc. /MD/	2024-07-18	edgar/data/1845799/0000943374-24-000329.txt
25-NSE	1354457	Nasdaq Stock Market LLC	2024-07-18	edgar/data/1354457/0001354457-24-000492.txt
25-NSE	1354457	Nasdaq Stock Market LLC	2024-07-18	edgar/data/1354457/0001354457-24-000494.txt
25-NSE	1534525	Xenetic Biosciences, Inc.	2024-07-18	edgar/data/1534525/0001354457-24-000494.txt
25-NSE	1814329	Astra Space, Inc.	2024-07-18	edgar/data/1814329/0001354457-24-000492.txt
25-NSE	845877	FEDERAL AGRICULTURAL MORTGAGE CORP	2024-07-18	edgar/data/845877/0000876661-24-000582.txt
25-NSE	876661	NEW YORK STOCK EXCHANGE LLC	2024-07-18	edgar/data/876661/0000876661-24-000582.txt
15-12G	1635984	National Western Life Group, Inc.	2024-07-19	edgar/data/1635984/0001213900-24-062769.txt
25-NSE	1121702	YIELD10 BIOSCIENCE, INC.	2024-07-19	edgar/data/1121702/0001354457-24-000510.txt
25-NSE	1354457	Nasdaq Stock Market LLC	2024-07-19	edgar/data/1354457/0001354457-24-000508.txt
25-NSE	1354457	Nasdaq Stock Market LLC	2024-07-19	edgar/data/1354457/0001354457-24-000509.txt
25-NSE	1354457	Nasdaq Stock Market LLC	2024-07-19	edgar/data/1354457/0001354457-24-000510.txt
25-NSE	1354457	Nasdaq Stock Market LLC	2024-07-19	edgar/data/1354457/0001354457-24-000511.txt
25-NSE	1354457	Nasdaq Stock Market LLC	2024-07-19	edgar/data/1354457/0001354457-24-000512.txt
25-NSE	1354457	Nasdaq Stock Market LLC	2024-07-19	edgar/data/1354457/0001354457-24-000513.txt
25-NSE	1354457	Nasdaq Stock Market LLC	2024-07-19	edgar/data/1354457/0001354457-24-000514.txt
25-NSE	1354457	Nasdaq Stock Market LLC	2024-07-19	edgar/data/1354457/0001354457-24-000515.txt
25-NSE	1354457	Nasdaq Stock Market LLC	2024-07-19	edgar/data/1354457/0001354457-24-000516.txt
25-NSE	1354457	Nasdaq Stock Market LLC	2024-07-19	edgar/data/1354457/0001354457-24-000517.txt
25-NSE	1354457	Nasdaq Stock Market LLC	2024-07-19	edgar/data/1354457/0001354457-24-000518.txt
25-NSE	1394319	Tracon Pharmaceuticals, Inc.	2024-07-19	edgar/data/1394319/0001354457-24-000515.txt
25-NSE	1651944	DermTech, Inc.	2024-07-19	edgar/data/1651944/0001354457-24-000514.txt
25-NSE	1757143	Aesthetic Medical International Holdings Group Ltd	2024-07-19	edgar/data/1757143/0001354457-24-000511.txt
25-NSE	1817640	Breeze Holdings Acquisition Corp.	2024-07-19	edgar/data/1817640/0001354457-24-000512.txt
25-NSE	1821606	Priveterra Acquisition Corp. II	2024-07-19	edgar/data/1821606/0001354457-24-000509.txt
25-NSE	1823000	CONX Corp.	2024-07-19	edgar/data/1823000/0001354457-24-000508.txt
25-NSE	1825962	Quadro Acquisition One Corp.	2024-07-19	edgar/data/1825962/0001354457-24-000513.txt
25-NSE	1828522	eFFECTOR Therapeutics, Inc.	2024-07-19	edgar/data/1828522/0001354457-24-000516.txt
25-NSE	1867443	Canna-Global Acquisition Corp	2024-07-19	edgar/data/1867443/0001354457-24-000518.txt
25-NSE	38009	FORD MOTOR CREDIT CO LLC	2024-07-19	edgar/data/38009/0000876661-24-000584.txt
25-NSE	720875	DYNATRONICS CORP	2024-07-19	edgar/data/720875/0001354457-24-000517.txt
25-NSE	876661	NEW YORK STOCK EXCHANGE LLC	2024-07-19	edgar/data/876661/0000876661-24-000584.txt
15-12G	75208	OVERSEAS SHIPHOLDING GROUP INC	2024-07-22	edgar/data/75208/0001493152-24-028712.txt
15-15D	911421	PARTNERRE LTD	2024-07-22	edgar/data/911421/0000911421-24-000035.txt
15F-12B	1835539	Olink Holding AB (publ)	2024-07-22	edgar/data/1835539/0001104659-24-081559.txt
25	1850398	TC Bancshares, Inc.	2024-07-22	edgar/data/1850398/0001193125-24-182228.txt
25	351569	Ameris Bancorp	2024-07-22	edgar/data/351569/0000351569-24-000027.txt
25-NSE	1143362	NYSE ARCA, INC.	2024-07-22	edgar/data/1143362/0001143362-24-000219.txt
25-NSE	1318342	Investment Managers Series Trust	2024-07-22	edgar/data/1318342/0001143362-24-000219.txt
25-NSE	1494530	FIRST TRUST HIGH INCOME LONG/SHORT FUND	2024-07-22	edgar/data/1494530/0000876661-24-000587.txt
25-NSE	1502573	Apollo Senior Floating Rate Fund Inc.	2024-07-22	edgar/data/1502573/0000876661-24-000591.txt
25-NSE	1526697	Apollo Tactical Income Fund Inc.	2024-07-22	edgar/data/1526697/0000876661-24-000590.txt
25-NSE	1747009	Midstream Co LLC	2024-07-22	edgar/data/1747009/0000876661-24-000595.txt
25-NSE	1840776	Hagerty, Inc.	2024-07-22	edgar/data/1840776/0000876661-24-000593.txt
25-NSE	876661	NEW YORK STOCK EXCHANGE LLC	2024-07-22	edgar/data/876661/0000876661-24-000587.txt
25-NSE	876661	NEW YORK STOCK EXCHANGE LLC	2024-07-22	edgar/data/876661/0000876661-24-000590.txt
25-NSE	876661	NEW YORK STOCK EXCHANGE LLC	2024-07-22	edgar/data/876661/0000876661-24-000591.txt
25-NSE	876661	NEW YORK STOCK EXCHANGE LLC	2024-07-22	edgar/data/876661/0000876661-24-000593.txt
25-NSE	876661	NEW YORK STOCK EXCHANGE LLC	2024-07-22	edgar/data/876661/0000876661-24-000595.txt
25	1340243	MorphoSys AG	2024-07-25	edgar/data/1340243/0001193125-24-184823.txt
25-NSE	1017480	HIBBETT INC	2024-07-25	edgar/data/1017480/0001354457-24-000530.txt
25-NSE	1143362	NYSE ARCA, INC.	2024-07-25	edgar/data/1143362/0001143362-24-000227.txt
25-NSE	1169446	VALE OVERSEAS LTD	2024-07-25	edgar/data/1169446/0000876661-24-000603.txt
25-NSE	1354457	Nasdaq Stock Market LLC	2024-07-25	edgar/data/1354457/0001354457-24-000530.txt
25-NSE	1354457	Nasdaq Stock Market LLC	2024-07-25	edgar/data/1354457/0001354457-24-000532.txt
25-NSE	1357450	Hollysys Automation Technologies, Ltd.	2024-07-25	edgar/data/1357450/0001354457-24-000532.txt
25-NSE	876661	NEW YORK STOCK EXCHANGE LLC	2024-07-25	edgar/data/876661/0000876661-24-000603.txt
25-NSE	876661	NEW YORK STOCK EXCHANGE LLC	2024-07-25	edgar/data/876661/0000876661-24-000604.txt
25-NSE	917851	Vale S.A.	2024-07-25	edgar/data/917851/0000876661-24-000604.txt
25-NSE	927971	BANK OF MONTREAL /CAN/	2024-07-25	edgar/data/927971/0001143362-24-000227.txt
15-12G	711772	CAMBRIDGE BANCORP	2024-07-26	edgar/data/711772/0001193125-24-185737.txt
25-NSE	1143313	NYSE AMERICAN LLC	2024-07-26	edgar/data/1143313/0001143313-24-000074.txt
25-NSE	1354457	Nasdaq Stock Market LLC	2024-07-26	edgar/data/1354457/0001354457-24-000533.txt
25-NSE	1848948	10X Capital Venture Acquisition Corp. III	2024-07-26	edgar/data/1848948/0001143313-24-000074.txt
25-NSE	1924868	Tidal Trust II	2024-07-26	edgar/data/1924868/0001354457-24-000533.txt
15-12G	1814329	Astra Space, Inc.	2024-07-29	edgar/data/1814329/0001193125-24-187609.txt
15-12G	1845799	Cullman Bancorp, Inc. /MD/	2024-07-29	edgar/data/1845799/0000943374-24-000338.txt
25-NSE	1143313	NYSE AMERICAN LLC	2024-07-29	edgar/data/1143313/0001143313-24-000076.txt
25-NSE	1143362	NYSE ARCA, INC.	2024-07-29	edgar/data/1143362/0001143362-24-000231.txt
25-NSE	1354457	Nasdaq Stock Market LLC	2024-07-29	edgar/data/1354457/0001354457-24-000535.txt
25-NSE	1604738	Ashford Inc.	2024-07-29	edgar/data/1604738/0001143313-24-000076.txt
25-NSE	1847241	Project Energy Reimagined Acquisition Corp.	2024-07-29	edgar/data/1847241/0001354457-24-000535.txt
25-NSE	1954014	DriveWealth ETF Trust	2024-07-29	edgar/data/1954014/0001143362-24-000231.txt
15-12G	1828522	eFFECTOR Therapeutics, Inc.	2024-07-30	edgar/data/1828522/0001193125-24-188900.txt
15-15D	1637969	Entergy New Orleans Storm Recovery Funding I, L.L.C.	2024-07-30	edgar/data/1637969/0000065984-24-000086.txt
15-15D	1817669	GM Financial Consumer Automobile Receivables Trust 2020-3	2024-07-30	edgar/data/1817669/0001013762-24-002297.txt
25-NSE	1143362	NYSE ARCA, INC.	2024-07-30	edgar/data/1143362/0001143362-24-000234.txt
25-NSE	1143362	NYSE ARCA, INC.	2024-07-30	edgar/data/1143362/0001143362-24-000237.txt
25-NSE	1424958	Direxion Shares ETF Trust	2024-07-30	edgar/data/1424958/0001143362-24-000237.txt
25-NSE	1728860	Natixis ETF Trust II	2024-07-30	edgar/data/1728860/0001143362-24-000234.txt
25-NSE	351817	SILVERBOW RESOURCES, INC.	2024-07-30	edgar/data/351817/0000876661-24-000611.txt
25-NSE	876661	NEW YORK STOCK EXCHANGE LLC	2024-07-30	edgar/data/876661/0000876661-24-000611.txt
15-12G	1862993	AP Acquisition Corp	2024-07-31	edgar/data/1862993/0001104659-24-084095.txt
15-15D	1801390	AmeriCredit Automobile Receivables Trust 2020-1	2024-07-31	edgar/data/1801390/0001013762-24-002949.txt
15-15D	1813420	Mercedes-Benz Auto Receivables Trust 2020-1	2024-07-31	edgar/data/1813420/0000905148-24-002029.txt
25-NSE	1354457	Nasdaq Stock Market LLC	2024-07-31	edgar/data/1354457/0001354457-24-000539.txt
25-NSE	1354457	Nasdaq Stock Market LLC	2024-07-31	edgar/data/1354457/0001354457-24-000540.txt
25-NSE	1354457	Nasdaq Stock Market LLC	2024-07-31	edgar/data/1354457/0001354457-24-000541.txt
25-NSE	1354457	Nasdaq Stock Market LLC	2024-07-31	edgar/data/1354457/0001354457-24-000542.txt
25-NSE	1354457	Nasdaq Stock Market LLC	2024-07-31	edgar/data/1354457/0001354457-24-000543.txt
25-NSE	1572661	Principal Exchange-Traded Funds	2024-07-31	edgar/data/1572661/0001354457-24-000539.txt
25-NSE	1587987	NewtekOne, Inc.	2024-07-31	edgar/data/1587987/0001354457-24-000540.txt
25-NSE	1752036	California BanCorp	2024-07-31	edgar/data/1752036/0001354457-24-000543.txt
25-NSE	1838821	ARYA Sciences Acquisition Corp IV	2024-07-31	edgar/data/1838821/0001354457-24-000541.txt
25-NSE	1936702	Cetus Capital Acquisition Corp.	2024-07-31	edgar/data/1936702/0001354457-24-000542.txt
15-12G	1340122	Calumet Specialty Products Partners, L.P.	2024-08-01	edgar/data/1340122/0001193125-24-191642.txt
15-12G	1393540	IGEN NETWORKS CORP	2024-08-01	edgar/data/1393540/0001477932-24-004474.txt
15-12G	1747009	Midstream Co LLC	2024-08-01	edgar/data/1747009/0001104659-24-084595.txt
15-12G	1844793	Yo-Health Inc.	2024-08-01	edgar/data/1844793/0001096906-24-001617.txt
15-12G	1850398	TC Bancshares, Inc.	2024-08-01	edgar/data/1850398/0001193125-24-190762.txt
15-12G	1882963	AIB Acquisition Corp	2024-08-01	edgar/data/1882963/0001213900-24-064114.txt
15-12G	730255	CalAmp Corp.	2024-08-01	edgar/data/730255/0001193125-24-190520.txt
15-15D	1901711	GM Financial Automobile Leasing Trust 2022-1	2024-08-01	edgar/data/1901711/0001013762-24-003529.txt
25-NSE	1053584	MACATAWA BANK CORP	2024-08-01	edgar/data/1053584/0001354457-24-000547.txt
25-NSE	1143313	NYSE AMERICAN LLC	2024-08-01	edgar/data/1143313/0001143313-24-000079.txt
25-NSE	1143362	NYSE ARCA, INC.	2024-08-01	edgar/data/1143362/0001143362-24-000243.txt
25-NSE	1354457	Nasdaq Stock Market LLC	2024-08-01	edgar/data/1354457/0001354457-24-000547.txt
25-NSE	1354457	Nasdaq Stock Market LLC	2024-08-01	edgar/data/1354457/0001354457-24-000549.txt
25-NSE	1503123	DBX ETF TRUST	2024-08-01	edgar/data/1503123/0001143362-24-000243.txt
25-NSE	1524741	U.S. SILICA HOLDINGS, INC.	2024-08-01	edgar/data/1524741/0000876661-24-000615.txt
25-NSE	1549922	Summit Midstream Partners, LP	2024-08-01	edgar/data/1549922/0000876661-24-000617.txt
25-NSE	1600422	Superior Drilling Products, Inc.	2024-08-01	edgar/data/1600422/0001143313-24-000079.txt
25-NSE	1805387	Cerevel Therapeutics Holdings, Inc.	2024-08-01	edgar/data/1805387/0001354457-24-000549.txt
25-NSE	1832433	Ferguson (Jersey) Ltd	2024-08-01	edgar/data/1832433/0000876661-24-000619.txt
25-NSE	876661	NEW YORK STOCK EXCHANGE LLC	2024-08-01	edgar/data/876661/0000876661-24-000615.txt
25-NSE	876661	NEW YORK STOCK EXCHANGE LLC	2024-08-01	edgar/data/876661/0000876661-24-000617.txt
25-NSE	876661	NEW YORK STOCK EXCHANGE LLC	2024-08-01	edgar/data/876661/0000876661-24-000619.txt
25-NSE	1354457	Nasdaq Stock Market LLC	2024-08-02	edgar/data/1354457/0001354457-24-000551.txt
25-NSE	1852736	Tristar Acquisition I Corp.	2024-08-02	edgar/data/1852736/0000876661-24-000621.txt
25-NSE	876661	NEW YORK STOCK EXCHANGE LLC	2024-08-02	edgar/data/876661/0000876661-24-000621.txt
25-NSE	925741	BioCardia, Inc.	2024-08-02	edgar/data/925741/0001354457-24-000551.txt
15-12G	1017480	HIBBETT INC	2024-08-05	edgar/data/1017480/0001017480-24-000157.txt
15-12G	1437491	RiskOn International, Inc.	2024-08-05	edgar/data/1437491/0001214659-24-013810.txt
15-12G	1934064	ProSomnus, Inc.	2024-08-05	edgar/data/1934064/0001104659-24-085761.txt
25	1834045	Vintage Wine Estates, Inc.	2024-08-05	edgar/data/1834045/0001193125-24-194064.txt
25	857855	UNITED COMMUNITY BANKS INC	2024-08-05	edgar/data/857855/0001104659-24-085837.txt
25	928658	COVENANT LOGISTICS GROUP, INC.	2024-08-05	edgar/data/928658/0001008886-24-000279.txt
25-NSE	1354457	Nasdaq Stock Market LLC	2024-08-05	edgar/data/1354457/0001354457-24-000552.txt
25-NSE	1354457	Nasdaq Stock Market LLC	2024-08-05	edgar/data/1354457/0001354457-24-000553.txt
25-NSE	1753706	Whole Earth Brands, Inc.	2024-08-05	edgar/data/1753706/0001354457-24-000552.txt
25-NSE	1832950	Kernel Group Holdings, Inc.	2024-08-05	edgar/data/1832950/0001354457-24-000553.txt
25-NSE	1839608	Getaround, Inc	2024-08-05	edgar/data/1839608/0000876661-24-000623.txt
25-NSE	876661	NEW YORK STOCK EXCHANGE LLC	2024-08-05	edgar/data/876661/0000876661-24-000623.txt
15-12G	1357450	Hollysys Automation Technologies, Ltd.	2024-08-06	edgar/data/1357450/0001193125-24-194340.txt
15-12G	1814329	Astra Space, Inc.	2024-08-06	edgar/data/1814329/0001193125-24-194376.txt
15-12G	701985	Bath & Body Works, Inc.	2024-08-07	edgar/data/701985/0000950103-24-011863.txt
25-NSE	1096275	Worksport Ltd	2024-08-07	edgar/data/1096275/0001354457-24-000558.txt
25-NSE	1354457	Nasdaq Stock Market LLC	2024-08-07	edgar/data/1354457/0001354457-24-000558.txt
15-12G	1604738	Ashford Inc.	2024-08-08	edgar/data/1604738/0001104659-24-087351.txt
15-12G	1847241	Project Energy Reimagined Acquisition Corp.	2024-08-08	edgar/data/1847241/0001213900-24-066306.txt
15-12G	742112	INVACARE HOLDINGS Corp	2024-08-08	edgar/data/742112/0000742112-24-000031.txt
15-15D	742112	INVACARE HOLDINGS Corp	2024-08-08	edgar/data/742112/0000742112-24-000032.txt
25-NSE	1847112	TortoiseEcofin Acquisition Corp. III	2024-08-08	edgar/data/1847112/0000876661-24-000627.txt
25-NSE	795266	KB HOME	2024-08-08	edgar/data/795266/0000876661-24-000629.txt
25-NSE	876661	NEW YORK STOCK EXCHANGE LLC	2024-08-08	edgar/data/876661/0000876661-24-000627.txt
25-NSE	876661	NEW YORK STOCK EXCHANGE LLC	2024-08-08	edgar/data/876661/0000876661-24-000629.txt
15-12G	1631256	KBS Growth & Income REIT, Inc.	2024-08-09	edgar/data/1631256/0001193125-24-197851.txt
15-12G	1686850	Motus GI Holdings, Inc.	2024-08-09	edgar/data/1686850/0001493152-24-031073.txt
15-12G	351817	SILVERBOW RESOURCES, INC.	2024-08-09	edgar/data/351817/0001628280-24-036321.txt
25-NSE	1143313	NYSE AMERICAN LLC	2024-08-09	edgar/data/1143313/0001143313-24-000082.txt
25-NSE	724742	Trinity Place Holdings Inc.	2024-08-09	edgar/data/724742/0001143313-24-000082.txt
15-12G	1053584	MACATAWA BANK CORP	2024-08-12	edgar/data/1053584/0001104659-24-088206.txt
15-12G	1524741	U.S. SILICA HOLDINGS, INC.	2024-08-12	edgar/data/1524741/0001193125-24-198944.txt
15-12G	1549922	Summit Midstream Partners, LP	2024-08-12	edgar/data/1549922/0001213900-24-067667.txt
15-12G	1752036	California BanCorp	2024-08-12	edgar/data/1752036/0001493152-24-031294.txt
15-12G	1805387	Cerevel Therapeutics Holdings, Inc.	2024-08-12	edgar/data/1805387/0001193125-24-198363.txt
15-12G	1832433	Ferguson (Jersey) Ltd	2024-08-12	edgar/data/1832433/0001193125-24-198336.txt
15-12G	1838821	ARYA Sciences Acquisition Corp IV	2024-08-12	edgar/data/1838821/0001140361-24-036853.txt
15-12G	1852736	Tristar Acquisition I Corp.	2024-08-12	edgar/data/1852736/0001213900-24-067706.txt
25	1540305	ETF Series Solutions	2024-08-12	edgar/data/1540305/0000894189-24-004725.txt
25	1874474	Allego N.V.	2024-08-12	edgar/data/1874474/0001193125-24-198451.txt
15-12G	1008848	Acorda Therapeutics, Inc.	2024-08-13	edgar/data/1008848/0001193125-24-199373.txt
15-12G	1725134	Digital Media Solutions, Inc.	2024-08-13	edgar/data/1725134/0001213900-24-068287.txt
25-NSE	1100663	iSHARES TRUST	2024-08-13	edgar/data/1100663/0001354457-24-000562.txt
25-NSE	1354457	Nasdaq Stock Market LLC	2024-08-13	edgar/data/1354457/0001354457-24-000562.txt
25-NSE	1354457	Nasdaq Stock Market LLC	2024-08-13	edgar/data/1354457/0001354457-24-000564.txt
25-NSE	1354457	Nasdaq Stock Market LLC	2024-08-13	edgar/data/1354457/0001354457-24-000565.txt
25-NSE	1841125	Golden Arrow Merger Corp.	2024-08-13	edgar/data/1841125/0001354457-24-000564.txt
25-NSE	1851484	CITIUS ONCOLOGY, INC.	2024-08-13	edgar/data/1851484/0001354457-24-000565.txt
25-NSE	1396033	LL Flooring Holdings, Inc.	2024-08-14	edgar/data/1396033/0000876661-24-000763.txt
25-NSE	876661	NEW YORK STOCK EXCHANGE LLC	2024-08-14	edgar/data/876661/0000876661-24-000763.txt
15-12G	1753706	Whole Earth Brands, Inc.	2024-08-15	edgar/data/1753706/0001140361-24-037398.txt
25-NSE	1100663	iSHARES TRUST	2024-08-15	edgar/data/1100663/0001143362-24-000252.txt
25-NSE	1143313	NYSE AMERICAN LLC	2024-08-15	edgar/data/1143313/0001143313-24-000085.txt
25-NSE	1143362	NYSE ARCA, INC.	2024-08-15	edgar/data/1143362/0001143362-24-000252.txt
25-NSE	1275283	REYNOLDS AMERICAN INC	2024-08-15	edgar/data/1275283/0000876661-24-000796.txt
25-NSE	1303523	British American Tobacco p.l.c.	2024-08-15	edgar/data/1303523/0000876661-24-000786.txt
25-NSE	1354457	Nasdaq Stock Market LLC	2024-08-15	edgar/data/1354457/0001354457-24-000574.txt
25-NSE	1354457	Nasdaq Stock Market LLC	2024-08-15	edgar/data/1354457/0001354457-24-000575.txt
25-NSE	1643988	Loop Media, Inc.	2024-08-15	edgar/data/1643988/0001143313-24-000085.txt
25-NSE	1750625	B.A.T. International Finance p.l.c.	2024-08-15	edgar/data/1750625/0000876661-24-000794.txt
25-NSE	1750721	B.A.T Capital Corp	2024-08-15	edgar/data/1750721/0000876661-24-000784.txt
25-NSE	1750729	British American Tobacco Holdings (The Netherlands) B.V.	2024-08-15	edgar/data/1750729/0000876661-24-000788.txt
25-NSE	1750736	B.A.T. Netherlands Finance B.V.	2024-08-15	edgar/data/1750736/0000876661-24-000790.txt
25-NSE	1835416	Moringa Acquisition Corp	2024-08-15	edgar/data/1835416/0001354457-24-000575.txt
25-NSE	1844817	Armada Acquisition Corp. I	2024-08-15	edgar/data/1844817/0001354457-24-000574.txt
25-NSE	876661	NEW YORK STOCK EXCHANGE LLC	2024-08-15	edgar/data/876661/0000876661-24-000784.txt
25-NSE	876661	NEW YORK STOCK EXCHANGE LLC	2024-08-15	edgar/data/876661/0000876661-24-000786.txt
25-NSE	876661	NEW YORK STOCK EXCHANGE LLC	2024-08-15	edgar/data/876661/0000876661-24-000788.txt
25-NSE	876661	NEW YORK STOCK EXCHANGE LLC	2024-08-15	edgar/data/876661/0000876661-24-000790.txt
25-NSE	876661	NEW YORK STOCK EXCHANGE LLC	2024-08-15	edgar/data/876661/0000876661-24-000794.txt
25-NSE	876661	NEW YORK STOCK EXCHANGE LLC	2024-08-15	edgar/data/876661/0000876661-24-000796.txt
25	16732	CAMPBELL SOUP CO	2024-08-16	edgar/data/16732/0001193125-24-202140.txt
25	1725293	Grindrod Shipping Holdings Ltd.	2024-08-16	edgar/data/1725293/0001575872-24-000921.txt
25-NSE	1143313	NYSE AMERICAN LLC	2024-08-16	edgar/data/1143313/0001143362-24-000256.txt
25-NSE	1143362	NYSE ARCA, INC.	2024-08-16	edgar/data/1143362/0001143362-24-000254.txt
25-NSE	1309082	CAMBER ENERGY, INC.	2024-08-16	edgar/data/1309082/0001143362-24-000256.txt
25-NSE	1354457	Nasdaq Stock Market LLC	2024-08-16	edgar/data/1354457/0001354457-24-000577.txt
25-NSE	1417835	Cboe BZX Exchange, Inc.	2024-08-16	edgar/data/1417835/0001417835-24-000123.txt
25-NSE	1524513	iShares U.S. ETF Trust	2024-08-16	edgar/data/1524513/0001417835-24-000123.txt
25-NSE	1679363	Morphic Holding, Inc.	2024-08-16	edgar/data/1679363/0001354457-24-000577.txt
25-NSE	1761055	BlackRock ETF Trust	2024-08-16	edgar/data/1761055/0001143362-24-000254.txt
15-12G	1437476	Green Stream Holdings Inc.	2024-08-19	edgar/data/1437476/0001185185-24-000834.txt
15-12G	1834045	Vintage Wine Estates, Inc.	2024-08-19	edgar/data/1834045/0001193125-24-202806.txt
15-12G	795266	KB HOME	2024-08-19	edgar/data/795266/0000795266-24-000105.txt
25-NSE	1354457	Nasdaq Stock Market LLC	2024-08-19	edgar/data/1354457/0001354457-24-000582.txt
25-NSE	1828248	Churchill Capital Corp VII	2024-08-19	edgar/data/1828248/0001354457-24-000582.txt
25-NSE	1865407	Kensington Capital Acquisition Corp. V	2024-08-19	edgar/data/1865407/0000876661-24-000799.txt
25-NSE	876661	NEW YORK STOCK EXCHANGE LLC	2024-08-19	edgar/data/876661/0000876661-24-000799.txt
15-12G	1489588	Home Bistro, Inc. /NV/	2024-08-20	edgar/data/1489588/0001213900-24-071164.txt
15-12G	1781726	NP Life Sciences Health Industry Group Inc.	2024-08-21	edgar/data/1781726/0001493152-24-033422.txt
25-NSE	1143362	NYSE ARCA, INC.	2024-08-21	edgar/data/1143362/0001143362-24-000261.txt
25-NSE	1354457	Nasdaq Stock Market LLC	2024-08-21	edgar/data/1354457/0001354457-24-000584.txt
25-NSE	1924868	Tidal Trust II	2024-08-21	edgar/data/1924868/0001143362-24-000261.txt
25-NSE	701288	ATRION CORP	2024-08-21	edgar/data/701288/0001354457-24-000584.txt
25-NSE	1143313	NYSE AMERICAN LLC	2024-08-22	edgar/data/1143313/0001143313-24-000087.txt
25-NSE	876378	ASENSUS SURGICAL, INC.	2024-08-22	edgar/data/876378/0001143313-24-000087.txt
15-12G	1891791	TRANS GLOBAL GROUP, INC.	2024-08-23	edgar/data/1891791/0001213900-24-072021.txt
15-12G	1936702	Cetus Capital Acquisition Corp.	2024-08-23	edgar/data/1936702/0001493152-24-033714.txt
15-15D	1896511	ZKGC New Energy Ltd	2024-08-23	edgar/data/1896511/0001213900-24-072039.txt
25	1830210	Benson Hill, Inc.	2024-08-23	edgar/data/1830210/0001830210-24-000132.txt
25	1847577	Learn CW Investment Corp	2024-08-23	edgar/data/1847577/0001140361-24-038312.txt
15-12G	1679363	Morphic Holding, Inc.	2024-08-26	edgar/data/1679363/0001193125-24-206667.txt
15-12G	1725293	Grindrod Shipping Holdings Ltd.	2024-08-26	edgar/data/1725293/0001575872-24-000945.txt
15-12G	1835416	Moringa Acquisition Corp	2024-08-26	edgar/data/1835416/0001213900-24-072427.txt
15-12G	1844817	Armada Acquisition Corp. I	2024-08-26	edgar/data/1844817/0001193125-24-207105.txt
25-NSE	1929589	MariaDB plc	2024-08-26	edgar/data/1929589/0000876661-24-000803.txt
25-NSE	876661	NEW YORK STOCK EXCHANGE LLC	2024-08-26	edgar/data/876661/0000876661-24-000803.txt
25-NSE	1354457	Nasdaq Stock Market LLC	2024-08-27	edgar/data/1354457/0001354457-24-000594.txt
25-NSE	1855644	Zura Bio Ltd	2024-08-27	edgar/data/1855644/0001354457-24-000594.txt
15-12G	1828248	Churchill Capital Corp VII	2024-08-29	edgar/data/1828248/0001104659-24-095018.txt
15-12G	1865407	Kensington Capital Acquisition Corp. V	2024-08-29	edgar/data/1865407/0001193125-24-209590.txt
25-NSE	1537028	Independence Contract Drilling, Inc.	2024-08-29	edgar/data/1537028/0000876661-24-000806.txt
25-NSE	876661	NEW YORK STOCK EXCHANGE LLC	2024-08-29	edgar/data/876661/0000876661-24-000806.txt
15-12G	814549	EBIX INC	2024-08-30	edgar/data/814549/0001193125-24-211243.txt
25	1862935	Currenc Group Inc.	2024-08-30	edgar/data/1862935/0001493152-24-034503.txt
25-NSE	1837429	Brookfield Reinsurance Ltd.	2024-08-30	edgar/data/1837429/0000876661-24-000808.txt
25-NSE	876661	NEW YORK STOCK EXCHANGE LLC	2024-08-30	edgar/data/876661/0000876661-24-000808.txt
15-12G	1399306	BrewBilt Brewing Co	2024-09-03	edgar/data/1399306/0001399306-24-000013.txt
15-12G	701288	ATRION CORP	2024-09-03	edgar/data/701288/0001193125-24-211669.txt
15-12G	876378	ASENSUS SURGICAL, INC.	2024-09-03	edgar/data/876378/0001437749-24-028205.txt
25	1771146	ETF Opportunities Trust	2024-09-03	edgar/data/1771146/0001839882-24-027809.txt
25-NSE	1354457	Nasdaq Stock Market LLC	2024-09-04	edgar/data/1354457/0001354457-24-000612.txt
25-NSE	1701809	Virtus Convertible & Income 2024 Target Term Fund	2024-09-04	edgar/data/1701809/0000876661-24-000817.txt
25-NSE	876661	NEW YORK STOCK EXCHANGE LLC	2024-09-04	edgar/data/876661/0000876661-24-000811.txt
25-NSE	876661	NEW YORK STOCK EXCHANGE LLC	2024-09-04	edgar/data/876661/0000876661-24-000817.txt
25-NSE	926423	MIND TECHNOLOGY, INC	2024-09-04	edgar/data/926423/0001354457-24-000612.txt
25-NSE	949039	DIAMOND OFFSHORE DRILLING, INC.	2024-09-04	edgar/data/949039/0000876661-24-000811.txt
15-12G	1929589	MariaDB plc	2024-09-05	edgar/data/1929589/0001140361-24-040244.txt
25-NSE	1143362	NYSE ARCA, INC.	2024-09-05	edgar/data/1143362/0001143362-24-000270.txt
25-NSE	1591587	AssetMark Financial Holdings, Inc.	2024-09-05	edgar/data/1591587/0001143362-24-000272.txt
25-NSE	1644419	Northern Lights Fund Trust IV	2024-09-05	edgar/data/1644419/0001143362-24-000270.txt
25-NSE	876661	NEW YORK STOCK EXCHANGE LLC	2024-09-05	edgar/data/876661/0001143362-24-000272.txt
25	1555074	Altisource Asset Management Corp	2024-09-06	edgar/data/1555074/0001555074-24-000049.txt
25-NSE	1223389	CONNS INC	2024-09-06	edgar/data/1223389/0001354457-24-000657.txt
25-NSE	1275283	REYNOLDS AMERICAN INC	2024-09-06	edgar/data/1275283/0000876661-24-000825.txt
25-NSE	1303523	British American Tobacco p.l.c.	2024-09-06	edgar/data/1303523/0000876661-24-000822.txt
25-NSE	1354457	Nasdaq Stock Market LLC	2024-09-06	edgar/data/1354457/0001354457-24-000640.txt
25-NSE	1354457	Nasdaq Stock Market LLC	2024-09-06	edgar/data/1354457/0001354457-24-000641.txt
25-NSE	1354457	Nasdaq Stock Market LLC	2024-09-06	edgar/data/1354457/0001354457-24-000642.txt
25-NSE	1354457	Nasdaq Stock Market LLC	2024-09-06	edgar/data/1354457/0001354457-24-000643.txt
25-NSE	1354457	Nasdaq Stock Market LLC	2024-09-06	edgar/data/1354457/0001354457-24-000644.txt
25-NSE	1354457	Nasdaq Stock Market LLC	2024-09-06	edgar/data/1354457/0001354457-24-000645.txt
25-NSE	1354457	Nasdaq Stock Market LLC	2024-09-06	edgar/data/1354457/0001354457-24-000646.txt
25-NSE	1354457	Nasdaq Stock Market LLC	2024-09-06	edgar/data/1354457/0001354457-24-000647.txt
25-NSE	1354457	Nasdaq Stock Market LLC	2024-09-06	edgar/data/1354457/0001354457-24-000648.txt
25-NSE	1354457	Nasdaq Stock Market LLC	2024-09-06	edgar/data/1354457/0001354457-24-000649.txt
25-NSE	1354457	Nasdaq Stock Market LLC	2024-09-06	edgar/data/1354457/0001354457-24-000650.txt
25-NSE	1354457	Nasdaq Stock Market LLC	2024-09-06	edgar/data/1354457/0001354457-24-000651.txt
25-NSE	1354457	Nasdaq Stock Market LLC	2024-09-06	edgar/data/1354457/0001354457-24-000652.txt
25-NSE	1354457	Nasdaq Stock Market LLC	2024-09-06	edgar/data/1354457/0001354457-24-000653.txt
25-NSE	1354457	Nasdaq Stock Market LLC	2024-09-06	edgar/data/1354457/0001354457-24-000654.txt
25-NSE	1354457	Nasdaq Stock Market LLC	2024-09-06	edgar/data/1354457/0001354457-24-000655.txt
25-NSE	1354457	Nasdaq Stock Market LLC	2024-09-06	edgar/data/1354457/0001354457-24-000656.txt
25-NSE	1354457	Nasdaq Stock Market LLC	2024-09-06	edgar/data/1354457/0001354457-24-000657.txt
25-NSE	1354457	Nasdaq Stock Market LLC	2024-09-06	edgar/data/1354457/0001354457-24-000658.txt
25-NSE	1354457	Nasdaq Stock Market LLC	2024-09-06	edgar/data/1354457/0001354457-24-000659.txt
25-NSE	1354457	Nasdaq Stock Market LLC	2024-09-06	edgar/data/1354457/0001354457-24-000660.txt
25-NSE	1354457	Nasdaq Stock Market LLC	2024-09-06	edgar/data/1354457/0001354457-24-000661.txt
25-NSE	1459417	2U, Inc.	2024-09-06	edgar/data/1459417/0001354457-24-000658.txt
25-NSE	1512922	PetVivo Holdings, Inc.	2024-09-06	edgar/data/1512922/0001354457-24-000642.txt
25-NSE	1538210	NexImmune, Inc.	2024-09-06	edgar/data/1538210/0001354457-24-000653.txt
25-NSE	1561566	QIWI	2024-09-06	edgar/data/1561566/0001354457-24-000655.txt
25-NSE	1563577	Galera Therapeutics, Inc.	2024-09-06	edgar/data/1563577/0001354457-24-000643.txt
25-NSE	1679063	Chicken Soup for the Soul Entertainment, Inc.	2024-09-06	edgar/data/1679063/0001354457-24-000651.txt
25-NSE	1722926	ASLAN Pharmaceuticals Ltd	2024-09-06	edgar/data/1722926/0001354457-24-000656.txt
25-NSE	1750625	B.A.T. International Finance p.l.c.	2024-09-06	edgar/data/1750625/0000876661-24-000829.txt
25-NSE	1750721	B.A.T Capital Corp	2024-09-06	edgar/data/1750721/0000876661-24-000831.txt
25-NSE	1750736	B.A.T. Netherlands Finance B.V.	2024-09-06	edgar/data/1750736/0000876661-24-000827.txt
25-NSE	1784851	Shapeways Holdings, Inc.	2024-09-06	edgar/data/1784851/0001354457-24-000654.txt
25-NSE	1817232	Global Gas Corp	2024-09-06	edgar/data/1817232/0001354457-24-000648.txt
25-NSE	1822145	Presto Automation Inc.	2024-09-06	edgar/data/1822145/0001354457-24-000660.txt
25-NSE	1829953	Corner Growth Acquisition Corp.	2024-09-06	edgar/data/1829953/0001354457-24-000649.txt
25-NSE	1838000	Clean Energy Special Situations Corp.	2024-09-06	edgar/data/1838000/0001354457-24-000644.txt
25-NSE	1844507	Achari Ventures Holdings Corp. I	2024-09-06	edgar/data/1844507/0001354457-24-000641.txt
25-NSE	1846235	International Media Acquisition Corp.	2024-09-06	edgar/data/1846235/0001354457-24-000659.txt
25-NSE	1846750	Zalatoris Acquisition Corp.	2024-09-06	edgar/data/1846750/0000876661-24-000833.txt
25-NSE	1855631	AERWINS Technologies Inc.	2024-09-06	edgar/data/1855631/0001354457-24-000646.txt
25-NSE	1865127	Lucy Scientific Discovery, Inc.	2024-09-06	edgar/data/1865127/0001354457-24-000650.txt
25-NSE	1865248	Capitalworks Emerging Markets Acquisition Corp	2024-09-06	edgar/data/1865248/0001354457-24-000645.txt
25-NSE	1880151	Liberty Resources Acquisition Corp.	2024-09-06	edgar/data/1880151/0001354457-24-000640.txt
25-NSE	51143	INTERNATIONAL BUSINESS MACHINES CORP	2024-09-06	edgar/data/51143/0000876661-24-000820.txt
25-NSE	764195	VBI Vaccines Inc/BC	2024-09-06	edgar/data/764195/0001354457-24-000661.txt
25-NSE	811240	BIOLASE, INC	2024-09-06	edgar/data/811240/0001354457-24-000647.txt
25-NSE	837852	IDEANOMICS, INC.	2024-09-06	edgar/data/837852/0001354457-24-000652.txt
25-NSE	876661	NEW YORK STOCK EXCHANGE LLC	2024-09-06	edgar/data/876661/0000876661-24-000820.txt
25-NSE	876661	NEW YORK STOCK EXCHANGE LLC	2024-09-06	edgar/data/876661/0000876661-24-000822.txt
25-NSE	876661	NEW YORK STOCK EXCHANGE LLC	2024-09-06	edgar/data/876661/0000876661-24-000825.txt
25-NSE	876661	NEW YORK STOCK EXCHANGE LLC	2024-09-06	edgar/data/876661/0000876661-24-000827.txt
25-NSE	876661	NEW YORK STOCK EXCHANGE LLC	2024-09-06	edgar/data/876661/0000876661-24-000829.txt
25-NSE	876661	NEW YORK STOCK EXCHANGE LLC	2024-09-06	edgar/data/876661/0000876661-24-000831.txt
25-NSE	876661	NEW YORK STOCK EXCHANGE LLC	2024-09-06	edgar/data/876661/0000876661-24-000833.txt
15F-12B	1572621	AENZA S.A.A.	2024-09-09	edgar/data/1572621/0001193125-24-215955.txt
25-NSE	1354457	Nasdaq Stock Market LLC	2024-09-09	edgar/data/1354457/0001354457-24-000664.txt
25-NSE	1488775	ClearBridge MLP & Midstream Fund Inc.	2024-09-09	edgar/data/1488775/0000876661-24-000837.txt
25-NSE	1547341	ClearBridge MLP & Midstream Total Return Fund Inc.	2024-09-09	edgar/data/1547341/0000876661-24-000836.txt
25-NSE	1560385	Liberty Media Corp	2024-09-09	edgar/data/1560385/0001354457-24-000664.txt
25-NSE	55785	KIMBERLY CLARK CORP	2024-09-09	edgar/data/55785/0000876661-24-000839.txt
25-NSE	876661	NEW YORK STOCK EXCHANGE LLC	2024-09-09	edgar/data/876661/0000876661-24-000836.txt
25-NSE	876661	NEW YORK STOCK EXCHANGE LLC	2024-09-09	edgar/data/876661/0000876661-24-000837.txt
25-NSE	876661	NEW YORK STOCK EXCHANGE LLC	2024-09-09	edgar/data/876661/0000876661-24-000839.txt
15-12G	908937	SIRIUS XM HOLDINGS INC.	2024-09-10	edgar/data/908937/0001104659-24-098268.txt
25-NSE	1143362	NYSE ARCA, INC.	2024-09-10	edgar/data/1143362/0001143362-24-000280.txt
25-NSE	1354457	Nasdaq Stock Market LLC	2024-09-10	edgar/data/1354457/0001354457-24-000668.txt
25-NSE	1633061	Amplify ETF Trust	2024-09-10	edgar/data/1633061/0001143362-24-000280.txt
25-NSE	1835512	Terran Orbital Corp	2024-09-10	edgar/data/1835512/0000876661-24-000841.txt
25-NSE	1861622	Jet.AI Inc.	2024-09-10	edgar/data/1861622/0001354457-24-000668.txt
25-NSE	768835	BIG LOTS INC	2024-09-10	edgar/data/768835/0000876661-24-000843.txt
25-NSE	876661	NEW YORK STOCK EXCHANGE LLC	2024-09-10	edgar/data/876661/0000876661-24-000841.txt
25-NSE	876661	NEW YORK STOCK EXCHANGE LLC	2024-09-10	edgar/data/876661/0000876661-24-000843.txt
15-15D	1601617	WFRBS Commercial Mortgage Trust 2014-C19	2024-09-11	edgar/data/1601617/0001888524-24-013092.txt
25-NSE	312069	BARCLAYS PLC	2024-09-11	edgar/data/312069/0000876661-24-000845.txt
25-NSE	876661	NEW YORK STOCK EXCHANGE LLC	2024-09-11	edgar/data/876661/0000876661-24-000845.txt
15-12G	1865852	Keypath Education International, Inc.	2024-09-12	edgar/data/1865852/0001213900-24-077893.txt
15-12G	1883083	GPL Holdings, Inc.	2024-09-12	edgar/data/1883083/0001882781-24-000022.txt
25-NSE	1354457	Nasdaq Stock Market LLC	2024-09-12	edgar/data/1354457/0001354457-24-000673.txt
25-NSE	1830214	Ginkgo Bioworks Holdings, Inc.	2024-09-12	edgar/data/1830214/0000876661-24-000850.txt
25-NSE	1847584	WalkMe Ltd.	2024-09-12	edgar/data/1847584/0001354457-24-000673.txt
25-NSE	876661	NEW YORK STOCK EXCHANGE LLC	2024-09-12	edgar/data/876661/0000876661-24-000847.txt
25-NSE	876661	NEW YORK STOCK EXCHANGE LLC	2024-09-12	edgar/data/876661/0000876661-24-000850.txt
25-NSE	97745	THERMO FISHER SCIENTIFIC INC.	2024-09-12	edgar/data/97745/0000876661-24-000847.txt
15-12G	1847112	TortoiseEcofin Acquisition Corp. III	2024-09-13	edgar/data/1847112/0001193125-24-218831.txt
15-12G	766404	MULTI SOFT II, INC	2024-09-13	edgar/data/766404/0000766404-24-000008.txt
25	1795579	Calliditas Therapeutics AB	2024-09-13	edgar/data/1795579/0001104659-24-099798.txt
25-NSE	1143362	NYSE ARCA, INC.	2024-09-13	edgar/data/1143362/0001143362-24-000285.txt
25-NSE	1354457	Nasdaq Stock Market LLC	2024-09-13	edgar/data/1354457/0001354457-24-000678.txt
25-NSE	1683471	Listed Funds Trust	2024-09-13	edgar/data/1683471/0001143362-24-000285.txt
25-NSE	1950429	99 Acquisition Group Inc.	2024-09-13	edgar/data/1950429/0001354457-24-000678.txt
15-12G	1555074	Altisource Asset Management Corp	2024-09-16	edgar/data/1555074/0001555074-24-000061.txt
15-12G	1591587	AssetMark Financial Holdings, Inc.	2024-09-16	edgar/data/1591587/0001591587-24-000085.txt
15-12G	949039	DIAMOND OFFSHORE DRILLING, INC.	2024-09-16	edgar/data/949039/0000950142-24-002376.txt
25-NSE	1143362	NYSE ARCA, INC.	2024-09-16	edgar/data/1143362/0001143362-24-000289.txt
25-NSE	1267602	ALIMERA SCIENCES INC	2024-09-16	edgar/data/1267602/0001354457-24-000679.txt
25-NSE	1281761	REGIONS FINANCIAL CORP	2024-09-16	edgar/data/1281761/0000876661-24-000853.txt
25-NSE	1354457	Nasdaq Stock Market LLC	2024-09-16	edgar/data/1354457/0001354457-24-000679.txt
25-NSE	1354457	Nasdaq Stock Market LLC	2024-09-16	edgar/data/1354457/0001354457-24-000682.txt
25-NSE	1771146	ETF Opportunities Trust	2024-09-16	edgar/data/1771146/0001143362-24-000289.txt
25-NSE	1854587	Cellebrite DI Ltd.	2024-09-16	edgar/data/1854587/0001354457-24-000682.txt
25-NSE	5272	AMERICAN INTERNATIONAL GROUP, INC.	2024-09-16	edgar/data/5272/0001143362-24-000291.txt
25-NSE	876661	NEW YORK STOCK EXCHANGE LLC	2024-09-16	edgar/data/876661/0000876661-24-000853.txt
25-NSE	876661	NEW YORK STOCK EXCHANGE LLC	2024-09-16	edgar/data/876661/0001143362-24-000291.txt
25-NSE	1354457	Nasdaq Stock Market LLC	2024-09-17	edgar/data/1354457/0001354457-24-000683.txt
25-NSE	1354457	Nasdaq Stock Market LLC	2024-09-17	edgar/data/1354457/0001354457-24-000684.txt
25-NSE	1397702	Silk Road Medical Inc	2024-09-17	edgar/data/1397702/0001354457-24-000684.txt
25-NSE	1840317	Plum Acquisition Corp. I	2024-09-17	edgar/data/1840317/0001354457-24-000683.txt
25-NSE	1143313	NYSE AMERICAN LLC	2024-09-18	edgar/data/1143313/0001143313-24-000091.txt
25-NSE	1172222	HAWAIIAN HOLDINGS INC	2024-09-18	edgar/data/1172222/0001354457-24-000688.txt
25-NSE	1354457	Nasdaq Stock Market LLC	2024-09-18	edgar/data/1354457/0001354457-24-000687.txt
25-NSE	1354457	Nasdaq Stock Market LLC	2024-09-18	edgar/data/1354457/0001354457-24-000688.txt
25-NSE	1354457	Nasdaq Stock Market LLC	2024-09-18	edgar/data/1354457/0001354457-24-000689.txt
25-NSE	1560241	G1 Therapeutics, Inc.	2024-09-18	edgar/data/1560241/0001354457-24-000689.txt
25-NSE	1853070	Volato Group, Inc.	2024-09-18	edgar/data/1853070/0001143313-24-000091.txt
25-NSE	1930313	SBC Medical Group Holdings Inc	2024-09-18	edgar/data/1930313/0001354457-24-000687.txt
15-12G	1822145	Presto Automation Inc.	2024-09-19	edgar/data/1822145/0001213900-24-080267.txt
25-NSE	1521332	Aptiv PLC	2024-09-19	edgar/data/1521332/0000876661-24-000860.txt
25-NSE	1543199	Aptiv Corp	2024-09-19	edgar/data/1543199/0000876661-24-000862.txt
25-NSE	1909799	Aptiv Global Financing Designated Activity Co	2024-09-19	edgar/data/1909799/0000876661-24-000864.txt
25-NSE	876661	NEW YORK STOCK EXCHANGE LLC	2024-09-19	edgar/data/876661/0000876661-24-000860.txt
25-NSE	876661	NEW YORK STOCK EXCHANGE LLC	2024-09-19	edgar/data/876661/0000876661-24-000862.txt
25-NSE	876661	NEW YORK STOCK EXCHANGE LLC	2024-09-19	edgar/data/876661/0000876661-24-000864.txt
15-12G	1288750	Timberline Resources Corp	2024-09-20	edgar/data/1288750/0001140361-24-041559.txt
25	1850079	Telesis Bio Inc.	2024-09-20	edgar/data/1850079/0001193125-24-222980.txt
25-NSE	1020425	LITMAN GREGORY FUNDS TRUST	2024-09-20	edgar/data/1020425/0001143362-24-000294.txt
25-NSE	1075531	Booking Holdings Inc.	2024-09-20	edgar/data/1075531/0001354457-24-000713.txt
25-NSE	1143362	NYSE ARCA, INC.	2024-09-20	edgar/data/1143362/0001143362-24-000294.txt
25-NSE	1354457	Nasdaq Stock Market LLC	2024-09-20	edgar/data/1354457/0001354457-24-000702.txt
25-NSE	1354457	Nasdaq Stock Market LLC	2024-09-20	edgar/data/1354457/0001354457-24-000703.txt
25-NSE	1354457	Nasdaq Stock Market LLC	2024-09-20	edgar/data/1354457/0001354457-24-000704.txt
25-NSE	1354457	Nasdaq Stock Market LLC	2024-09-20	edgar/data/1354457/0001354457-24-000705.txt
25-NSE	1354457	Nasdaq Stock Market LLC	2024-09-20	edgar/data/1354457/0001354457-24-000706.txt
25-NSE	1354457	Nasdaq Stock Market LLC	2024-09-20	edgar/data/1354457/0001354457-24-000707.txt
25-NSE	1354457	Nasdaq Stock Market LLC	2024-09-20	edgar/data/1354457/0001354457-24-000708.txt
25-NSE	1354457	Nasdaq Stock Market LLC	2024-09-20	edgar/data/1354457/0001354457-24-000709.txt
25-NSE	1354457	Nasdaq Stock Market LLC	2024-09-20	edgar/data/1354457/0001354457-24-000710.txt
25-NSE	1354457	Nasdaq Stock Market LLC	2024-09-20	edgar/data/1354457/0001354457-24-000711.txt
25-NSE	1354457	Nasdaq Stock Market LLC	2024-09-20	edgar/data/1354457/0001354457-24-000713.txt
25-NSE	1354457	Nasdaq Stock Market LLC	2024-09-20	edgar/data/1354457/0001354457-24-000714.txt
25-NSE	1431959	META MATERIALS INC.	2024-09-20	edgar/data/1431959/0001354457-24-000709.txt
25-NSE	1584751	Talis Biomedical Corp	2024-09-20	edgar/data/1584751/0001354457-24-000710.txt
25-NSE	1668370	Toughbuilt Industries, Inc	2024-09-20	edgar/data/1668370/0001354457-24-000707.txt
25-NSE	1795579	Calliditas Therapeutics AB	2024-09-20	edgar/data/1795579/0001354457-24-000714.txt
25-NSE	1798270	Assure Holdings Corp.	2024-09-20	edgar/data/1798270/0001354457-24-000704.txt
25-NSE	1820175	OCA Acquisition Corp.	2024-09-20	edgar/data/1820175/0001354457-24-000703.txt
25-NSE	1844419	Maquia Capital Acquisition Corp	2024-09-20	edgar/data/1844419/0001354457-24-000706.txt
25-NSE	1846809	OceanTech Acquisitions I Corp.	2024-09-20	edgar/data/1846809/0001354457-24-000702.txt
25-NSE	1909417	SELINA HOSPITALITY PLC	2024-09-20	edgar/data/1909417/0001354457-24-000705.txt
25-NSE	1990145	Holdco Nuvo Group D.G Ltd.	2024-09-20	edgar/data/1990145/0001354457-24-000711.txt
25-NSE	867773	SUNPOWER CORP	2024-09-20	edgar/data/867773/0001354457-24-000708.txt
15-12G	1847584	WalkMe Ltd.	2024-09-23	edgar/data/1847584/0001178913-24-003115.txt
15F-12B	1795579	Calliditas Therapeutics AB	2024-09-23	edgar/data/1795579/0001104659-24-102072.txt
25	1364742	BlackRock Inc.	2024-09-23	edgar/data/1364742/0001193125-24-223698.txt
25-NSE	1276469	MACQUARIE/FIRST TRUST GLOBAL INFRASTR/UTIL DIV & INC FUND	2024-09-23	edgar/data/1276469/0000876661-24-000868.txt
25-NSE	1302624	FIRST TRUST/ABRDN GLOBAL OPPORTUNITY INCOME FUND	2024-09-23	edgar/data/1302624/0000876661-24-000870.txt
25-NSE	876661	NEW YORK STOCK EXCHANGE LLC	2024-09-23	edgar/data/876661/0000876661-24-000868.txt
25-NSE	876661	NEW YORK STOCK EXCHANGE LLC	2024-09-23	edgar/data/876661/0000876661-24-000870.txt
15-15D	1916379	Volkswagen Auto Lease Trust 2022-A	2024-09-24	edgar/data/1916379/0001104659-24-102488.txt
25-NSE	1354457	Nasdaq Stock Market LLC	2024-09-24	edgar/data/1354457/0001354457-24-000719.txt
25-NSE	1845815	Payoneer Global Inc.	2024-09-24	edgar/data/1845815/0001354457-24-000719.txt
15-12G	1253176	VAPOTHERM INC	2024-09-25	edgar/data/1253176/0001437749-24-029945.txt
15-12G	1459417	2U, LLC	2024-09-25	edgar/data/1459417/0001193125-24-226032.txt
15-15D	1816571	Hyundai Auto Receivables Trust 2020-B	2024-09-25	edgar/data/1816571/0001104659-24-102786.txt
25-NSE	1828105	Hippo Holdings Inc.	2024-09-25	edgar/data/1828105/0000876661-24-000874.txt
25-NSE	876661	NEW YORK STOCK EXCHANGE LLC	2024-09-25	edgar/data/876661/0000876661-24-000874.txt
15-12G	1267602	ALIMERA SCIENCES INC	2024-09-26	edgar/data/1267602/0001140361-24-042063.txt
15-12G	1914023	Acri Capital Acquisition Corp	2024-09-26	edgar/data/1914023/0001213900-24-082302.txt
15-15D	1840882	Honda Auto Receivables 2021-1 Owner Trust	2024-09-26	edgar/data/1840882/0001104659-24-103178.txt
25	1771951	Dynamic Shares Trust	2024-09-26	edgar/data/1771951/0001493152-24-038191.txt
25-NSE	1137360	VanEck ETF Trust	2024-09-26	edgar/data/1137360/0001417835-24-000146.txt
25-NSE	1354457	Nasdaq Stock Market LLC	2024-09-26	edgar/data/1354457/0001354457-24-000724.txt
25-NSE	1417835	Cboe BZX Exchange, Inc.	2024-09-26	edgar/data/1417835/0001417835-24-000146.txt
25-NSE	1825079	Velo3D, Inc.	2024-09-26	edgar/data/1825079/0000876661-24-000878.txt
25-NSE	1914023	Acri Capital Acquisition Corp	2024-09-26	edgar/data/1914023/0001354457-24-000724.txt
25-NSE	876661	NEW YORK STOCK EXCHANGE LLC	2024-09-26	edgar/data/876661/0000876661-24-000878.txt
15-12G	1397702	Silk Road Medical Inc	2024-09-27	edgar/data/1397702/0001140361-24-042176.txt
15-15D	1822315	Toyota Auto Receivables 2020-D Owner Trust	2024-09-27	edgar/data/1822315/0000929638-24-003320.txt
25-NSE	1143362	NYSE ARCA, INC.	2024-09-27	edgar/data/1143362/0000876661-24-000882.txt
25-NSE	1143362	NYSE ARCA, INC.	2024-09-27	edgar/data/1143362/0001143362-24-000300.txt
25-NSE	1354457	Nasdaq Stock Market LLC	2024-09-27	edgar/data/1354457/0001354457-24-000729.txt
25-NSE	1540305	ETF Series Solutions	2024-09-27	edgar/data/1540305/0000876661-24-000882.txt
25-NSE	1547576	Krane Shares Trust	2024-09-27	edgar/data/1547576/0001143362-24-000300.txt
25-NSE	1722438	Doma Holdings, Inc.	2024-09-27	edgar/data/1722438/0000876661-24-000880.txt
25-NSE	1780312	AST SpaceMobile, Inc.	2024-09-27	edgar/data/1780312/0001354457-24-000729.txt
25-NSE	876661	NEW YORK STOCK EXCHANGE LLC	2024-09-27	edgar/data/876661/0000876661-24-000880.txt
15-12G	1169245	PhaseBio Pharmaceuticals Inc	2024-09-30	edgar/data/1169245/0001193125-24-229002.txt
15-12G	1172222	HAWAIIAN HOLDINGS INC	2024-09-30	edgar/data/1172222/0001172222-24-000076.txt
15-12G	1261249	AGILE THERAPEUTICS INC	2024-09-30	edgar/data/1261249/0001104659-24-104089.txt
15-12G	1385157	TE Connectivity plc	2024-09-30	edgar/data/1385157/0001104659-24-104309.txt
15-12G	1560241	G1 Therapeutics, Inc.	2024-09-30	edgar/data/1560241/0001193125-24-228437.txt
15-12G	1584751	Talis Biomedical Corp	2024-09-30	edgar/data/1584751/0001193125-24-228320.txt
15-12G	1821606	Priveterra Acquisition Corp. II	2024-09-30	edgar/data/1821606/0001104659-24-104377.txt
15-15D	1823097	GM Financial Consumer Automobile Receivables Trust 2020-4	2024-09-30	edgar/data/1823097/0001213900-24-082880.txt
25-NSE	1143313	NYSE AMERICAN LLC	2024-09-30	edgar/data/1143313/0001143313-24-000094.txt
25-NSE	1143362	NYSE ARCA, INC.	2024-09-30	edgar/data/1143362/0000876661-24-000886.txt
25-NSE	1143362	NYSE ARCA, INC.	2024-09-30	edgar/data/1143362/0001143362-24-000305.txt
25-NSE	1143362	NYSE ARCA, INC.	2024-09-30	edgar/data/1143362/0001143362-24-000307.txt
25-NSE	1385157	TE Connectivity plc	2024-09-30	edgar/data/1385157/0000876661-24-000890.txt
25-NSE	1526787	Natixis ETF Trust	2024-09-30	edgar/data/1526787/0000876661-24-000886.txt
25-NSE	1580843	SYNTAX ETF TRUST	2024-09-30	edgar/data/1580843/0001143362-24-000305.txt
25-NSE	1580843	SYNTAX ETF TRUST	2024-09-30	edgar/data/1580843/0001143362-24-000307.txt
25-NSE	1893448	Strong Global Entertainment, Inc.	2024-09-30	edgar/data/1893448/0001143313-24-000094.txt
25-NSE	726728	REALTY INCOME CORP	2024-09-30	edgar/data/726728/0000876661-24-000885.txt
25-NSE	798359	CENTERSPACE	2024-09-30	edgar/data/798359/0001143362-24-000309.txt
25-NSE	876661	NEW YORK STOCK EXCHANGE LLC	2024-09-30	edgar/data/876661/0000876661-24-000885.txt
25-NSE	876661	NEW YORK STOCK EXCHANGE LLC	2024-09-30	edgar/data/876661/0000876661-24-000890.txt
25-NSE	876661	NEW YORK STOCK EXCHANGE LLC	2024-09-30	edgar/data/876661/0001143362-24-000309.txt
15-12G	1067837	AUDACY, INC.	2024-10-01	edgar/data/1067837/0001193125-24-229307.txt
15-12G	1305253	Eiger BioPharmaceuticals, Inc.	2024-10-01	edgar/data/1305253/0001193125-24-229473.txt
15-12G	792966	FARMERS & MERCHANTS BANCORP INC	2024-10-01	edgar/data/792966/0001104659-24-104448.txt
15-15D	1919984	GM Financial Automobile Leasing Trust 2022-2	2024-10-01	edgar/data/1919984/0001213900-24-083599.txt
25-NSE	1835681	POWERSCHOOL HOLDINGS, INC.	2024-10-01	edgar/data/1835681/0000876661-24-000894.txt
25-NSE	7332	SOUTHWESTERN ENERGY CO	2024-10-01	edgar/data/7332/0000876661-24-000892.txt
25-NSE	876661	NEW YORK STOCK EXCHANGE LLC	2024-10-01	edgar/data/876661/0000876661-24-000892.txt
25-NSE	876661	NEW YORK STOCK EXCHANGE LLC	2024-10-01	edgar/data/876661/0000876661-24-000894.txt
15-15D	1402945	Progressive Care Inc.	2024-10-02	edgar/data/1402945/0001437749-24-030417.txt
15-15D	1808503	Nissan Auto Receivables 2020-A Owner Trust	2024-10-02	edgar/data/1808503/0001193125-24-231131.txt
15-15D	1930284	Nissan Auto Lease Trust 2022-A	2024-10-02	edgar/data/1930284/0001193125-24-231106.txt
25-NSE	1085869	PERFICIENT INC	2024-10-02	edgar/data/1085869/0001354457-24-000739.txt
25-NSE	1323993	Perrigo Finance Unlimited Co	2024-10-02	edgar/data/1323993/0000876661-24-000902.txt
25-NSE	1354457	Nasdaq Stock Market LLC	2024-10-02	edgar/data/1354457/0001354457-24-000737.txt
25-NSE	1354457	Nasdaq Stock Market LLC	2024-10-02	edgar/data/1354457/0001354457-24-000739.txt
25-NSE	1354457	Nasdaq Stock Market LLC	2024-10-02	edgar/data/1354457/0001354457-24-000740.txt
25-NSE	1364742	BlackRock Finance, Inc.	2024-10-02	edgar/data/1364742/0000876661-24-000908.txt
25-NSE	1585364	PERRIGO Co plc	2024-10-02	edgar/data/1585364/0000876661-24-000904.txt
25-NSE	1769804	Augmedix, Inc.	2024-10-02	edgar/data/1769804/0001354457-24-000740.txt
25-NSE	1852749	ExcelFin Acquisition Corp.	2024-10-02	edgar/data/1852749/0001354457-24-000737.txt
25-NSE	876661	NEW YORK STOCK EXCHANGE LLC	2024-10-02	edgar/data/876661/0000876661-24-000902.txt
25-NSE	876661	NEW YORK STOCK EXCHANGE LLC	2024-10-02	edgar/data/876661/0000876661-24-000904.txt
25-NSE	876661	NEW YORK STOCK EXCHANGE LLC	2024-10-02	edgar/data/876661/0000876661-24-000908.txt
15-12G	1352081	Cardinal Ethanol LLC	2024-10-03	edgar/data/1352081/0001352081-24-000086.txt
15-12G	1752474	KLDiscovery Inc.	2024-10-03	edgar/data/1752474/0001193125-24-232178.txt
25-NSE	1143362	NYSE ARCA, INC.	2024-10-03	edgar/data/1143362/0001143362-24-000313.txt
25-NSE	1354457	Nasdaq Stock Market LLC	2024-10-03	edgar/data/1354457/0001354457-24-000744.txt
25-NSE	1564538	GRANITE REAL ESTATE INVESTMENT TRUST	2024-10-03	edgar/data/1564538/0000876661-24-000912.txt
25-NSE	1564540	GRANITE REIT INC.	2024-10-03	edgar/data/1564540/0000876661-24-000913.txt
25-NSE	1710607	AMERICAN CENTURY ETF TRUST	2024-10-03	edgar/data/1710607/0001143362-24-000313.txt
25-NSE	1847577	Learn CW Investment Corp	2024-10-03	edgar/data/1847577/0001354457-24-000744.txt
25-NSE	876661	NEW YORK STOCK EXCHANGE LLC	2024-10-03	edgar/data/876661/0000876661-24-000912.txt
25-NSE	876661	NEW YORK STOCK EXCHANGE LLC	2024-10-03	edgar/data/876661/0000876661-24-000913.txt
15-12G	1823882	Airspan Networks Holdings Inc.	2024-10-04	edgar/data/1823882/0001829126-24-006657.txt
15-12G	1846809	OceanTech Acquisitions I Corp.	2024-10-04	edgar/data/1846809/0001493152-24-039568.txt
15-12G	1846809	OceanTech Acquisitions I Corp.	2024-10-04	edgar/data/1846809/0001493152-24-039570.txt
25	1823365	Generations Bancorp NY, Inc.	2024-10-04	edgar/data/1823365/0000943374-24-000404.txt
25-NSE	1008654	TUPPERWARE BRANDS CORP	2024-10-04	edgar/data/1008654/0000876661-24-000918.txt
25-NSE	1821393	Aaron's Company, Inc.	2024-10-04	edgar/data/1821393/0000876661-24-000916.txt
25-NSE	876661	NEW YORK STOCK EXCHANGE LLC	2024-10-04	edgar/data/876661/0000876661-24-000916.txt
25-NSE	876661	NEW YORK STOCK EXCHANGE LLC	2024-10-04	edgar/data/876661/0000876661-24-000918.txt
15-12G	1722438	Doma Holdings, Inc.	2024-10-07	edgar/data/1722438/0001437749-24-030804.txt
15-15D	1821685	World Omni Select Auto Trust 2020-A	2024-10-07	edgar/data/1821685/0001104659-24-106394.txt
15-15D	1907872	World Omni Automobile Lease Securitization Trust 2022-A	2024-10-07	edgar/data/1907872/0001104659-24-106389.txt
25	1038143	ORANGE	2024-10-07	edgar/data/1038143/0001634621-24-000023.txt
25	1811115	Renalytix plc	2024-10-07	edgar/data/1811115/0001193125-24-233820.txt
25-NSE	59440	VECTOR GROUP LTD	2024-10-07	edgar/data/59440/0000876661-24-000921.txt
25-NSE	876661	NEW YORK STOCK EXCHANGE LLC	2024-10-07	edgar/data/876661/0000876661-24-000921.txt
15-15D	1610486	COMM 2014-CCRE18 Mortgage Trust	2024-10-09	edgar/data/1610486/0001888524-24-014734.txt
15-15D	1612841	COMM 2014-CCRE19 Mortgage Trust	2024-10-09	edgar/data/1612841/0001888524-24-014736.txt
25-NSE	1143313	NYSE AMERICAN LLC	2024-10-09	edgar/data/1143313/0001143313-24-000096.txt
25-NSE	1417835	Cboe BZX Exchange, Inc.	2024-10-09	edgar/data/1417835/0001417835-24-000157.txt
25-NSE	1417835	Cboe BZX Exchange, Inc.	2024-10-09	edgar/data/1417835/0001417835-24-000159.txt
25-NSE	1719812	Collaborative Investment Series Trust	2024-10-09	edgar/data/1719812/0001417835-24-000157.txt
25-NSE	1719812	Collaborative Investment Series Trust	2024-10-09	edgar/data/1719812/0001417835-24-000159.txt
25-NSE	61398	TELLURIAN INC. /DE/	2024-10-09	edgar/data/61398/0001143313-24-000096.txt
15-15D	1493611	SLC Student Loan Trust 2010-1	2024-10-10	edgar/data/1493611/0000929638-24-003472.txt
25-NSE	1354457	Nasdaq Stock Market LLC	2024-10-10	edgar/data/1354457/0001354457-24-000753.txt
25-NSE	1378789	AerCap Holdings N.V.	2024-10-10	edgar/data/1378789/0000876661-24-000928.txt
25-NSE	1415726	Innovator ETFs Trust	2024-10-10	edgar/data/1415726/0001417835-24-000161.txt
25-NSE	1417835	Cboe BZX Exchange, Inc.	2024-10-10	edgar/data/1417835/0001417835-24-000161.txt
25-NSE	1552087	AerCap Aviation Solutions B.V.	2024-10-10	edgar/data/1552087/0000876661-24-000932.txt
25-NSE	1603794	AerCap Global Aviation Trust	2024-10-10	edgar/data/1603794/0000876661-24-000934.txt
25-NSE	1639856	AerCap Ireland Capital DAC	2024-10-10	edgar/data/1639856/0000876661-24-000936.txt
25-NSE	1639858	AerCap Ireland Ltd	2024-10-10	edgar/data/1639858/0000876661-24-000938.txt
25-NSE	1639862	AerCap U.S. Global Aviation LLC	2024-10-10	edgar/data/1639862/0000876661-24-000940.txt
25-NSE	1850502	Enphys Acquisition Corp.	2024-10-10	edgar/data/1850502/0000876661-24-000942.txt
25-NSE	714311	INTERNATIONAL LEASE FINANCE CORP	2024-10-10	edgar/data/714311/0000876661-24-000930.txt
25-NSE	876661	NEW YORK STOCK EXCHANGE LLC	2024-10-10	edgar/data/876661/0000876661-24-000928.txt
25-NSE	876661	NEW YORK STOCK EXCHANGE LLC	2024-10-10	edgar/data/876661/0000876661-24-000930.txt
25-NSE	876661	NEW YORK STOCK EXCHANGE LLC	2024-10-10	edgar/data/876661/0000876661-24-000932.txt
25-NSE	876661	NEW YORK STOCK EXCHANGE LLC	2024-10-10	edgar/data/876661/0000876661-24-000934.txt
25-NSE	876661	NEW YORK STOCK EXCHANGE LLC	2024-10-10	edgar/data/876661/0000876661-24-000936.txt
25-NSE	876661	NEW YORK STOCK EXCHANGE LLC	2024-10-10	edgar/data/876661/0000876661-24-000938.txt
25-NSE	876661	NEW YORK STOCK EXCHANGE LLC	2024-10-10	edgar/data/876661/0000876661-24-000940.txt
25-NSE	876661	NEW YORK STOCK EXCHANGE LLC	2024-10-10	edgar/data/876661/0000876661-24-000942.txt
25-NSE	921183	HMN FINANCIAL INC	2024-10-10	edgar/data/921183/0001354457-24-000753.txt
15-12G	1835681	POWERSCHOOL HOLDINGS, INC.	2024-10-11	edgar/data/1835681/0001193125-24-236410.txt
15-12G	1852749	ExcelFin Acquisition Corp.	2024-10-11	edgar/data/1852749/0001104659-24-107965.txt
15-12G	1893448	Strong Global Entertainment, Inc.	2024-10-11	edgar/data/1893448/0001493152-24-040869.txt
15-12G	7332	SOUTHWESTERN ENERGY CO	2024-10-11	edgar/data/7332/0001104659-24-108043.txt
25	1587982	Investment Managers Series Trust II	2024-10-11	edgar/data/1587982/0001213900-24-087066.txt
25	1642375	Guardion Health Sciences, Inc.	2024-10-11	edgar/data/1642375/0001493152-24-040888.txt
25-NSE	1143313	NYSE AMERICAN LLC	2024-10-11	edgar/data/1143313/0001143313-24-000098.txt
25-NSE	1143362	NYSE ARCA, INC.	2024-10-11	edgar/data/1143362/0001143313-24-000100.txt
25-NSE	1354457	Nasdaq Stock Market LLC	2024-10-11	edgar/data/1354457/0001354457-24-000761.txt
25-NSE	1524931	CHUY'S HOLDINGS, INC.	2024-10-11	edgar/data/1524931/0001354457-24-000761.txt
25-NSE	1592057	Enviva Inc.	2024-10-11	edgar/data/1592057/0000876661-24-000999.txt
25-NSE	1616668	Pacer Funds Trust	2024-10-11	edgar/data/1616668/0001143313-24-000100.txt
25-NSE	1864032	Ault Disruptive Technologies Corp	2024-10-11	edgar/data/1864032/0001143313-24-000098.txt
25-NSE	876661	NEW YORK STOCK EXCHANGE LLC	2024-10-11	edgar/data/876661/0000876661-24-000999.txt
15-12G	1085869	PERFICIENT INC	2024-10-15	edgar/data/1085869/0001193125-24-237547.txt
15-12G	1364742	BlackRock Finance, Inc.	2024-10-15	edgar/data/1364742/0001193125-24-237258.txt
15-12G	1564540	GRANITE REIT INC.	2024-10-15	edgar/data/1564540/0001193125-24-237139.txt
15-12G	1580262	Right On Brands, Inc.	2024-10-15	edgar/data/1580262/0001477932-24-006425.txt
15-12G	1769804	Augmedix, Inc.	2024-10-15	edgar/data/1769804/0001193125-24-237360.txt
15-12G	1821393	Aaron's Company, Inc.	2024-10-15	edgar/data/1821393/0001821393-24-000208.txt
15-12G	1823365	Generations Bancorp NY, Inc.	2024-10-15	edgar/data/1823365/0000943374-24-000408.txt
25-NSE	1101680	DZS INC.	2024-10-15	edgar/data/1101680/0001354457-24-000787.txt
25-NSE	1137360	VanEck ETF Trust	2024-10-15	edgar/data/1137360/0001143362-24-000322.txt
25-NSE	1143362	NYSE ARCA, INC.	2024-10-15	edgar/data/1143362/0001143362-24-000322.txt
25-NSE	1324948	RBC Bearings INC	2024-10-15	edgar/data/1324948/0000876661-24-001003.txt
25-NSE	1354457	Nasdaq Stock Market LLC	2024-10-15	edgar/data/1354457/0001354457-24-000779.txt
25-NSE	1354457	Nasdaq Stock Market LLC	2024-10-15	edgar/data/1354457/0001354457-24-000781.txt
25-NSE	1354457	Nasdaq Stock Market LLC	2024-10-15	edgar/data/1354457/0001354457-24-000782.txt
25-NSE	1354457	Nasdaq Stock Market LLC	2024-10-15	edgar/data/1354457/0001354457-24-000783.txt
25-NSE	1354457	Nasdaq Stock Market LLC	2024-10-15	edgar/data/1354457/0001354457-24-000784.txt
25-NSE	1354457	Nasdaq Stock Market LLC	2024-10-15	edgar/data/1354457/0001354457-24-000785.txt
25-NSE	1354457	Nasdaq Stock Market LLC	2024-10-15	edgar/data/1354457/0001354457-24-000786.txt
25-NSE	1354457	Nasdaq Stock Market LLC	2024-10-15	edgar/data/1354457/0001354457-24-000787.txt
25-NSE	1354457	Nasdaq Stock Market LLC	2024-10-15	edgar/data/1354457/0001354457-24-000788.txt
25-NSE	1354457	Nasdaq Stock Market LLC	2024-10-15	edgar/data/1354457/0001354457-24-000789.txt
25-NSE	1354457	Nasdaq Stock Market LLC	2024-10-15	edgar/data/1354457/0001354457-24-000790.txt
25-NSE	1354457	Nasdaq Stock Market LLC	2024-10-15	edgar/data/1354457/0001354457-24-000791.txt
25-NSE	1354457	Nasdaq Stock Market LLC	2024-10-15	edgar/data/1354457/0001354457-24-000792.txt
25-NSE	1354457	Nasdaq Stock Market LLC	2024-10-15	edgar/data/1354457/0001354457-24-000793.txt
25-NSE	1354457	Nasdaq Stock Market LLC	2024-10-15	edgar/data/1354457/0001354457-24-000794.txt
25-NSE	1354457	Nasdaq Stock Market LLC	2024-10-15	edgar/data/1354457/0001354457-24-000795.txt
25-NSE	1354457	Nasdaq Stock Market LLC	2024-10-15	edgar/data/1354457/0001354457-24-000796.txt
25-NSE	1354457	Nasdaq Stock Market LLC	2024-10-15	edgar/data/1354457/0001354457-24-000799.txt
25-NSE	1391127	Edgio, Inc.	2024-10-15	edgar/data/1391127/0001354457-24-000792.txt
25-NSE	1445283	KINETA, INC./DE	2024-10-15	edgar/data/1445283/0001354457-24-000793.txt
25-NSE	1630113	BIOTRICITY INC.	2024-10-15	edgar/data/1630113/0001354457-24-000782.txt
25-NSE	1635073	Nushares ETF Trust	2024-10-15	edgar/data/1635073/0001354457-24-000779.txt
25-NSE	1662574	Grom Social Enterprises, Inc.	2024-10-15	edgar/data/1662574/0001354457-24-000790.txt
25-NSE	1723580	BurgerFi International, Inc.	2024-10-15	edgar/data/1723580/0001354457-24-000794.txt
25-NSE	1757097	Centogene N.V.	2024-10-15	edgar/data/1757097/0001354457-24-000786.txt
25-NSE	1806347	Westrock Coffee Co	2024-10-15	edgar/data/1806347/0001354457-24-000799.txt
25-NSE	1844149	Spectaire Holdings Inc.	2024-10-15	edgar/data/1844149/0001354457-24-000785.txt
25-NSE	1847513	CORNER GROWTH ACQUISITION CORP. 2	2024-10-15	edgar/data/1847513/0001354457-24-000788.txt
25-NSE	1848898	African Agriculture Holdings Inc.	2024-10-15	edgar/data/1848898/0001354457-24-000796.txt
25-NSE	1852407	Fintech Ecosystem Development Corp.	2024-10-15	edgar/data/1852407/0001354457-24-000791.txt
25-NSE	1853397	Zalatoris II Acquisition Corp	2024-10-15	edgar/data/1853397/0001354457-24-000783.txt
25-NSE	1854583	Collective Audience, Inc.	2024-10-15	edgar/data/1854583/0001354457-24-000789.txt
25-NSE	1876716	ASPAC II Acquisition Corp.	2024-10-15	edgar/data/1876716/0001354457-24-000795.txt
25-NSE	1900564	WARRANTEE INC.	2024-10-15	edgar/data/1900564/0001354457-24-000784.txt
25-NSE	1948884	Gamer Pakistan Inc	2024-10-15	edgar/data/1948884/0001354457-24-000781.txt
25-NSE	876661	NEW YORK STOCK EXCHANGE LLC	2024-10-15	edgar/data/876661/0000876661-24-001003.txt
25-NSE	1143313	NYSE AMERICAN LLC	2024-10-16	edgar/data/1143313/0001143313-24-000103.txt
25-NSE	1143362	NYSE ARCA, INC.	2024-10-16	edgar/data/1143362/0001143313-24-000105.txt
25-NSE	1500604	Janus Detroit Street Trust	2024-10-16	edgar/data/1500604/0001143313-24-000105.txt
25-NSE	1869673	Berenson Acquisition Corp. I	2024-10-16	edgar/data/1869673/0001143313-24-000103.txt
15-12G	1340243	MorphoSys AG	2024-10-17	edgar/data/1340243/0001193125-24-238949.txt
15-12G	1838293	Catcha Investment Corp	2024-10-17	edgar/data/1838293/0001193125-24-238940.txt
15-12G	59440	VECTOR GROUP LTD	2024-10-17	edgar/data/59440/0001104659-24-109377.txt
25-NSE	1354457	Nasdaq Stock Market LLC	2024-10-17	edgar/data/1354457/0001354457-24-000803.txt
25-NSE	1354457	Nasdaq Stock Market LLC	2024-10-17	edgar/data/1354457/0001354457-24-000804.txt
25-NSE	1487712	AIR LEASE CORP	2024-10-17	edgar/data/1487712/0000876661-24-001008.txt
25-NSE	1496963	Squarespace, Inc.	2024-10-17	edgar/data/1496963/0000876661-24-001010.txt
25-NSE	1727398	Procure ETF Trust II	2024-10-17	edgar/data/1727398/0001354457-24-000803.txt
25-NSE	1848821	Global Technology Acquisition Corp. I	2024-10-17	edgar/data/1848821/0001354457-24-000804.txt
25-NSE	876661	NEW YORK STOCK EXCHANGE LLC	2024-10-17	edgar/data/876661/0000876661-24-001008.txt
25-NSE	876661	NEW YORK STOCK EXCHANGE LLC	2024-10-17	edgar/data/876661/0000876661-24-001010.txt
15F-12B	1038143	ORANGE	2024-10-18	edgar/data/1038143/0001634621-24-000027.txt
25-NSE	1100663	iSHARES TRUST	2024-10-18	edgar/data/1100663/0001143362-24-000328.txt
25-NSE	1143362	NYSE ARCA, INC.	2024-10-18	edgar/data/1143362/0001143362-24-000324.txt
25-NSE	1143362	NYSE ARCA, INC.	2024-10-18	edgar/data/1143362/0001143362-24-000326.txt
25-NSE	1143362	NYSE ARCA, INC.	2024-10-18	edgar/data/1143362/0001143362-24-000328.txt
25-NSE	1143362	NYSE ARCA, INC.	2024-10-18	edgar/data/1143362/0001143362-24-000330.txt
25-NSE	1354457	Nasdaq Stock Market LLC	2024-10-18	edgar/data/1354457/0001354457-24-000805.txt
25-NSE	1354457	Nasdaq Stock Market LLC	2024-10-18	edgar/data/1354457/0001354457-24-000807.txt
25-NSE	1414040	ALPS ETF Trust	2024-10-18	edgar/data/1414040/0001143362-24-000330.txt
25-NSE	1540305	ETF Series Solutions	2024-10-18	edgar/data/1540305/0001143362-24-000326.txt
25-NSE	1597389	USCF ETF Trust	2024-10-18	edgar/data/1597389/0001143362-24-000324.txt
25-NSE	1640043	Pyxis Tankers Inc.	2024-10-18	edgar/data/1640043/0001354457-24-000807.txt
25-NSE	1675033	Great Elm Capital Corp.	2024-10-18	edgar/data/1675033/0001354457-24-000805.txt
25-NSE	864270	AMERICAN HONDA FINANCE CORP	2024-10-18	edgar/data/864270/0001143362-24-000332.txt
25-NSE	876661	NEW YORK STOCK EXCHANGE LLC	2024-10-18	edgar/data/876661/0001143362-24-000332.txt
15-12G	1592057	Enviva Inc.	2024-10-21	edgar/data/1592057/0001104659-24-110150.txt
15-12G	1864032	Ault Disruptive Technologies Corp	2024-10-21	edgar/data/1864032/0001214659-24-017734.txt
25	61398	TELLURIAN INC. /DE/	2024-10-21	edgar/data/61398/0001104659-24-110089.txt
15-12G	1524931	CHUY'S HOLDINGS, INC.	2024-10-22	edgar/data/1524931/0001193125-24-240969.txt
15-12G	1855743	ARRAS MINERALS CORP.	2024-10-22	edgar/data/1855743/0001079973-24-001436.txt
25-NSE	1354457	Nasdaq Stock Market LLC	2024-10-22	edgar/data/1354457/0001354457-24-000814.txt
25-NSE	1417835	Cboe BZX Exchange, Inc.	2024-10-22	edgar/data/1417835/0001417835-24-000169.txt
25-NSE	1417835	Cboe BZX Exchange, Inc.	2024-10-22	edgar/data/1417835/0001417835-24-000170.txt
25-NSE	1443611	SinglePoint Inc.	2024-10-22	edgar/data/1443611/0001417835-24-000170.txt
25-NSE	1816233	Sharecare, Inc.	2024-10-22	edgar/data/1816233/0001354457-24-000814.txt
25-NSE	1880431	Vocodia Holdings Corp	2024-10-22	edgar/data/1880431/0001417835-24-000169.txt
15-12G	1156174	LAKE AREA CORN PROCESSORS LLC	2024-10-23	edgar/data/1156174/0001156174-24-000072.txt
15-12G	921183	HMN FINANCIAL INC	2024-10-23	edgar/data/921183/0001437749-24-031900.txt
25-NSE	1354457	Nasdaq Stock Market LLC	2024-10-23	edgar/data/1354457/0001354457-24-000826.txt
25-NSE	1547580	Victory Portfolios II	2024-10-23	edgar/data/1547580/0001354457-24-000826.txt
25-NSE	1354457	Nasdaq Stock Market LLC	2024-10-24	edgar/data/1354457/0001354457-24-000828.txt
25-NSE	1467761	MINIM, INC.	2024-10-24	edgar/data/1467761/0001354457-24-000828.txt
15-12G	1117228	MASS MEGAWATTS WIND POWER INC	2024-10-25	edgar/data/1117228/0001493152-24-042529.txt
15-12G	1391127	Edgio, Inc.	2024-10-25	edgar/data/1391127/0001193125-24-243528.txt
25-NSE	1143313	NYSE AMERICAN LLC	2024-10-25	edgar/data/1143313/0000876661-24-001016.txt
25-NSE	1354457	Nasdaq Stock Market LLC	2024-10-25	edgar/data/1354457/0001354457-24-000831.txt
25-NSE	1354457	Nasdaq Stock Market LLC	2024-10-25	edgar/data/1354457/0001354457-24-000832.txt
25-NSE	1417835	Cboe BZX Exchange, Inc.	2024-10-25	edgar/data/1417835/0001417835-24-000173.txt
25-NSE	1616668	Pacer Funds Trust	2024-10-25	edgar/data/1616668/0001417835-24-000173.txt
25-NSE	1668673	PetIQ, Inc.	2024-10-25	edgar/data/1668673/0001354457-24-000831.txt
25-NSE	1739174	BiomX Inc.	2024-10-25	edgar/data/1739174/0000876661-24-001016.txt
25-NSE	1883983	VISION SENSING ACQUISITION CORP.	2024-10-25	edgar/data/1883983/0001354457-24-000832.txt
25-NSE	80424	PROCTER & GAMBLE Co	2024-10-25	edgar/data/80424/0000876661-24-001014.txt
25-NSE	876661	NEW YORK STOCK EXCHANGE LLC	2024-10-25	edgar/data/876661/0000876661-24-001014.txt
15-12G	1509957	Can B Corp	2024-10-28	edgar/data/1509957/0001493152-24-042722.txt
15-12G	1848821	Global Technology Acquisition Corp. I	2024-10-28	edgar/data/1848821/0001493152-24-042688.txt
25-NSE	1143313	NYSE AMERICAN LLC	2024-10-28	edgar/data/1143313/0001143313-24-000107.txt
25-NSE	1417835	Cboe BZX Exchange, Inc.	2024-10-28	edgar/data/1417835/0001417835-24-000176.txt
25-NSE	1485894	J.P. Morgan Exchange-Traded Fund Trust	2024-10-28	edgar/data/1485894/0001417835-24-000176.txt
25-NSE	1855485	Calidi Biotherapeutics, Inc.	2024-10-28	edgar/data/1855485/0001143313-24-000107.txt
25-NSE	876661	NEW YORK STOCK EXCHANGE LLC	2024-10-28	edgar/data/876661/0000876661-24-001018.txt
25-NSE	92380	SOUTHWEST AIRLINES CO	2024-10-28	edgar/data/92380/0000876661-24-001018.txt
25-NSE	1354457	Nasdaq Stock Market LLC	2024-10-29	edgar/data/1354457/0001354457-24-000836.txt
25-NSE	1590364	FTAI Aviation Ltd.	2024-10-29	edgar/data/1590364/0001354457-24-000836.txt
15-12G	758743	VIDEO DISPLAY CORP	2024-10-30	edgar/data/758743/0001437749-24-032637.txt
25-NSE	1835512	Terran Orbital Corp	2024-10-30	edgar/data/1835512/0000876661-24-001023.txt
25-NSE	1848756	Pyrophyte Acquisition Corp.	2024-10-30	edgar/data/1848756/0000876661-24-001025.txt
25-NSE	80424	PROCTER & GAMBLE Co	2024-10-30	edgar/data/80424/0000876661-24-001021.txt
25-NSE	876661	NEW YORK STOCK EXCHANGE LLC	2024-10-30	edgar/data/876661/0000876661-24-001021.txt
25-NSE	876661	NEW YORK STOCK EXCHANGE LLC	2024-10-30	edgar/data/876661/0000876661-24-001023.txt
25-NSE	876661	NEW YORK STOCK EXCHANGE LLC	2024-10-30	edgar/data/876661/0000876661-24-001025.txt
15-12G	1739174	BiomX Inc.	2024-10-31	edgar/data/1739174/0001213900-24-092901.txt
15-15D	1814917	AmeriCredit Automobile Receivables Trust 2020-2	2024-10-31	edgar/data/1814917/0001213900-24-092520.txt
25	1733257	Finch Therapeutics Group, Inc.	2024-10-31	edgar/data/1733257/0001193125-24-248169.txt
25-NSE	1354457	Nasdaq Stock Market LLC	2024-10-31	edgar/data/1354457/0001354457-24-000838.txt
25-NSE	1354457	Nasdaq Stock Market LLC	2024-10-31	edgar/data/1354457/0001354457-24-000839.txt
25-NSE	1644771	RiverNorth Capital & Income Fund, Inc.	2024-10-31	edgar/data/1644771/0000876661-24-001028.txt
25-NSE	1645070	Sterling Check Corp.	2024-10-31	edgar/data/1645070/0001354457-24-000838.txt
25-NSE	1830029	GRIID Infrastructure Inc.	2024-10-31	edgar/data/1830029/0001354457-24-000839.txt
25-NSE	876661	NEW YORK STOCK EXCHANGE LLC	2024-10-31	edgar/data/876661/0000876661-24-001028.txt
15-12G	1496963	Squarespace, Inc.	2024-11-01	edgar/data/1496963/0001140361-24-044947.txt
25-NSE	1143313	NYSE AMERICAN LLC	2024-11-01	edgar/data/1143313/0001143313-24-000109.txt
25-NSE	1143362	NYSE ARCA, INC.	2024-11-01	edgar/data/1143362/0001143362-24-000343.txt
25-NSE	1354457	Nasdaq Stock Market LLC	2024-11-01	edgar/data/1354457/0001354457-24-000842.txt
25-NSE	1354457	Nasdaq Stock Market LLC	2024-11-01	edgar/data/1354457/0001354457-24-000843.txt
25-NSE	1354457	Nasdaq Stock Market LLC	2024-11-01	edgar/data/1354457/0001354457-24-000845.txt
25-NSE	1392694	SurgePays, Inc.	2024-11-01	edgar/data/1392694/0001354457-24-000845.txt
25-NSE	1831359	Jaws Mustang Acquisition Corp	2024-11-01	edgar/data/1831359/0001143313-24-000109.txt
25-NSE	350868	ITERIS, INC.	2024-11-01	edgar/data/350868/0001354457-24-000843.txt
25-NSE	844150	NatWest Group plc	2024-11-01	edgar/data/844150/0000876661-24-001031.txt
25-NSE	876661	NEW YORK STOCK EXCHANGE LLC	2024-11-01	edgar/data/876661/0000876661-24-001031.txt
25-NSE	919160	GUINNESS ATKINSON FUNDS	2024-11-01	edgar/data/919160/0001143362-24-000343.txt
25-NSE	944480	GSE SYSTEMS INC	2024-11-01	edgar/data/944480/0001354457-24-000842.txt
15-12G	1668673	PetIQ, Inc.	2024-11-04	edgar/data/1668673/0000950103-24-015924.txt
15-12G	1816233	Sharecare, Inc.	2024-11-04	edgar/data/1816233/0001104659-24-113774.txt
15-12G	1844507	Achari Ventures Holdings Corp. I	2024-11-04	edgar/data/1844507/0001104659-24-113921.txt
15-15D	1689490	NetPay International Inc	2024-11-04	edgar/data/1689490/0001493152-24-043541.txt
25	1537140	NORTHERN LIGHTS FUND TRUST III	2024-11-04	edgar/data/1537140/0001580642-24-006611.txt
25	1537140	NORTHERN LIGHTS FUND TRUST III	2024-11-04	edgar/data/1537140/0001580642-24-006613.txt
25	1849548	Onyx Acquisition Co. I	2024-11-04	edgar/data/1849548/0001213900-24-093708.txt
25	1962845	PIXIE DUST TECHNOLOGIES, INC.	2024-11-04	edgar/data/1962845/0001213900-24-094139.txt
25-NSE	1160106	Lloyds Banking Group plc	2024-11-04	edgar/data/1160106/0000876661-24-001038.txt
25-NSE	1354457	Nasdaq Stock Market LLC	2024-11-04	edgar/data/1354457/0001354457-24-000847.txt
25-NSE	1831481	Sable Offshore Corp.	2024-11-04	edgar/data/1831481/0000876661-24-001035.txt
25-NSE	310158	Merck & Co., Inc.	2024-11-04	edgar/data/310158/0000876661-24-001036.txt
25-NSE	861878	STERICYCLE INC	2024-11-04	edgar/data/861878/0001354457-24-000847.txt
25-NSE	876661	NEW YORK STOCK EXCHANGE LLC	2024-11-04	edgar/data/876661/0000876661-24-001035.txt
25-NSE	876661	NEW YORK STOCK EXCHANGE LLC	2024-11-04	edgar/data/876661/0000876661-24-001036.txt
25-NSE	876661	NEW YORK STOCK EXCHANGE LLC	2024-11-04	edgar/data/876661/0000876661-24-001038.txt
15-15D	1818066	World Omni Auto Receivables Trust 2020-C	2024-11-05	edgar/data/1818066/0001104659-24-114047.txt
25-NSE	1354457	Nasdaq Stock Market LLC	2024-11-05	edgar/data/1354457/0001354457-24-000848.txt
25-NSE	1852061	Generation Asia I Acquisition Ltd	2024-11-05	edgar/data/1852061/0001354457-24-000848.txt
25-NSE	1417835	Cboe BZX Exchange, Inc.	2024-11-06	edgar/data/1417835/0001417835-24-000182.txt
25-NSE	1722380	Meta Data Ltd	2024-11-06	edgar/data/1722380/0000876661-24-001044.txt
25-NSE	1792795	Legg Mason ETF Investment Trust II	2024-11-06	edgar/data/1792795/0001417835-24-000182.txt
25-NSE	200406	JOHNSON & JOHNSON	2024-11-06	edgar/data/200406/0000876661-24-001042.txt
25-NSE	876661	NEW YORK STOCK EXCHANGE LLC	2024-11-06	edgar/data/876661/0000876661-24-001042.txt
25-NSE	876661	NEW YORK STOCK EXCHANGE LLC	2024-11-06	edgar/data/876661/0000876661-24-001044.txt
15-12G	1036848	Mega Matrix Corp.	2024-11-07	edgar/data/1036848/0001213900-24-095392.txt
15-12G	1394319	Tracon Pharmaceuticals, Inc.	2024-11-07	edgar/data/1394319/0001193125-24-253117.txt
15-12G	1852061	Generation Asia I Acquisition Ltd	2024-11-07	edgar/data/1852061/0001193125-24-253108.txt
25	766829	SJW GROUP	2024-11-07	edgar/data/766829/0000766829-24-000122.txt
25-NSE	1089113	HSBC HOLDINGS PLC	2024-11-07	edgar/data/1089113/0000876661-24-001046.txt
25-NSE	1306965	Shell plc	2024-11-07	edgar/data/1306965/0000876661-24-001050.txt
25-NSE	1333621	Shell International Finance B.V.	2024-11-07	edgar/data/1333621/0000876661-24-001048.txt
25-NSE	876661	NEW YORK STOCK EXCHANGE LLC	2024-11-07	edgar/data/876661/0000876661-24-001046.txt
25-NSE	876661	NEW YORK STOCK EXCHANGE LLC	2024-11-07	edgar/data/876661/0000876661-24-001048.txt
25-NSE	876661	NEW YORK STOCK EXCHANGE LLC	2024-11-07	edgar/data/876661/0000876661-24-001050.txt
15-12G	1014052	Digerati Technologies, Inc.	2024-11-08	edgar/data/1014052/0001213900-24-095878.txt
15-12G	1502377	Contango ORE, Inc.	2024-11-08	edgar/data/1502377/0001193125-24-254175.txt
15-12G	1590364	FTAI Aviation Ltd.	2024-11-08	edgar/data/1590364/0001140361-24-045850.txt
15-12G	1847577	Learn CW Investment Corp	2024-11-08	edgar/data/1847577/0001140361-24-045876.txt
15-12G	61398	TELLURIAN INC. /DE/	2024-11-08	edgar/data/61398/0001104659-24-115640.txt
15-12G	812306	PROCYON CORP	2024-11-08	edgar/data/812306/0001437749-24-034217.txt
25-NSE	1413329	Philip Morris International Inc.	2024-11-08	edgar/data/1413329/0000876661-24-001052.txt
25-NSE	1783180	CARRIER GLOBAL Corp	2024-11-08	edgar/data/1783180/0000876661-24-001054.txt
25-NSE	876661	NEW YORK STOCK EXCHANGE LLC	2024-11-08	edgar/data/876661/0000876661-24-001052.txt
25-NSE	876661	NEW YORK STOCK EXCHANGE LLC	2024-11-08	edgar/data/876661/0000876661-24-001054.txt
15-12G	1645070	Sterling Check Corp.	2024-11-12	edgar/data/1645070/0001193125-24-255042.txt
15-12G	1733257	Finch Therapeutics Group, Inc.	2024-11-12	edgar/data/1733257/0001193125-24-255195.txt
15-12G	1830029	GRIID Infrastructure Inc.	2024-11-12	edgar/data/1830029/0001193125-24-255057.txt
15-12G	1835512	Terran Orbital Corp	2024-11-12	edgar/data/1835512/0001123292-24-000342.txt
15-12G	350868	ITERIS, INC.	2024-11-12	edgar/data/350868/0001140361-24-045954.txt
25-NSE	1143362	NYSE ARCA, INC.	2024-11-12	edgar/data/1143362/0000876661-24-001062.txt
25-NSE	1354457	Nasdaq Stock Market LLC	2024-11-12	edgar/data/1354457/0001354457-24-000863.txt
25-NSE	1354457	Nasdaq Stock Market LLC	2024-11-12	edgar/data/1354457/0001354457-24-000864.txt
25-NSE	1413329	Philip Morris International Inc.	2024-11-12	edgar/data/1413329/0000876661-24-001057.txt
25-NSE	1540305	ETF Series Solutions	2024-11-12	edgar/data/1540305/0000876661-24-001062.txt
25-NSE	1873441	Blockchain Coinvestors Acquisition Corp. I	2024-11-12	edgar/data/1873441/0001354457-24-000864.txt
25-NSE	1893219	Atlantic Coastal Acquisition Corp. II	2024-11-12	edgar/data/1893219/0001354457-24-000863.txt
25-NSE	876661	NEW YORK STOCK EXCHANGE LLC	2024-11-12	edgar/data/876661/0000876661-24-001057.txt
25-NSE	876661	NEW YORK STOCK EXCHANGE LLC	2024-11-12	edgar/data/876661/0000876661-24-001059.txt
25-NSE	884713	Primo Water Corp /CN/	2024-11-12	edgar/data/884713/0000876661-24-001059.txt
15-12G	944480	GSE SYSTEMS INC	2024-11-13	edgar/data/944480/0001140361-24-046502.txt
25-NSE	1071371	BANCOLOMBIA SA	2024-11-13	edgar/data/1071371/0000876661-24-001071.txt
25-NSE	1354457	Nasdaq Stock Market LLC	2024-11-13	edgar/data/1354457/0001354457-24-000865.txt
25-NSE	1841804	INSTRUCTURE HOLDINGS, INC.	2024-11-13	edgar/data/1841804/0000876661-24-001067.txt
25-NSE	1866550	Thoughtworks Holding, Inc.	2024-11-13	edgar/data/1866550/0001354457-24-000865.txt
25-NSE	1966287	Greenfire Resources Ltd.	2024-11-13	edgar/data/1966287/0000876661-24-001065.txt
25-NSE	876661	NEW YORK STOCK EXCHANGE LLC	2024-11-13	edgar/data/876661/0000876661-24-001065.txt
25-NSE	876661	NEW YORK STOCK EXCHANGE LLC	2024-11-13	edgar/data/876661/0000876661-24-001067.txt
25-NSE	876661	NEW YORK STOCK EXCHANGE LLC	2024-11-13	edgar/data/876661/0000876661-24-001071.txt
15-12G	1128383	NEVADA CLASSIC THOROUGHBREDS INC	2024-11-14	edgar/data/1128383/0001128383-24-000012.txt
15-12G	1849548	Onyx Acquisition Co. I	2024-11-14	edgar/data/1849548/0001213900-24-097822.txt
15-12G	1850502	Enphys Acquisition Corp.	2024-11-14	edgar/data/1850502/0001140361-24-046895.txt
15-12G	861878	STERICYCLE INC	2024-11-14	edgar/data/861878/0001104659-24-118407.txt
25	705432	SOUTHSIDE BANCSHARES INC	2024-11-14	edgar/data/705432/0000705432-24-000248.txt
25-NSE	1143313	NYSE AMERICAN LLC	2024-11-14	edgar/data/1143313/0001143313-24-000112.txt
25-NSE	98222	TIDEWATER INC	2024-11-14	edgar/data/98222/0001143313-24-000112.txt
15-12G	1834645	Peak Bio, Inc.	2024-11-15	edgar/data/1834645/0001193125-24-259839.txt
15-15D	1821292	Santander Drive Auto Receivables Trust 2020-3	2024-11-15	edgar/data/1821292/0001193125-24-259916.txt
25	1759631	Hyliion Holdings Corp.	2024-11-15	edgar/data/1759631/0001213900-24-099119.txt
25	711669	COLONY BANKCORP INC	2024-11-15	edgar/data/711669/0000711669-24-000131.txt
25-NSE	1354457	Nasdaq Stock Market LLC	2024-11-15	edgar/data/1354457/0001354457-24-000871.txt
25-NSE	1354457	Nasdaq Stock Market LLC	2024-11-15	edgar/data/1354457/0001354457-24-000872.txt
25-NSE	1603756	Axonics, Inc.	2024-11-15	edgar/data/1603756/0001354457-24-000871.txt
25-NSE	1765159	Nuvei Corp	2024-11-15	edgar/data/1765159/0001354457-24-000872.txt
25-NSE	1859686	SilverBox Corp III	2024-11-15	edgar/data/1859686/0000876661-24-001079.txt
25-NSE	876661	NEW YORK STOCK EXCHANGE LLC	2024-11-15	edgar/data/876661/0000876661-24-001079.txt
15-15D	1533840	CenterPoint Energy Transition Bond Co IV, LLC	2024-11-18	edgar/data/1533840/0001104659-24-120132.txt
25-NSE	1100663	iSHARES TRUST	2024-11-18	edgar/data/1100663/0000876661-24-001083.txt
25-NSE	1143362	NYSE ARCA, INC.	2024-11-18	edgar/data/1143362/0000876661-24-001083.txt
25-NSE	1846975	SDCL EDGE Acquisition Corp	2024-11-18	edgar/data/1846975/0000876661-24-001081.txt
25-NSE	876661	NEW YORK STOCK EXCHANGE LLC	2024-11-18	edgar/data/876661/0000876661-24-001081.txt
25	1683471	Listed Funds Trust	2024-11-19	edgar/data/1683471/0000894189-24-006767.txt
25	831114	RBB FUND, INC.	2024-11-19	edgar/data/831114/0000894189-24-006775.txt
25-NSE	1143313	NYSE AMERICAN LLC	2024-11-19	edgar/data/1143313/0001143313-24-000115.txt
25-NSE	1354457	Nasdaq Stock Market LLC	2024-11-19	edgar/data/1354457/0001354457-24-000875.txt
25-NSE	1354457	Nasdaq Stock Market LLC	2024-11-19	edgar/data/1354457/0001354457-24-000879.txt
25-NSE	1858028	Nova Vision Acquisition Corp	2024-11-19	edgar/data/1858028/0001354457-24-000879.txt
25-NSE	1910851	R1 RCM Inc. /DE	2024-11-19	edgar/data/1910851/0001354457-24-000875.txt
25-NSE	319458	Enservco Corp	2024-11-19	edgar/data/319458/0001143313-24-000115.txt
15-12G	1858028	Nova Vision Acquisition Corp	2024-11-20	edgar/data/1858028/0001493152-24-046946.txt
25-NSE	1354457	Nasdaq Stock Market LLC	2024-11-20	edgar/data/1354457/0001354457-24-000880.txt
25-NSE	1417835	Cboe BZX Exchange, Inc.	2024-11-20	edgar/data/1417835/0001417835-24-000186.txt
25-NSE	1848758	NEOS ETF Trust	2024-11-20	edgar/data/1848758/0001417835-24-000186.txt
25-NSE	1860879	Rigel Resource Acquisition Corp.	2024-11-20	edgar/data/1860879/0000876661-24-001090.txt
25-NSE	1865408	Exscientia plc	2024-11-20	edgar/data/1865408/0001354457-24-000880.txt
25-NSE	846596	DWS STRATEGIC MUNICIPAL INCOME TRUST	2024-11-20	edgar/data/846596/0000876661-24-001088.txt
25-NSE	876661	NEW YORK STOCK EXCHANGE LLC	2024-11-20	edgar/data/876661/0000876661-24-001088.txt
25-NSE	876661	NEW YORK STOCK EXCHANGE LLC	2024-11-20	edgar/data/876661/0000876661-24-001090.txt
25-NSE	1354457	Nasdaq Stock Market LLC	2024-11-21	edgar/data/1354457/0001354457-24-000884.txt
25-NSE	1354457	Nasdaq Stock Market LLC	2024-11-21	edgar/data/1354457/0001354457-24-000887.txt
25-NSE	1444406	ECOPETROL S.A.	2024-11-21	edgar/data/1444406/0000876661-24-001093.txt
25-NSE	1879851	TMT Acquisition Corp.	2024-11-21	edgar/data/1879851/0001354457-24-000887.txt
25-NSE	858655	HAYNES INTERNATIONAL INC	2024-11-21	edgar/data/858655/0001354457-24-000884.txt
25-NSE	876661	NEW YORK STOCK EXCHANGE LLC	2024-11-21	edgar/data/876661/0000876661-24-001093.txt
25-NSE	101778	MARATHON OIL CORP	2024-11-22	edgar/data/101778/0000876661-24-001100.txt
25-NSE	1143362	NYSE ARCA, INC.	2024-11-22	edgar/data/1143362/0000876661-24-001097.txt
25-NSE	1305168	ARC DOCUMENT SOLUTIONS, INC.	2024-11-22	edgar/data/1305168/0000876661-24-001102.txt
25-NSE	1519505	Miller/Howard High Income Equity Fund	2024-11-22	edgar/data/1519505/0000876661-24-001095.txt
25-NSE	1970751	Advisor Managed Portfolios	2024-11-22	edgar/data/1970751/0000876661-24-001097.txt
25-NSE	876661	NEW YORK STOCK EXCHANGE LLC	2024-11-22	edgar/data/876661/0000876661-24-001095.txt
25-NSE	876661	NEW YORK STOCK EXCHANGE LLC	2024-11-22	edgar/data/876661/0000876661-24-001100.txt
25-NSE	876661	NEW YORK STOCK EXCHANGE LLC	2024-11-22	edgar/data/876661/0000876661-24-001102.txt
15-12G	1603756	Axonics, Inc.	2024-11-25	edgar/data/1603756/0000947871-24-000956.txt
15-12G	1841804	INSTRUCTURE HOLDINGS, INC.	2024-11-25	edgar/data/1841804/0001193125-24-264713.txt
15-12G	1866550	Thoughtworks Holding, Inc.	2024-11-25	edgar/data/1866550/0001866550-24-000062.txt
15-12G	752294	ELECTRONIC SYSTEMS TECHNOLOGY INC	2024-11-25	edgar/data/752294/0001079973-24-001633.txt
15-15D	1845709	John Deere Owner Trust 2021	2024-11-25	edgar/data/1845709/0001558370-24-015921.txt
15F-12B	1765159	Nuvei Corp	2024-11-25	edgar/data/1765159/0000950103-24-016691.txt
25	1321655	Palantir Technologies Inc.	2024-11-25	edgar/data/1321655/0001321655-24-000231.txt
25-NSE	1116132	TAPESTRY, INC.	2024-11-25	edgar/data/1116132/0000876661-24-001108.txt
25-NSE	1337619	ENVESTNET, INC.	2024-11-25	edgar/data/1337619/0000876661-24-001106.txt
25-NSE	1627854	BNY Mellon Alcentra Global Credit Income 2024 Target Term Fu	2024-11-25	edgar/data/1627854/0000876661-24-001104.txt
25-NSE	876661	NEW YORK STOCK EXCHANGE LLC	2024-11-25	edgar/data/876661/0000876661-24-001104.txt
25-NSE	876661	NEW YORK STOCK EXCHANGE LLC	2024-11-25	edgar/data/876661/0000876661-24-001106.txt
25-NSE	876661	NEW YORK STOCK EXCHANGE LLC	2024-11-25	edgar/data/876661/0000876661-24-001108.txt
15-12G	1859686	SilverBox Corp III	2024-11-26	edgar/data/1859686/0001104659-24-122936.txt
15-12G	1869673	Berenson Acquisition Corp. I	2024-11-26	edgar/data/1869673/0001193125-24-265846.txt
15F-12G	1789330	MJ Harvest, Inc.	2024-11-26	edgar/data/1789330/0001903596-24-000692.txt
25	1901305	Forza X1, Inc.	2024-11-26	edgar/data/1901305/0001731122-24-001879.txt
25	827871	EAGLE PHARMACEUTICALS, INC.	2024-11-26	edgar/data/827871/0001104659-24-123086.txt
25-NSE	876661	NEW YORK STOCK EXCHANGE LLC	2024-11-26	edgar/data/876661/0000876661-24-001110.txt
25-NSE	894315	SITE Centers Corp.	2024-11-26	edgar/data/894315/0000876661-24-001110.txt
15-12G	1762322	SHIFT TECHNOLOGIES, INC.	2024-11-27	edgar/data/1762322/0001213900-24-103168.txt
25-NSE	1143362	NYSE ARCA, INC.	2024-11-27	edgar/data/1143362/0001143362-24-000358.txt
25-NSE	1354457	Nasdaq Stock Market LLC	2024-11-27	edgar/data/1354457/0001354457-24-000896.txt
25-NSE	1415995	New York Life Investments ETF Trust	2024-11-27	edgar/data/1415995/0001143362-24-000358.txt
25-NSE	1616318	Vista Outdoor Inc.	2024-11-27	edgar/data/1616318/0000876661-24-001115.txt
25-NSE	1683471	Listed Funds Trust	2024-11-27	edgar/data/1683471/0001354457-24-000896.txt
25-NSE	876661	NEW YORK STOCK EXCHANGE LLC	2024-11-27	edgar/data/876661/0000876661-24-001115.txt
15-12G	1675634	ShiftPixy, Inc.	2024-11-29	edgar/data/1675634/0001477932-24-007756.txt
15-12G	1910851	R1 RCM Inc. /DE	2024-11-29	edgar/data/1910851/0001193125-24-267850.txt
25-NSE	1143362	NYSE ARCA, INC.	2024-11-29	edgar/data/1143362/0001143362-24-000362.txt
25-NSE	1143362	NYSE ARCA, INC.	2024-11-29	edgar/data/1143362/0001143362-24-000364.txt
25-NSE	1311068	SCE Trust III	2024-11-29	edgar/data/1311068/0001143362-24-000366.txt
25-NSE	1683471	Listed Funds Trust	2024-11-29	edgar/data/1683471/0001143362-24-000362.txt
25-NSE	1976517	Roundhill ETF Trust	2024-11-29	edgar/data/1976517/0001143362-24-000364.txt
25-NSE	876661	NEW YORK STOCK EXCHANGE LLC	2024-11-29	edgar/data/876661/0001143362-24-000366.txt
25-NSE	876661	NEW YORK STOCK EXCHANGE LLC	2024-11-29	edgar/data/876661/0001143362-24-000368.txt
25-NSE	92103	SOUTHERN CALIFORNIA EDISON Co	2024-11-29	edgar/data/92103/0001143362-24-000368.txt
15-12G	101778	MARATHON OIL CORP	2024-12-02	edgar/data/101778/0001104659-24-124605.txt
15-12G	1305168	ARC DOCUMENT SOLUTIONS, INC.	2024-12-02	edgar/data/1305168/0001140361-24-048204.txt
15-12G	1846975	SDCL EDGE Acquisition Corp	2024-12-02	edgar/data/1846975/0001829126-24-007939.txt
15-12G	1865408	Exscientia plc	2024-12-02	edgar/data/1865408/0000947871-24-000969.txt
15-12G	858655	HAYNES INTERNATIONAL INC	2024-12-02	edgar/data/858655/0000950142-24-002866.txt
25-NSE	1354457	Nasdaq Stock Market LLC	2024-12-02	edgar/data/1354457/0001354457-24-000898.txt
25-NSE	1698508	Invesco High Income 2024 Target Term Fund	2024-12-02	edgar/data/1698508/0000876661-24-001117.txt
25-NSE	1832168	Longboard Pharmaceuticals, Inc.	2024-12-02	edgar/data/1832168/0001354457-24-000898.txt
25-NSE	38009	FORD MOTOR CREDIT CO LLC	2024-12-02	edgar/data/38009/0000876661-24-001119.txt
25-NSE	876661	NEW YORK STOCK EXCHANGE LLC	2024-12-02	edgar/data/876661/0000876661-24-001117.txt
25-NSE	876661	NEW YORK STOCK EXCHANGE LLC	2024-12-02	edgar/data/876661/0000876661-24-001119.txt
15-12G	1787412	WB Burgers Asia, Inc.	2024-12-03	edgar/data/1787412/0001599916-24-000306.txt
15-12G	1811530	Next Meats Holdings, Inc.	2024-12-03	edgar/data/1811530/0001599916-24-000304.txt
15-12G	1857910	Japan Food Tech Holdings, Inc.	2024-12-03	edgar/data/1857910/0001599916-24-000305.txt
15-12G	1883983	VISION SENSING ACQUISITION CORP.	2024-12-03	edgar/data/1883983/0001493152-24-048406.txt
15-12G	884713	Primo Water Corp /CN/	2024-12-03	edgar/data/884713/0001140361-24-048295.txt
15-15D	1601744	GS Mortgage Securities Trust 2014-GC20	2024-12-03	edgar/data/1601744/0001888524-24-017880.txt
25-NSE	1835591	Vizio Holding Corp.	2024-12-03	edgar/data/1835591/0000876661-24-001127.txt
25-NSE	310764	STRYKER CORP	2024-12-03	edgar/data/310764/0000876661-24-001125.txt
25-NSE	38009	FORD MOTOR CREDIT CO LLC	2024-12-03	edgar/data/38009/0000876661-24-001123.txt
25-NSE	803649	Equity Commonwealth	2024-12-03	edgar/data/803649/0000876661-24-001121.txt
25-NSE	876661	NEW YORK STOCK EXCHANGE LLC	2024-12-03	edgar/data/876661/0000876661-24-001121.txt
25-NSE	876661	NEW YORK STOCK EXCHANGE LLC	2024-12-03	edgar/data/876661/0000876661-24-001123.txt
25-NSE	876661	NEW YORK STOCK EXCHANGE LLC	2024-12-03	edgar/data/876661/0000876661-24-001125.txt
25-NSE	876661	NEW YORK STOCK EXCHANGE LLC	2024-12-03	edgar/data/876661/0000876661-24-001127.txt
15-12G	1408146	SCANDIUM INTERNATIONAL MINING CORP.	2024-12-04	edgar/data/1408146/0001437749-24-036644.txt
15-12G	1873441	Blockchain Coinvestors Acquisition Corp. I	2024-12-04	edgar/data/1873441/0000919574-24-007007.txt
15-15D	846596	DWS STRATEGIC MUNICIPAL INCOME TRUST	2024-12-04	edgar/data/846596/0000088053-24-001146.txt
25-NSE	1815849	ATI Physical Therapy, Inc.	2024-12-04	edgar/data/1815849/0000876661-24-001134.txt
25-NSE	1867102	Vertical Aerospace Ltd.	2024-12-04	edgar/data/1867102/0000876661-24-001138.txt
25-NSE	1870143	Perception Capital Corp. IV	2024-12-04	edgar/data/1870143/0000876661-24-001136.txt
25-NSE	876661	NEW YORK STOCK EXCHANGE LLC	2024-12-04	edgar/data/876661/0000876661-24-001134.txt
25-NSE	876661	NEW YORK STOCK EXCHANGE LLC	2024-12-04	edgar/data/876661/0000876661-24-001136.txt
25-NSE	876661	NEW YORK STOCK EXCHANGE LLC	2024-12-04	edgar/data/876661/0000876661-24-001138.txt
15-12G	1337619	ENVESTNET, INC.	2024-12-05	edgar/data/1337619/0001193125-24-271121.txt
15-12G	1396279	hhgregg, Inc.	2024-12-05	edgar/data/1396279/0000929638-24-004170.txt
15-12G	723733	MULTI SOLUTIONS II, INC	2024-12-05	edgar/data/723733/0001104659-24-125934.txt
25-NSE	1354457	Nasdaq Stock Market LLC	2024-12-05	edgar/data/1354457/0001354457-24-000917.txt
25-NSE	1354457	Nasdaq Stock Market LLC	2024-12-05	edgar/data/1354457/0001354457-24-000918.txt
25-NSE	1498710	Spirit Airlines, Inc.	2024-12-05	edgar/data/1498710/0000876661-24-001142.txt
25-NSE	1856961	Blue Ocean Acquisition Corp	2024-12-05	edgar/data/1856961/0001354457-24-000918.txt
25-NSE	1894630	Gores Holdings IX, Inc.	2024-12-05	edgar/data/1894630/0001354457-24-000917.txt
25-NSE	49826	ILLINOIS TOOL WORKS INC	2024-12-05	edgar/data/49826/0000876661-24-001140.txt
25-NSE	876661	NEW YORK STOCK EXCHANGE LLC	2024-12-05	edgar/data/876661/0000876661-24-001140.txt
25-NSE	876661	NEW YORK STOCK EXCHANGE LLC	2024-12-05	edgar/data/876661/0000876661-24-001142.txt
15-12G	1514946	AXIM BIOTECHNOLOGIES, INC.	2024-12-06	edgar/data/1514946/0001096906-24-002227.txt
15-12G	1901305	Forza X1, Inc.	2024-12-06	edgar/data/1901305/0001731122-24-001941.txt
15-15D	1599714	COMM 2014-UBS2 Mortgage Trust	2024-12-06	edgar/data/1599714/0001020242-24-000144.txt
15-15D	1760965	Kontoor Brands, Inc.	2024-12-06	edgar/data/1760965/0001760965-24-000055.txt
25-NSE	1100663	iSHARES TRUST	2024-12-06	edgar/data/1100663/0001417835-24-000198.txt
25-NSE	1417835	Cboe BZX Exchange, Inc.	2024-12-06	edgar/data/1417835/0001417835-24-000198.txt
25-NSE	1834974	Lion Electric Co	2024-12-06	edgar/data/1834974/0000876661-24-001146.txt
25-NSE	876661	NEW YORK STOCK EXCHANGE LLC	2024-12-06	edgar/data/876661/0000876661-24-001146.txt
15-12G	1616318	Vista Outdoor Inc.	2024-12-09	edgar/data/1616318/0000950157-24-001657.txt
15-12G	1762359	Acreage Holdings, Inc.	2024-12-09	edgar/data/1762359/0001628280-24-050489.txt
15-15D	1627480	PV Nano Cell, Ltd.	2024-12-09	edgar/data/1627480/0001213900-24-106742.txt
25-NSE	1089113	HSBC HOLDINGS PLC	2024-12-09	edgar/data/1089113/0000876661-24-001150.txt
25-NSE	1143362	NYSE ARCA, INC.	2024-12-09	edgar/data/1143362/0000876661-24-001148.txt
25-NSE	1354457	Nasdaq Stock Market LLC	2024-12-09	edgar/data/1354457/0001354457-24-000920.txt
25-NSE	1493580	BNY Mellon ETF Trust	2024-12-09	edgar/data/1493580/0000876661-24-001148.txt
25-NSE	1885998	Roth CH Acquisition V Co.	2024-12-09	edgar/data/1885998/0001354457-24-000920.txt
25-NSE	876661	NEW YORK STOCK EXCHANGE LLC	2024-12-09	edgar/data/876661/0000876661-24-001150.txt
15-12G	1735948	Greenbrook TMS Inc.	2024-12-10	edgar/data/1735948/0001140361-24-048936.txt
15F-12B	1776967	Natura &Co Holding S.A.	2024-12-10	edgar/data/1776967/0000950103-24-017460.txt
25	1771146	ETF Opportunities Trust	2024-12-10	edgar/data/1771146/0001839882-24-044530.txt
25-NSE	1411688	Container Store Group, Inc.	2024-12-10	edgar/data/1411688/0000876661-24-001154.txt
25-NSE	1521332	Aptiv PLC	2024-12-10	edgar/data/1521332/0000876661-24-001152.txt
25-NSE	876661	NEW YORK STOCK EXCHANGE LLC	2024-12-10	edgar/data/876661/0000876661-24-001152.txt
25-NSE	876661	NEW YORK STOCK EXCHANGE LLC	2024-12-10	edgar/data/876661/0000876661-24-001154.txt
25-NSE	1354457	Nasdaq Stock Market LLC	2024-12-11	edgar/data/1354457/0001354457-24-000926.txt
25-NSE	1843993	Thunder Bridge Capital Partners IV, Inc.	2024-12-11	edgar/data/1843993/0001354457-24-000926.txt
15-12G	1512886	NEUTRA CORP.	2024-12-12	edgar/data/1512886/0001161697-24-000513.txt
15-12G	1832168	Longboard Pharmaceuticals, Inc.	2024-12-12	edgar/data/1832168/0001140361-24-049089.txt
15-15D	2034526	Pharma Two B Ltd.	2024-12-12	edgar/data/2034526/0001213900-24-108055.txt
25-NSE	1114446	UBS AG	2024-12-12	edgar/data/1114446/0001143362-24-000388.txt
25-NSE	1126234	LUMOS PHARMA, INC.	2024-12-12	edgar/data/1126234/0001354457-24-000929.txt
25-NSE	1143362	NYSE ARCA, INC.	2024-12-12	edgar/data/1143362/0001143362-24-000388.txt
25-NSE	1354457	Nasdaq Stock Market LLC	2024-12-12	edgar/data/1354457/0001354457-24-000929.txt
25-NSE	1354457	Nasdaq Stock Market LLC	2024-12-12	edgar/data/1354457/0001354457-24-000935.txt
25-NSE	1601072	Atlantica Sustainable Infrastructure plc	2024-12-12	edgar/data/1601072/0001354457-24-000935.txt
15-12G	1293282	TechTarget Holdings Inc.	2024-12-13	edgar/data/1293282/0001193125-24-277926.txt
15-12G	1835591	Vizio Holding Corp.	2024-12-13	edgar/data/1835591/0001193125-24-277647.txt
15-12G	1845123	AleAnna, Inc.	2024-12-13	edgar/data/1845123/0001213900-24-108961.txt
15-12G	2022625	Nuveen Churchill Private Credit Fund	2024-12-13	edgar/data/2022625/0001628280-24-051161.txt
25	1683471	Listed Funds Trust	2024-12-13	edgar/data/1683471/0000894189-24-007252.txt
25	806517	PSYCHEMEDICS CORP	2024-12-13	edgar/data/806517/0001171843-24-006923.txt
25-NSE	1143362	NYSE ARCA, INC.	2024-12-13	edgar/data/1143362/0000876661-24-001162.txt
25-NSE	1354457	Nasdaq Stock Market LLC	2024-12-13	edgar/data/1354457/0001354457-24-000937.txt
25-NSE	1354457	Nasdaq Stock Market LLC	2024-12-13	edgar/data/1354457/0001354457-24-000938.txt
25-NSE	1354457	Nasdaq Stock Market LLC	2024-12-13	edgar/data/1354457/0001354457-24-000939.txt
25-NSE	1411342	Ellington Financial Inc.	2024-12-13	edgar/data/1411342/0000876661-24-001160.txt
25-NSE	1540305	ETF Series Solutions	2024-12-13	edgar/data/1540305/0000876661-24-001162.txt
25-NSE	1657201	Invesco Exchange-Traded Self-Indexed Fund Trust	2024-12-13	edgar/data/1657201/0001354457-24-000937.txt
25-NSE	1845123	AleAnna, Inc.	2024-12-13	edgar/data/1845123/0001354457-24-000938.txt
25-NSE	1862463	Insight Acquisition Corp. /DE	2024-12-13	edgar/data/1862463/0001354457-24-000939.txt
25-NSE	1873331	PROPERTYGURU GROUP LTD	2024-12-13	edgar/data/1873331/0000876661-24-001164.txt
25-NSE	876661	NEW YORK STOCK EXCHANGE LLC	2024-12-13	edgar/data/876661/0000876661-24-001160.txt
25-NSE	876661	NEW YORK STOCK EXCHANGE LLC	2024-12-13	edgar/data/876661/0000876661-24-001164.txt
15-12G	1061164	PEREGRINE INDUSTRIES INC	2024-12-16	edgar/data/1061164/0001477932-24-008066.txt
15-12G	1894630	Gores Holdings IX, Inc.	2024-12-16	edgar/data/1894630/0001193125-24-279071.txt
15-12G	1984076	Metros Development Co., Ltd.	2024-12-16	edgar/data/1984076/0001493152-24-050136.txt
25-NSE	1011509	Golden Minerals Co	2024-12-16	edgar/data/1011509/0000876661-24-001175.txt
25-NSE	1086754	CHUBB INA HOLDINGS LLC	2024-12-16	edgar/data/1086754/0000876661-24-001166.txt
25-NSE	109380	ZIONS BANCORPORATION, NATIONAL ASSOCIATION /UT/	2024-12-16	edgar/data/109380/0001354457-24-000946.txt
25-NSE	1100663	iSHARES TRUST	2024-12-16	edgar/data/1100663/0001354457-24-000947.txt
25-NSE	1143313	NYSE AMERICAN LLC	2024-12-16	edgar/data/1143313/0000876661-24-001175.txt
25-NSE	1323993	Perrigo Finance Unlimited Co	2024-12-16	edgar/data/1323993/0000876661-24-001173.txt
25-NSE	1354457	Nasdaq Stock Market LLC	2024-12-16	edgar/data/1354457/0001354457-24-000946.txt
25-NSE	1354457	Nasdaq Stock Market LLC	2024-12-16	edgar/data/1354457/0001354457-24-000947.txt
25-NSE	1585364	PERRIGO Co plc	2024-12-16	edgar/data/1585364/0000876661-24-001171.txt
25-NSE	1880441	Battery Future Acquisition Corp.	2024-12-16	edgar/data/1880441/0000876661-24-001178.txt
25-NSE	876661	NEW YORK STOCK EXCHANGE LLC	2024-12-16	edgar/data/876661/0000876661-24-001166.txt
25-NSE	876661	NEW YORK STOCK EXCHANGE LLC	2024-12-16	edgar/data/876661/0000876661-24-001169.txt
25-NSE	876661	NEW YORK STOCK EXCHANGE LLC	2024-12-16	edgar/data/876661/0000876661-24-001171.txt
25-NSE	876661	NEW YORK STOCK EXCHANGE LLC	2024-12-16	edgar/data/876661/0000876661-24-001173.txt
25-NSE	876661	NEW YORK STOCK EXCHANGE LLC	2024-12-16	edgar/data/876661/0000876661-24-001178.txt
25-NSE	896159	Chubb Ltd	2024-12-16	edgar/data/896159/0000876661-24-001169.txt
15-15D	1825300	CarMax Auto Owner Trust 2020-4	2024-12-17	edgar/data/1825300/0001825300-24-000060.txt
15F-12G	1854078	Relief Therapeutics Holding SA	2024-12-17	edgar/data/1854078/0001161697-24-000517.txt
25	1924868	Tidal Trust II	2024-12-17	edgar/data/1924868/0001999371-24-015467.txt
25	891944	HENNESSY FUNDS TRUST	2024-12-17	edgar/data/891944/0000897069-24-002312.txt
25-NSE	1071371	BANCOLOMBIA SA	2024-12-18	edgar/data/1071371/0000876661-24-001181.txt
25-NSE	1521332	Aptiv PLC	2024-12-18	edgar/data/1521332/0000876661-24-001183.txt
25-NSE	1596783	Catalent, Inc.	2024-12-18	edgar/data/1596783/0000876661-24-001185.txt
25-NSE	1724965	TALOS ENERGY INC.	2024-12-18	edgar/data/1724965/0000876661-24-001187.txt
25-NSE	876661	NEW YORK STOCK EXCHANGE LLC	2024-12-18	edgar/data/876661/0000876661-24-001181.txt
25-NSE	876661	NEW YORK STOCK EXCHANGE LLC	2024-12-18	edgar/data/876661/0000876661-24-001183.txt
25-NSE	876661	NEW YORK STOCK EXCHANGE LLC	2024-12-18	edgar/data/876661/0000876661-24-001185.txt
25-NSE	876661	NEW YORK STOCK EXCHANGE LLC	2024-12-18	edgar/data/876661/0000876661-24-001187.txt
15-12G	1781870	New Mountain Guardian III BDC, L.L.C.	2024-12-19	edgar/data/1781870/0001628280-24-052092.txt
25	1612930	Angel Oak Funds Trust	2024-12-19	edgar/data/1612930/0000894189-24-007426.txt
25	1848758	NEOS ETF Trust	2024-12-19	edgar/data/1848758/0001999371-24-015559.txt
25-NSE	1100663	iSHARES TRUST	2024-12-19	edgar/data/1100663/0000876661-24-001193.txt
25-NSE	1100663	iSHARES TRUST	2024-12-19	edgar/data/1100663/0001417835-24-000208.txt
25-NSE	1143313	NYSE AMERICAN LLC	2024-12-19	edgar/data/1143313/0000876661-24-001197.txt
25-NSE	1143362	NYSE ARCA, INC.	2024-12-19	edgar/data/1143362/0000876661-24-001193.txt
25-NSE	1143362	NYSE ARCA, INC.	2024-12-19	edgar/data/1143362/0000876661-24-001195.txt
25-NSE	1354457	Nasdaq Stock Market LLC	2024-12-19	edgar/data/1354457/0001354457-24-000958.txt
25-NSE	1354457	Nasdaq Stock Market LLC	2024-12-19	edgar/data/1354457/0001354457-24-000959.txt
25-NSE	1417835	Cboe BZX Exchange, Inc.	2024-12-19	edgar/data/1417835/0001417835-24-000208.txt
25-NSE	1540305	ETF Series Solutions	2024-12-19	edgar/data/1540305/0001354457-24-000959.txt
25-NSE	1774983	Brooge Energy Ltd	2024-12-19	edgar/data/1774983/0001354457-24-000958.txt
25-NSE	1822966	NUSCALE POWER Corp	2024-12-19	edgar/data/1822966/0000876661-24-001191.txt
25-NSE	1860434	Harbor ETF Trust	2024-12-19	edgar/data/1860434/0000876661-24-001195.txt
25-NSE	1882198	Athena Technology Acquisition Corp. II	2024-12-19	edgar/data/1882198/0000876661-24-001197.txt
25-NSE	876661	NEW YORK STOCK EXCHANGE LLC	2024-12-19	edgar/data/876661/0000876661-24-001191.txt
15-12G	1071236	RED RIVER BANCSHARES INC	2024-12-20	edgar/data/1071236/0001071236-24-000107.txt
15-12G	900475	SmartCard Marketing Systems Inc	2024-12-20	edgar/data/900475/0001062993-24-020990.txt
15-15D	1857290	Honda Auto Receivables 2021-2 Owner Trust	2024-12-20	edgar/data/1857290/0001104659-24-130549.txt
25	1013706	Wilhelmina International, Inc.	2024-12-20	edgar/data/1013706/0001683168-24-008896.txt
25	1699880	American Lithium Corp.	2024-12-20	edgar/data/1699880/0001062993-24-020931.txt
25	1816581	Ouster, Inc.	2024-12-20	edgar/data/1816581/0001193125-24-283126.txt
25	1816581	Ouster, Inc.	2024-12-20	edgar/data/1816581/0001193125-24-283133.txt
15-12G	1126234	LUMOS PHARMA, INC.	2024-12-23	edgar/data/1126234/0001104659-24-131070.txt
15-12G	1191070	BIONOMICS LIMITED/FI	2024-12-23	edgar/data/1191070/0001213900-24-111979.txt
15-12G	1601072	Atlantica Sustainable Infrastructure plc	2024-12-23	edgar/data/1601072/0001140361-24-050163.txt
15-12G	1843993	Thunder Bridge Capital Partners IV, Inc.	2024-12-23	edgar/data/1843993/0001213900-24-111877.txt
15-12G	1873331	PROPERTYGURU GROUP LTD	2024-12-23	edgar/data/1873331/0001140361-24-050181.txt
15-12G	2021031	Treasure Holdco, Inc.	2024-12-23	edgar/data/2021031/0001104659-24-131387.txt
25-NSE	1090372	Jacob Funds Inc.	2024-12-23	edgar/data/1090372/0001143362-24-000402.txt
25-NSE	1143362	NYSE ARCA, INC.	2024-12-23	edgar/data/1143362/0001143362-24-000402.txt
25-NSE	1408201	TORTOISE POWER & ENERGY INFRASTRUCTURE FUND INC	2024-12-23	edgar/data/1408201/0000876661-24-001205.txt
25-NSE	1490286	Tortoise Midstream Energy Fund, Inc.	2024-12-23	edgar/data/1490286/0000876661-24-001199.txt
25-NSE	1526329	TORTOISE PIPELINE & ENERGY FUND, INC.	2024-12-23	edgar/data/1526329/0000876661-24-001203.txt
25-NSE	1547158	TORTOISE ENERGY INDEPENDENCE FUND, INC.	2024-12-23	edgar/data/1547158/0000876661-24-001201.txt
25-NSE	1554625	Priority Income Fund, Inc.	2024-12-23	edgar/data/1554625/0001143362-24-000404.txt
25-NSE	1634997	Avangrid, Inc.	2024-12-23	edgar/data/1634997/0001143362-24-000406.txt
25-NSE	1863719	Everest Consolidator Acquisition Corp	2024-12-23	edgar/data/1863719/0000876661-24-001207.txt
25-NSE	876661	NEW YORK STOCK EXCHANGE LLC	2024-12-23	edgar/data/876661/0000876661-24-001199.txt
25-NSE	876661	NEW YORK STOCK EXCHANGE LLC	2024-12-23	edgar/data/876661/0000876661-24-001201.txt
25-NSE	876661	NEW YORK STOCK EXCHANGE LLC	2024-12-23	edgar/data/876661/0000876661-24-001203.txt
25-NSE	876661	NEW YORK STOCK EXCHANGE LLC	2024-12-23	edgar/data/876661/0000876661-24-001205.txt
25-NSE	876661	NEW YORK STOCK EXCHANGE LLC	2024-12-23	edgar/data/876661/0000876661-24-001207.txt
25-NSE	876661	NEW YORK STOCK EXCHANGE LLC	2024-12-23	edgar/data/876661/0001143362-24-000404.txt
25-NSE	876661	NEW YORK STOCK EXCHANGE LLC	2024-12-23	edgar/data/876661/0001143362-24-000406.txt
15-12G	1681556	GEX MANAGEMENT, INC.	2024-12-26	edgar/data/1681556/0001493152-24-051963.txt
15-15D	1589150	Regen BioPharma Inc	2024-12-26	edgar/data/1589150/0001493152-24-052071.txt
25	831114	RBB FUND, INC.	2024-12-26	edgar/data/831114/0001398344-24-023582.txt
25-NSE	1835256	Duckhorn Portfolio, Inc.	2024-12-26	edgar/data/1835256/0000876661-24-001210.txt
25-NSE	876661	NEW YORK STOCK EXCHANGE LLC	2024-12-26	edgar/data/876661/0000876661-24-001210.txt
15-15D	1834699	GM Financial Consumer Automobile Receivables Trust 2021-1	2024-12-27	edgar/data/1834699/0001213900-24-112854.txt
15-15D	1935132	GM Financial Automobile Leasing Trust 2022-3	2024-12-27	edgar/data/1935132/0001213900-24-112857.txt
25-NSE	1119639	PETROBRAS - PETROLEO BRASILEIRO SA	2024-12-27	edgar/data/1119639/0000876661-24-001218.txt
25-NSE	1143313	NYSE AMERICAN LLC	2024-12-27	edgar/data/1143313/0001143313-24-000123.txt
25-NSE	1304421	Consolidated Communications Holdings, Inc.	2024-12-27	edgar/data/1304421/0001354457-24-000967.txt
25-NSE	1354457	Nasdaq Stock Market LLC	2024-12-27	edgar/data/1354457/0001354457-24-000967.txt
25-NSE	1417835	Cboe BZX Exchange, Inc.	2024-12-27	edgar/data/1417835/0001417835-24-000212.txt
25-NSE	1437071	Invesco Mortgage Capital Inc.	2024-12-27	edgar/data/1437071/0000876661-24-001214.txt
25-NSE	1540305	ETF Series Solutions	2024-12-27	edgar/data/1540305/0001417835-24-000212.txt
25-NSE	1557157	Petrobras Global Finance B.V.	2024-12-27	edgar/data/1557157/0000876661-24-001216.txt
25-NSE	1861121	EVe Mobility Acquisition Corp	2024-12-27	edgar/data/1861121/0001143313-24-000123.txt
25-NSE	876661	NEW YORK STOCK EXCHANGE LLC	2024-12-27	edgar/data/876661/0000876661-24-001214.txt
25-NSE	876661	NEW YORK STOCK EXCHANGE LLC	2024-12-27	edgar/data/876661/0000876661-24-001216.txt
25-NSE	876661	NEW YORK STOCK EXCHANGE LLC	2024-12-27	edgar/data/876661/0000876661-24-001218.txt
15-12G	1521332	Aptiv PLC	2024-12-30	edgar/data/1521332/0001193125-24-286219.txt
15-12G	1596783	Catalent, Inc.	2024-12-30	edgar/data/1596783/0001193125-24-286216.txt
15-12G	1724965	TALOS ENERGY INC.	2024-12-30	edgar/data/1724965/0001193125-24-286859.txt
15-12G	65759	MICROPAC INDUSTRIES INC	2024-12-30	edgar/data/65759/0001214659-24-021150.txt
15F-12B	1561566	QIWI	2024-12-30	edgar/data/1561566/0000919574-24-007331.txt
25	1027596	ADVISORS SERIES TRUST	2024-12-30	edgar/data/1027596/0000894189-24-007706.txt
25	1288855	OptimumBank Holdings, Inc.	2024-12-30	edgar/data/1288855/0001493152-24-052475.txt
25	1834048	Sendas Distributor S.A.	2024-12-30	edgar/data/1834048/0001292814-24-004685.txt
25	1957146	Almacenes Exito S.A.	2024-12-30	edgar/data/1957146/0001213900-24-113217.txt
25-NSE	1143313	NYSE AMERICAN LLC	2024-12-30	edgar/data/1143313/0001143313-24-000125.txt
25-NSE	1682220	Sachem Capital Corp.	2024-12-30	edgar/data/1682220/0001143313-24-000125.txt
25-NSE	1788348	Brookfield Infrastructure Corp	2024-12-30	edgar/data/1788348/0000876661-24-001222.txt
25-NSE	1791863	Brookfield Renewable Corp	2024-12-30	edgar/data/1791863/0000876661-24-001225.txt
25-NSE	876661	NEW YORK STOCK EXCHANGE LLC	2024-12-30	edgar/data/876661/0000876661-24-001222.txt
25-NSE	876661	NEW YORK STOCK EXCHANGE LLC	2024-12-30	edgar/data/876661/0000876661-24-001225.txt
15-15D	1617760	Morgan Stanley Bank of America Merrill Lynch Trust 2014-C18	2024-12-31	edgar/data/1617760/0001853620-24-000315.txt
25	1286681	DOMINOS PIZZA INC	2024-12-31	edgar/data/1286681/0001193125-24-287193.txt
25	1853513	Mister Car Wash, Inc.	2024-12-31	edgar/data/1853513/0001193125-24-287175.txt
25-NSE	1143362	NYSE ARCA, INC.	2024-12-31	edgar/data/1143362/0001143362-24-000413.txt
25-NSE	1742912	Tidal ETF Trust	2024-12-31	edgar/data/1742912/0001143362-24-000413.txt
15-12G	1634997	Avangrid, Inc.	2025-01-02	edgar/data/1634997/0001193125-25-000106.txt
15-12G	1892922	Mars Acquisition Corp.	2025-01-02	edgar/data/1892922/0001104659-25-000352.txt
15-12G	806517	PSYCHEMEDICS CORP	2025-01-02	edgar/data/806517/0001171843-25-000010.txt
15-15D	1839998	American Oncology Network, Inc.	2025-01-02	edgar/data/1839998/0001140361-25-000002.txt
25-NSE	1267395	ASPEN INSURANCE HOLDINGS LTD	2025-01-02	edgar/data/1267395/0000876661-25-000002.txt
25-NSE	1302028	Manitex International, Inc.	2025-01-02	edgar/data/1302028/0001354457-25-000002.txt
25-NSE	1354457	Nasdaq Stock Market LLC	2025-01-02	edgar/data/1354457/0001354457-25-000001.txt
25-NSE	1354457	Nasdaq Stock Market LLC	2025-01-02	edgar/data/1354457/0001354457-25-000002.txt
25-NSE	1354457	Nasdaq Stock Market LLC	2025-01-02	edgar/data/1354457/0001354457-25-000004.txt
25-NSE	1354457	Nasdaq Stock Market LLC	2025-01-02	edgar/data/1354457/0001354457-25-000005.txt
25-NSE	1354457	Nasdaq Stock Market LLC	2025-01-02	edgar/data/1354457/0001354457-25-000006.txt
25-NSE	1564618	Independent Bank Group, Inc.	2025-01-02	edgar/data/1564618/0001354457-25-000001.txt
25-NSE	1629019	Merchants Bancorp	2025-01-02	edgar/data/1629019/0001354457-25-000004.txt
25-NSE	1877557	Integrated Wellness Acquisition Corp	2025-01-02	edgar/data/1877557/0000876661-25-000004.txt
25-NSE	1892922	Mars Acquisition Corp.	2025-01-02	edgar/data/1892922/0001354457-25-000005.txt
25-NSE	876661	NEW YORK STOCK EXCHANGE LLC	2025-01-02	edgar/data/876661/0000876661-25-000002.txt
25-NSE	876661	NEW YORK STOCK EXCHANGE LLC	2025-01-02	edgar/data/876661/0000876661-25-000004.txt
25-NSE	914712	Steel Connect, Inc.	2025-01-02	edgar/data/914712/0001354457-25-000006.txt
15-12G	1874474	Allego N.V.	2025-01-03	edgar/data/1874474/0001193125-25-001535.txt
15-15D	1168081	Desert Hawk Gold Corp.	2025-01-03	edgar/data/1168081/0001213900-25-000640.txt
25-NSE	1289636	PROFIRE ENERGY INC	2025-01-03	edgar/data/1289636/0001354457-25-000007.txt
25-NSE	1354457	Nasdaq Stock Market LLC	2025-01-03	edgar/data/1354457/0001354457-25-000007.txt
15-12G	1304421	Consolidated Communications Holdings, Inc.	2025-01-06	edgar/data/1304421/0001104659-25-001360.txt
15-12G	1835256	Duckhorn Portfolio, Inc.	2025-01-06	edgar/data/1835256/0001193125-25-002104.txt
15-15D	1668340	Bancorp 34, Inc.	2025-01-06	edgar/data/1668340/0001552781-25-000004.txt
25-NSE	1417835	Cboe BZX Exchange, Inc.	2025-01-06	edgar/data/1417835/0001417835-25-000004.txt
25-NSE	1771951	Dynamic Shares Trust	2025-01-06	edgar/data/1771951/0001417835-25-000004.txt
25-NSE	1816613	Markforged Holding Corp	2025-01-06	edgar/data/1816613/0000876661-25-000010.txt
25-NSE	1852633	Pinstripes Holdings, Inc.	2025-01-06	edgar/data/1852633/0000876661-25-000008.txt
25-NSE	1943705	Revelyst, Inc.	2025-01-06	edgar/data/1943705/0000876661-25-000006.txt
25-NSE	732717	AT&T INC.	2025-01-06	edgar/data/732717/0000876661-25-000012.txt
25-NSE	876661	NEW YORK STOCK EXCHANGE LLC	2025-01-06	edgar/data/876661/0000876661-25-000006.txt
25-NSE	876661	NEW YORK STOCK EXCHANGE LLC	2025-01-06	edgar/data/876661/0000876661-25-000008.txt
25-NSE	876661	NEW YORK STOCK EXCHANGE LLC	2025-01-06	edgar/data/876661/0000876661-25-000010.txt
25-NSE	876661	NEW YORK STOCK EXCHANGE LLC	2025-01-06	edgar/data/876661/0000876661-25-000012.txt
15-15D	1917698	Ford Credit Auto Lease Trust 2022-A	2025-01-07	edgar/data/1917698/0001917698-25-000003.txt
25-NSE	1354457	Nasdaq Stock Market LLC	2025-01-07	edgar/data/1354457/0001354457-25-000010.txt
25-NSE	1498233	Cepton, Inc.	2025-01-07	edgar/data/1498233/0001354457-25-000010.txt
25-NSE	1834974	Lion Electric Co	2025-01-07	edgar/data/1834974/0000876661-25-000014.txt
25-NSE	876661	NEW YORK STOCK EXCHANGE LLC	2025-01-07	edgar/data/876661/0000876661-25-000014.txt
25-NSE	1354457	Nasdaq Stock Market LLC	2025-01-08	edgar/data/1354457/0001354457-25-000014.txt
25-NSE	1661460	Poseida Therapeutics, Inc.	2025-01-08	edgar/data/1661460/0001354457-25-000014.txt
15-12G	1469115	Ridgedale Holdings Inc.	2025-01-10	edgar/data/1469115/0001683168-25-000199.txt
25	1587551	Capitol Series Trust	2025-01-10	edgar/data/1587551/0001580642-25-000205.txt
25-NSE	1143362	NYSE ARCA, INC.	2025-01-10	edgar/data/1143362/0001143362-25-000005.txt
25-NSE	1354457	Nasdaq Stock Market LLC	2025-01-10	edgar/data/1354457/0001354457-25-000015.txt
25-NSE	1415726	Innovator ETFs Trust	2025-01-10	edgar/data/1415726/0001417835-25-000008.txt
25-NSE	1417835	Cboe BZX Exchange, Inc.	2025-01-10	edgar/data/1417835/0001417835-25-000008.txt
25-NSE	1654595	Medalist Diversified REIT, Inc.	2025-01-10	edgar/data/1654595/0001354457-25-000015.txt
25-NSE	930667	iShares, Inc.	2025-01-10	edgar/data/930667/0001143362-25-000005.txt
15-12G	1173281	NeuBase Therapeutics, Inc.	2025-01-13	edgar/data/1173281/0001104659-25-003052.txt
15-12G	1302028	Manitex International, Inc.	2025-01-13	edgar/data/1302028/0001193125-25-004902.txt
15-12G	1564618	Independent Bank Group, Inc.	2025-01-13	edgar/data/1564618/0000950103-25-000432.txt
15-12G	1564618	Independent Bank Group, Inc.	2025-01-13	edgar/data/1564618/0000950103-25-000433.txt
15-12G	1564618	Independent Bank Group, Inc.	2025-01-13	edgar/data/1564618/0000950103-25-000435.txt
15-12G	1807427	Blue Owl Capital Corp III	2025-01-13	edgar/data/1807427/0001628280-25-001363.txt
15-12G	1815632	Tego Cyber, Inc.	2025-01-13	edgar/data/1815632/0001554795-25-000012.txt
15-15D	1815632	Tego Cyber, Inc.	2025-01-13	edgar/data/1815632/0001554795-25-000007.txt
25-NSE	1807427	Blue Owl Capital Corp III	2025-01-13	edgar/data/1807427/0000876661-25-000018.txt
25-NSE	876661	NEW YORK STOCK EXCHANGE LLC	2025-01-13	edgar/data/876661/0000876661-25-000018.txt
15-12G	1502152	GlobeStar Therapeutics Corp	2025-01-14	edgar/data/1502152/0001161697-25-000052.txt
15-12G	1850079	Telesis Bio Inc.	2025-01-14	edgar/data/1850079/0001193125-25-006196.txt
25-NSE	1037676	ARCH RESOURCES, INC.	2025-01-14	edgar/data/1037676/0000876661-25-000024.txt
25-NSE	876661	NEW YORK STOCK EXCHANGE LLC	2025-01-14	edgar/data/876661/0000876661-25-000022.txt
25-NSE	876661	NEW YORK STOCK EXCHANGE LLC	2025-01-14	edgar/data/876661/0000876661-25-000024.txt
25-NSE	909327	Suzano S.A.	2025-01-14	edgar/data/909327/0000876661-25-000022.txt
15-12G	1289636	PROFIRE ENERGY INC	2025-01-15	edgar/data/1289636/0001104659-25-003667.txt
15-15D	1612124	Morgan Stanley Bank of America Merrill Lynch Trust 2014-C17	2025-01-15	edgar/data/1612124/0000950123-25-000307.txt
25-NSE	1354457	Nasdaq Stock Market LLC	2025-01-15	edgar/data/1354457/0001354457-25-000027.txt
25-NSE	1868269	Chenghe Acquisition I Co.	2025-01-15	edgar/data/1868269/0001354457-25-000027.txt
15-15D	1600824	Citigroup Commercial Mortgage Trust 2014-GC19	2025-01-16	edgar/data/1600824/0001853620-25-000003.txt
25	1236275	QXO, Inc.	2025-01-16	edgar/data/1236275/0000950142-25-000143.txt
25-NSE	1143362	NYSE ARCA, INC.	2025-01-16	edgar/data/1143362/0000876661-25-000037.txt
25-NSE	1354457	Nasdaq Stock Market LLC	2025-01-16	edgar/data/1354457/0001354457-25-000029.txt
25-NSE	1417835	Cboe BZX Exchange, Inc.	2025-01-16	edgar/data/1417835/0001417835-25-000013.txt
25-NSE	1444406	ECOPETROL S.A.	2025-01-16	edgar/data/1444406/0000876661-25-000032.txt
25-NSE	14930	BRUNSWICK CORP	2025-01-16	edgar/data/14930/0000876661-25-000039.txt
25-NSE	1506001	Neuberger Berman ETF Trust	2025-01-16	edgar/data/1506001/0000876661-25-000037.txt
25-NSE	1517006	Gatos Silver, Inc.	2025-01-16	edgar/data/1517006/0000876661-25-000035.txt
25-NSE	1650149	Series Portfolios Trust	2025-01-16	edgar/data/1650149/0001417835-25-000013.txt
25-NSE	1786108	Trinity Capital Inc.	2025-01-16	edgar/data/1786108/0001354457-25-000029.txt
25-NSE	876661	NEW YORK STOCK EXCHANGE LLC	2025-01-16	edgar/data/876661/0000876661-25-000032.txt
25-NSE	876661	NEW YORK STOCK EXCHANGE LLC	2025-01-16	edgar/data/876661/0000876661-25-000035.txt
25-NSE	876661	NEW YORK STOCK EXCHANGE LLC	2025-01-16	edgar/data/876661/0000876661-25-000039.txt
15-12G	1498233	Cepton, Inc.	2025-01-17	edgar/data/1498233/0000950103-25-000622.txt
15-12G	1537028	Independence Contract Drilling, Inc.	2025-01-17	edgar/data/1537028/0001537028-25-000005.txt
15-12G	1856961	Blue Ocean Acquisition Corp	2025-01-17	edgar/data/1856961/0001213900-25-004394.txt
15-12G	914712	Steel Connect, Inc.	2025-01-17	edgar/data/914712/0001213900-25-004365.txt
15-15D	1604738	Ashford Inc.	2025-01-17	edgar/data/1604738/0001104659-25-004206.txt
25	1620179	Exela Technologies, Inc.	2025-01-17	edgar/data/1620179/0001104659-25-004497.txt
25-NSE	1143362	NYSE ARCA, INC.	2025-01-17	edgar/data/1143362/0001143362-25-000013.txt
25-NSE	1479026	Goldman Sachs ETF Trust	2025-01-17	edgar/data/1479026/0001143362-25-000013.txt
25-NSE	1779020	Danimer Scientific, Inc.	2025-01-17	edgar/data/1779020/0000876661-25-000043.txt
25-NSE	876661	NEW YORK STOCK EXCHANGE LLC	2025-01-17	edgar/data/876661/0000876661-25-000043.txt
15-12G	1654595	Medalist Diversified REIT, Inc.	2025-01-21	edgar/data/1654595/0001104659-25-004709.txt
15-12G	1661460	Poseida Therapeutics, Inc.	2025-01-21	edgar/data/1661460/0001193125-25-008945.txt
25-NSE	1000351	LEUTHOLD FUNDS INC	2025-01-21	edgar/data/1000351/0001143362-25-000018.txt
25-NSE	1143362	NYSE ARCA, INC.	2025-01-21	edgar/data/1143362/0001143362-25-000018.txt
25-NSE	1143362	NYSE ARCA, INC.	2025-01-21	edgar/data/1143362/0001143362-25-000020.txt
25-NSE	1683471	Listed Funds Trust	2025-01-21	edgar/data/1683471/0001143362-25-000020.txt
15-12G	1862068	Rubicon Technologies, Inc.	2025-01-22	edgar/data/1862068/0001829126-25-000307.txt
25-NSE	1366561	SMARTSHEET INC	2025-01-22	edgar/data/1366561/0000876661-25-000046.txt
25-NSE	876661	NEW YORK STOCK EXCHANGE LLC	2025-01-22	edgar/data/876661/0000876661-25-000046.txt
15-12G	1596856	Leju Holdings Ltd	2025-01-23	edgar/data/1596856/0001104659-25-005431.txt
15-12G	1605057	Vemanti Group, Inc.	2025-01-23	edgar/data/1605057/0001477932-25-000422.txt
15-12G	1642375	Guardion Health Sciences, Inc.	2025-01-23	edgar/data/1642375/0001493152-25-003435.txt
25	890447	Vertex Energy Inc.	2025-01-23	edgar/data/890447/0001839882-25-003579.txt
25-NSE	1143362	NYSE ARCA, INC.	2025-01-23	edgar/data/1143362/0001143362-25-000028.txt
25-NSE	1354457	Nasdaq Stock Market LLC	2025-01-23	edgar/data/1354457/0001354457-25-000037.txt
25-NSE	1484018	Spinnaker ETF Series	2025-01-23	edgar/data/1484018/0001143362-25-000028.txt
25-NSE	931584	UNIVERSAL STAINLESS & ALLOY PRODUCTS INC	2025-01-23	edgar/data/931584/0001354457-25-000037.txt
15-12G	1037676	ARCH RESOURCES, INC.	2025-01-24	edgar/data/1037676/0001193125-25-012204.txt
15-12G	1943705	Revelyst, Inc.	2025-01-24	edgar/data/1943705/0001943705-25-000002.txt
15-12G	719739	SVB FINANCIAL GROUP	2025-01-24	edgar/data/719739/0001193125-25-012292.txt
15-12G	827871	EAGLE PHARMACEUTICALS, INC.	2025-01-24	edgar/data/827871/0001104659-25-005983.txt
15-15D	1522860	Acutus Medical, Inc.	2025-01-24	edgar/data/1522860/0000950103-25-000880.txt
25-NSE	1213660	BIMI Holdings Inc.	2025-01-24	edgar/data/1213660/0001354457-25-000041.txt
25-NSE	1354457	Nasdaq Stock Market LLC	2025-01-24	edgar/data/1354457/0001354457-25-000041.txt
25-NSE	1354457	Nasdaq Stock Market LLC	2025-01-24	edgar/data/1354457/0001354457-25-000042.txt
25-NSE	1895144	Golden Star Acquisition Corp	2025-01-24	edgar/data/1895144/0001354457-25-000042.txt
15-12G	1517006	Gatos Silver, Inc.	2025-01-27	edgar/data/1517006/0001193125-25-013224.txt
15-12G	1620179	Exela Technologies, Inc.	2025-01-27	edgar/data/1620179/0001104659-25-006372.txt
15-12G	1868269	Chenghe Acquisition I Co.	2025-01-27	edgar/data/1868269/0001104659-25-006093.txt
15-15D	715957	DOMINION ENERGY, INC	2025-01-27	edgar/data/715957/0001193125-25-013365.txt
15-15D	715957	DOMINION ENERGY, INC	2025-01-27	edgar/data/715957/0001193125-25-013369.txt
15-15D	715957	DOMINION ENERGY, INC	2025-01-27	edgar/data/715957/0001193125-25-013371.txt
15-15D	715957	DOMINION ENERGY, INC	2025-01-27	edgar/data/715957/0001193125-25-013380.txt
15-15D	715957	DOMINION ENERGY, INC	2025-01-27	edgar/data/715957/0001193125-25-013389.txt
15-15D	715957	DOMINION ENERGY, INC	2025-01-27	edgar/data/715957/0001193125-25-013392.txt
25	1789029	Aeva Technologies, Inc.	2025-01-27	edgar/data/1789029/0001193125-25-013385.txt
25-NSE	876661	NEW YORK STOCK EXCHANGE LLC	2025-01-27	edgar/data/876661/0000876661-25-000052.txt
25-NSE	9984	BARNES GROUP INC	2025-01-27	edgar/data/9984/0000876661-25-000052.txt
25	1683471	Listed Funds Trust	2025-01-28	edgar/data/1683471/0000894189-25-000505.txt
25	1976517	Roundhill ETF Trust	2025-01-28	edgar/data/1976517/0000894189-25-000507.txt
25-NSE	1143362	NYSE ARCA, INC.	2025-01-28	edgar/data/1143362/0001143362-25-000030.txt
25-NSE	1417835	Cboe BZX Exchange, Inc.	2025-01-28	edgar/data/1417835/0001417835-25-000021.txt
25-NSE	1479026	Goldman Sachs ETF Trust	2025-01-28	edgar/data/1479026/0001417835-25-000021.txt
25-NSE	1491978	FLEXSHARES TRUST	2025-01-28	edgar/data/1491978/0001143362-25-000030.txt
15-12G	1788348	Brookfield Infrastructure Corp	2025-01-29	edgar/data/1788348/0001193125-25-015717.txt
15-15D	1586454	Prime Meridian Holding Co	2025-01-29	edgar/data/1586454/0001437749-25-002139.txt
25-NSE	1354457	Nasdaq Stock Market LLC	2025-01-29	edgar/data/1354457/0001354457-25-000049.txt
25-NSE	1354457	Nasdaq Stock Market LLC	2025-01-29	edgar/data/1354457/0001354457-25-000050.txt
25-NSE	1838162	Slam Corp.	2025-01-29	edgar/data/1838162/0001354457-25-000049.txt
25-NSE	890447	Vertex Energy Inc.	2025-01-29	edgar/data/890447/0001354457-25-000050.txt
15-12G	1431074	Bergio International, Inc.	2025-01-30	edgar/data/1431074/0001393905-25-000036.txt
15-12G	1839132	Movella Holdings Inc.	2025-01-30	edgar/data/1839132/0001628280-25-003174.txt
15-12G	1847440	Coliseum Acquisition Corp.	2025-01-30	edgar/data/1847440/0001104659-25-007480.txt
15-12G	886835	SUPERIOR ENERGY SERVICES INC	2025-01-30	edgar/data/886835/0001193125-25-016670.txt
15-15D	1072725	GOLD RESERVE LTD	2025-01-30	edgar/data/1072725/0001072725-25-000039.txt
25	1894210	Qomolangma Acquisition Corp.	2025-01-30	edgar/data/1894210/0001493152-25-004255.txt
25-NSE	1143362	NYSE ARCA, INC.	2025-01-30	edgar/data/1143362/0001143362-25-000034.txt
25-NSE	1633061	Amplify ETF Trust	2025-01-30	edgar/data/1633061/0001143362-25-000034.txt
25-NSE	1354457	Nasdaq Stock Market LLC	2025-01-31	edgar/data/1354457/0001354457-25-000058.txt
25-NSE	1592000	EnLink Midstream, LLC	2025-01-31	edgar/data/1592000/0000876661-25-000059.txt
25-NSE	51143	INTERNATIONAL BUSINESS MACHINES CORP	2025-01-31	edgar/data/51143/0000876661-25-000057.txt
25-NSE	876661	NEW YORK STOCK EXCHANGE LLC	2025-01-31	edgar/data/876661/0000876661-25-000057.txt
25-NSE	876661	NEW YORK STOCK EXCHANGE LLC	2025-01-31	edgar/data/876661/0000876661-25-000059.txt
25-NSE	920112	HEARTLAND FINANCIAL USA INC	2025-01-31	edgar/data/920112/0001354457-25-000058.txt
15-12G	1894210	Qomolangma Acquisition Corp.	2025-02-03	edgar/data/1894210/0001493152-25-004562.txt
15-12G	890447	Vertex Energy Inc.	2025-02-03	edgar/data/890447/0001999371-25-001104.txt
15-12G	931584	UNIVERSAL STAINLESS & ALLOY PRODUCTS INC	2025-02-03	edgar/data/931584/0001193125-25-018936.txt
25	1575295	Allied Corp.	2025-02-03	edgar/data/1575295/0001477932-25-000625.txt
25-NSE	1143313	NYSE AMERICAN LLC	2025-02-03	edgar/data/1143313/0001143313-25-000004.txt
25-NSE	1354457	Nasdaq Stock Market LLC	2025-02-03	edgar/data/1354457/0001354457-25-000059.txt
25-NSE	1417835	Cboe BZX Exchange, Inc.	2025-02-03	edgar/data/1417835/0001417835-25-000031.txt
25-NSE	1468666	SecureWorks Corp	2025-02-03	edgar/data/1468666/0001354457-25-000059.txt
25-NSE	1529390	Cambria ETF Trust	2025-02-03	edgar/data/1529390/0001417835-25-000031.txt
25-NSE	1725872	BM Technologies, Inc.	2025-02-03	edgar/data/1725872/0001143313-25-000004.txt
15-12G	1411688	Container Store Group, Inc.	2025-02-04	edgar/data/1411688/0001104659-25-009143.txt
15-15D	1753931	Shengda Network Technology, Inc.	2025-02-05	edgar/data/1753931/0001753931-25-000011.txt
15-15D	1830316	Ford Credit Auto Owner Trust 2020-C	2025-02-05	edgar/data/1830316/0001830316-25-000006.txt
25-NSE	1143313	NYSE AMERICAN LLC	2025-02-05	edgar/data/1143313/0001143313-25-000006.txt
25-NSE	1160106	Lloyds Banking Group plc	2025-02-05	edgar/data/1160106/0001143313-25-000008.txt
25-NSE	1313275	BRIGHTCOVE INC	2025-02-05	edgar/data/1313275/0001354457-25-000069.txt
25-NSE	1354457	Nasdaq Stock Market LLC	2025-02-05	edgar/data/1354457/0001354457-25-000069.txt
25-NSE	1354457	Nasdaq Stock Market LLC	2025-02-05	edgar/data/1354457/0001354457-25-000070.txt
25-NSE	2178	ADAMS RESOURCES & ENERGY, INC.	2025-02-05	edgar/data/2178/0001143313-25-000006.txt
25-NSE	704562	Avid Bioservices, Inc.	2025-02-05	edgar/data/704562/0001354457-25-000070.txt
25-NSE	876661	NEW YORK STOCK EXCHANGE LLC	2025-02-05	edgar/data/876661/0001143313-25-000008.txt
15-12G	9984	BARNES GROUP INC	2025-02-06	edgar/data/9984/0001140361-25-003281.txt
25	1823587	Sky Harbour Group Corp	2025-02-06	edgar/data/1823587/0001437749-25-002956.txt
25	1890671	DUET Acquisition Corp.	2025-02-06	edgar/data/1890671/0001493152-25-005107.txt
25-NSE	1354457	Nasdaq Stock Market LLC	2025-02-06	edgar/data/1354457/0001354457-25-000073.txt
25-NSE	1479290	Revance Therapeutics, Inc.	2025-02-06	edgar/data/1479290/0001354457-25-000073.txt
25-NSE	30125	Insight Select Income Fund	2025-02-07	edgar/data/30125/0000876661-25-000071.txt
25-NSE	38009	FORD MOTOR CREDIT CO LLC	2025-02-07	edgar/data/38009/0000876661-25-000065.txt
25-NSE	876661	NEW YORK STOCK EXCHANGE LLC	2025-02-07	edgar/data/876661/0000876661-25-000065.txt
25-NSE	876661	NEW YORK STOCK EXCHANGE LLC	2025-02-07	edgar/data/876661/0000876661-25-000071.txt
15-12G	1592000	EnLink Midstream, LLC	2025-02-10	edgar/data/1592000/0001213900-25-011800.txt
15-12G	1895144	Golden Star Acquisition Corp	2025-02-10	edgar/data/1895144/0001493152-25-005636.txt
15-12G	920112	HEARTLAND FINANCIAL USA INC	2025-02-10	edgar/data/920112/0001193125-25-023227.txt
15-15D	1179060	EnLink Midstream Partners, LP	2025-02-10	edgar/data/1179060/0001213900-25-011809.txt
15-15D	1179060	EnLink Midstream Partners, LP	2025-02-10	edgar/data/1179060/0001213900-25-011812.txt
15-15D	1592000	EnLink Midstream, LLC	2025-02-10	edgar/data/1592000/0001213900-25-011803.txt
15-15D	1592000	EnLink Midstream, LLC	2025-02-10	edgar/data/1592000/0001213900-25-011806.txt
25	1366868	Globalstar, Inc.	2025-02-10	edgar/data/1366868/0001366868-25-000023.txt
25	1565228	Vislink Technologies, Inc.	2025-02-10	edgar/data/1565228/0001493152-25-005613.txt
25	1871149	Real Good Food Company, Inc.	2025-02-10	edgar/data/1871149/0001193125-25-023647.txt
25-NSE	1354457	Nasdaq Stock Market LLC	2025-02-10	edgar/data/1354457/0001354457-25-000077.txt
25-NSE	1813914	CareMax, Inc.	2025-02-10	edgar/data/1813914/0001354457-25-000077.txt
15-12G	1575295	Allied Corp.	2025-02-11	edgar/data/1575295/0001477932-25-000851.txt
15-12G	202947	CAPITAL PROPERTIES INC /RI/	2025-02-11	edgar/data/202947/0001193125-25-024140.txt
25-NSE	1267813	MARINUS PHARMACEUTICALS, INC.	2025-02-11	edgar/data/1267813/0001354457-25-000089.txt
25-NSE	1306830	Celanese Corp	2025-02-11	edgar/data/1306830/0000876661-25-000079.txt
25-NSE	1314497	Celanese Acetate LLC	2025-02-11	edgar/data/1314497/0000876661-25-000083.txt
25-NSE	1314498	Celanese Americas LLC	2025-02-11	edgar/data/1314498/0000876661-25-000081.txt
25-NSE	1314499	Celanese Chemicals, Inc.	2025-02-11	edgar/data/1314499/0000876661-25-000085.txt
25-NSE	1314502	Celanese International Corp	2025-02-11	edgar/data/1314502/0000876661-25-000089.txt
25-NSE	1314503	Celanese Ltd.	2025-02-11	edgar/data/1314503/0000876661-25-000104.txt
25-NSE	1314506	Celtran, Inc.	2025-02-11	edgar/data/1314506/0000876661-25-000091.txt
25-NSE	1314511	Ticona Fortron Inc.	2025-02-11	edgar/data/1314511/0000876661-25-000095.txt
25-NSE	1314512	Ticona LLC	2025-02-11	edgar/data/1314512/0000876661-25-000099.txt
25-NSE	1314513	Ticona Polymers, Inc.	2025-02-11	edgar/data/1314513/0000876661-25-000097.txt
25-NSE	1314514	Celanese US Holdings LLC	2025-02-11	edgar/data/1314514/0000876661-25-000077.txt
25-NSE	1354457	Nasdaq Stock Market LLC	2025-02-11	edgar/data/1354457/0001354457-25-000089.txt
25-NSE	1513331	KEP Americas Engineering Plastics, LLC	2025-02-11	edgar/data/1513331/0000876661-25-000093.txt
25-NSE	1513332	Celanese Global Relocation LLC	2025-02-11	edgar/data/1513332/0000876661-25-000102.txt
25-NSE	1621563	Summit Materials, Inc.	2025-02-11	edgar/data/1621563/0000876661-25-000075.txt
25-NSE	1681009	Celanese Sales U.S. Ltd.	2025-02-11	edgar/data/1681009/0000876661-25-000106.txt
25-NSE	812427	CNA HOLDINGS LLC	2025-02-11	edgar/data/812427/0000876661-25-000087.txt
25-NSE	876661	NEW YORK STOCK EXCHANGE LLC	2025-02-11	edgar/data/876661/0000876661-25-000075.txt
25-NSE	876661	NEW YORK STOCK EXCHANGE LLC	2025-02-11	edgar/data/876661/0000876661-25-000077.txt
25-NSE	876661	NEW YORK STOCK EXCHANGE LLC	2025-02-11	edgar/data/876661/0000876661-25-000079.txt
25-NSE	876661	NEW YORK STOCK EXCHANGE LLC	2025-02-11	edgar/data/876661/0000876661-25-000081.txt
25-NSE	876661	NEW YORK STOCK EXCHANGE LLC	2025-02-11	edgar/data/876661/0000876661-25-000083.txt
25-NSE	876661	NEW YORK STOCK EXCHANGE LLC	2025-02-11	edgar/data/876661/0000876661-25-000085.txt
25-NSE	876661	NEW YORK STOCK EXCHANGE LLC	2025-02-11	edgar/data/876661/0000876661-25-000087.txt
25-NSE	876661	NEW YORK STOCK EXCHANGE LLC	2025-02-11	edgar/data/876661/0000876661-25-000089.txt
25-NSE	876661	NEW YORK STOCK EXCHANGE LLC	2025-02-11	edgar/data/876661/0000876661-25-000091.txt
25-NSE	876661	NEW YORK STOCK EXCHANGE LLC	2025-02-11	edgar/data/876661/0000876661-25-000093.txt
25-NSE	876661	NEW YORK STOCK EXCHANGE LLC	2025-02-11	edgar/data/876661/0000876661-25-000095.txt
25-NSE	876661	NEW YORK STOCK EXCHANGE LLC	2025-02-11	edgar/data/876661/0000876661-25-000097.txt
25-NSE	876661	NEW YORK STOCK EXCHANGE LLC	2025-02-11	edgar/data/876661/0000876661-25-000099.txt
25-NSE	876661	NEW YORK STOCK EXCHANGE LLC	2025-02-11	edgar/data/876661/0000876661-25-000102.txt
25-NSE	876661	NEW YORK STOCK EXCHANGE LLC	2025-02-11	edgar/data/876661/0000876661-25-000104.txt
25-NSE	876661	NEW YORK STOCK EXCHANGE LLC	2025-02-11	edgar/data/876661/0000876661-25-000106.txt
15-15D	1577230	Retail Opportunity Investments Partnership, LP	2025-02-12	edgar/data/1577230/0001193125-25-025105.txt
15-15D	1629069	Morgan Stanley Bank of America Merrill Lynch Trust 2015-C20	2025-02-12	edgar/data/1629069/0001888524-25-001745.txt
25-NSE	1354457	Nasdaq Stock Market LLC	2025-02-12	edgar/data/1354457/0001354457-25-000091.txt
25-NSE	1354457	Nasdaq Stock Market LLC	2025-02-12	edgar/data/1354457/0001354457-25-000092.txt
25-NSE	1354457	Nasdaq Stock Market LLC	2025-02-12	edgar/data/1354457/0001354457-25-000093.txt
25-NSE	1354457	Nasdaq Stock Market LLC	2025-02-12	edgar/data/1354457/0001354457-25-000094.txt
25-NSE	1354457	Nasdaq Stock Market LLC	2025-02-12	edgar/data/1354457/0001354457-25-000095.txt
25-NSE	1354457	Nasdaq Stock Market LLC	2025-02-12	edgar/data/1354457/0001354457-25-000100.txt
25-NSE	1407623	RETAIL OPPORTUNITY INVESTMENTS CORP	2025-02-12	edgar/data/1407623/0001354457-25-000100.txt
25-NSE	1822886	HHG Capital Corp	2025-02-12	edgar/data/1822886/0001354457-25-000095.txt
25-NSE	1849058	Clover Leaf Capital Corp.	2025-02-12	edgar/data/1849058/0001354457-25-000092.txt
25-NSE	1851612	Focus Impact BH3 Acquisition Co	2025-02-12	edgar/data/1851612/0001354457-25-000091.txt
25-NSE	1901305	Forza X1, Inc.	2025-02-12	edgar/data/1901305/0001354457-25-000094.txt
25-NSE	29332	DIXIE GROUP INC	2025-02-12	edgar/data/29332/0001354457-25-000093.txt
25-NSE	2969	Air Products & Chemicals, Inc.	2025-02-12	edgar/data/2969/0000876661-25-000110.txt
25-NSE	876661	NEW YORK STOCK EXCHANGE LLC	2025-02-12	edgar/data/876661/0000876661-25-000110.txt
15-12G	1468666	SecureWorks Corp	2025-02-13	edgar/data/1468666/0001193125-25-025575.txt
25-NSE	1354457	Nasdaq Stock Market LLC	2025-02-13	edgar/data/1354457/0001354457-25-000108.txt
25-NSE	1835378	Innovid Corp.	2025-02-13	edgar/data/1835378/0000876661-25-000113.txt
25-NSE	1847607	RF Acquisition Corp.	2025-02-13	edgar/data/1847607/0001354457-25-000108.txt
25-NSE	876661	NEW YORK STOCK EXCHANGE LLC	2025-02-13	edgar/data/876661/0000876661-25-000113.txt
15-12G	1847607	RF Acquisition Corp.	2025-02-14	edgar/data/1847607/0001104659-25-014313.txt
25-NSE	1143313	NYSE AMERICAN LLC	2025-02-14	edgar/data/1143313/0000876661-25-000118.txt
25-NSE	1354457	Nasdaq Stock Market LLC	2025-02-14	edgar/data/1354457/0001354457-25-000109.txt
25-NSE	1354457	Nasdaq Stock Market LLC	2025-02-14	edgar/data/1354457/0001354457-25-000111.txt
25-NSE	1354457	Nasdaq Stock Market LLC	2025-02-14	edgar/data/1354457/0001354457-25-000112.txt
25-NSE	1354457	Nasdaq Stock Market LLC	2025-02-14	edgar/data/1354457/0001354457-25-000113.txt
25-NSE	1385157	TE Connectivity plc	2025-02-14	edgar/data/1385157/0000876661-25-000124.txt
25-NSE	1385590	Tyco Electronics Group S.A.	2025-02-14	edgar/data/1385590/0000876661-25-000121.txt
25-NSE	1423774	ZUORA INC	2025-02-14	edgar/data/1423774/0000876661-25-000116.txt
25-NSE	1432353	Global X Funds	2025-02-14	edgar/data/1432353/0001354457-25-000112.txt
25-NSE	1590364	FTAI Aviation Ltd.	2025-02-14	edgar/data/1590364/0001354457-25-000113.txt
25-NSE	1659520	SilverCrest Metals Inc.	2025-02-14	edgar/data/1659520/0000876661-25-000118.txt
25-NSE	1738758	Cheer Holding, Inc.	2025-02-14	edgar/data/1738758/0001354457-25-000109.txt
25-NSE	1924868	Tidal Trust II	2025-02-14	edgar/data/1924868/0001354457-25-000111.txt
25-NSE	876661	NEW YORK STOCK EXCHANGE LLC	2025-02-14	edgar/data/876661/0000876661-25-000116.txt
25-NSE	876661	NEW YORK STOCK EXCHANGE LLC	2025-02-14	edgar/data/876661/0000876661-25-000121.txt
25-NSE	876661	NEW YORK STOCK EXCHANGE LLC	2025-02-14	edgar/data/876661/0000876661-25-000124.txt
15-12G	1313275	BRIGHTCOVE INC	2025-02-18	edgar/data/1313275/0001193125-25-028393.txt
15-12G	1479290	Revance Therapeutics, Inc.	2025-02-18	edgar/data/1479290/0001193125-25-028024.txt
15-12G	2178	ADAMS RESOURCES & ENERGY, INC.	2025-02-18	edgar/data/2178/0000002178-25-000057.txt
15-12G	704562	Avid Bioservices, Inc.	2025-02-18	edgar/data/704562/0001193125-25-028029.txt
15-12G	724742	Trinity Place Holdings Inc.	2025-02-18	edgar/data/724742/0001104659-25-014775.txt
25	1239819	LUNA INNOVATIONS INC	2025-02-18	edgar/data/1239819/0001239819-25-000016.txt
25	1861522	KIDPIK CORP.	2025-02-18	edgar/data/1861522/0001493152-25-007096.txt
25-NSE	1354457	Nasdaq Stock Market LLC	2025-02-18	edgar/data/1354457/0001354457-25-000114.txt
25-NSE	1840425	OSR Holdings, Inc.	2025-02-18	edgar/data/1840425/0001354457-25-000114.txt
15F-15D	1989305	Vitru Brazil Ventures, Holdings & Trade Inc.	2025-02-19	edgar/data/1989305/0000950103-25-002125.txt
25-NSE	1354457	Nasdaq Stock Market LLC	2025-02-19	edgar/data/1354457/0001354457-25-000118.txt
25-NSE	1354457	Nasdaq Stock Market LLC	2025-02-19	edgar/data/1354457/0001354457-25-000120.txt
25-NSE	1354457	Nasdaq Stock Market LLC	2025-02-19	edgar/data/1354457/0001354457-25-000122.txt
25-NSE	1531048	Inari Medical, Inc.	2025-02-19	edgar/data/1531048/0001354457-25-000118.txt
25-NSE	1847345	PowerUp Acquisition Corp.	2025-02-19	edgar/data/1847345/0001354457-25-000120.txt
25-NSE	1902794	MGO Global Inc.	2025-02-19	edgar/data/1902794/0001354457-25-000122.txt
15-12G	1871149	Real Good Food Company, Inc.	2025-02-20	edgar/data/1871149/0001193125-25-030774.txt
25	1559356	Biostax Corp.	2025-02-20	edgar/data/1559356/0001376474-25-000225.txt
15-12G	1267813	MARINUS PHARMACEUTICALS, INC.	2025-02-21	edgar/data/1267813/0001104659-25-015905.txt
15-12G	1621563	Summit Materials, Inc.	2025-02-21	edgar/data/1621563/0000950103-25-002268.txt
15-12G	1725872	BM Technologies, Inc.	2025-02-21	edgar/data/1725872/0001213900-25-016119.txt
15-12G	1813914	CareMax, Inc.	2025-02-21	edgar/data/1813914/0001193125-25-031988.txt
15-12G	891417	Nano Magic Inc.	2025-02-21	edgar/data/891417/0001493152-25-007826.txt
15-15D	1841508	Harley-Davidson Motorcycle Trust 2021-A	2025-02-21	edgar/data/1841508/0001628280-25-007020.txt
15-15D	2029067	Rain Enhancement Technologies, Inc.	2025-02-21	edgar/data/2029067/0001213900-25-016120.txt
25	1538263	HomeTrust Bancshares, Inc.	2025-02-21	edgar/data/1538263/0001538263-25-000038.txt
25-NSE	1143362	NYSE ARCA, INC.	2025-02-21	edgar/data/1143362/0001143362-25-000057.txt
25-NSE	1354457	Nasdaq Stock Market LLC	2025-02-21	edgar/data/1354457/0001354457-25-000126.txt
25-NSE	1432353	Global X Funds	2025-02-21	edgar/data/1432353/0001143362-25-000057.txt
25-NSE	1850906	Singular Genomics Systems, Inc.	2025-02-21	edgar/data/1850906/0001354457-25-000126.txt
15-12G	1407623	RETAIL OPPORTUNITY INVESTMENTS CORP	2025-02-24	edgar/data/1407623/0001193125-25-032740.txt
15-12G	1590364	FTAI Aviation Ltd.	2025-02-24	edgar/data/1590364/0001140361-25-005556.txt
15-12G	1659520	SilverCrest Metals Inc.	2025-02-24	edgar/data/1659520/0001140361-25-005576.txt
15-12G	1835378	Innovid Corp.	2025-02-24	edgar/data/1835378/0001140361-25-005664.txt
25	1075124	THOMSON REUTERS CORP /CAN/	2025-02-24	edgar/data/1075124/0001193125-25-033380.txt
25-NSE	1039828	American National Group Inc.	2025-02-24	edgar/data/1039828/0000876661-25-000129.txt
25-NSE	1820144	Grindr Inc.	2025-02-24	edgar/data/1820144/0000876661-25-000127.txt
25-NSE	876661	NEW YORK STOCK EXCHANGE LLC	2025-02-24	edgar/data/876661/0000876661-25-000127.txt
25-NSE	876661	NEW YORK STOCK EXCHANGE LLC	2025-02-24	edgar/data/876661/0000876661-25-000129.txt
15-12G	1423774	ZUORA INC	2025-02-25	edgar/data/1423774/0001140361-25-005730.txt
25-NSE	1143362	NYSE ARCA, INC.	2025-02-25	edgar/data/1143362/0000876661-25-000134.txt
25-NSE	1924868	Tidal Trust II	2025-02-25	edgar/data/1924868/0000876661-25-000134.txt
25-NSE	833444	Johnson Controls International plc	2025-02-25	edgar/data/833444/0000876661-25-000131.txt
25-NSE	876661	NEW YORK STOCK EXCHANGE LLC	2025-02-25	edgar/data/876661/0000876661-25-000131.txt
15F-12B	1291733	Gol Intelligent Airlines Inc.	2025-02-26	edgar/data/1291733/0001292814-25-000604.txt
25-NSE	1354457	Nasdaq Stock Market LLC	2025-02-26	edgar/data/1354457/0001354457-25-000137.txt
25-NSE	1587982	Investment Managers Series Trust II	2025-02-26	edgar/data/1587982/0001354457-25-000137.txt
15-12G	1407973	Sonendo, Inc.	2025-02-27	edgar/data/1407973/0001193125-25-037190.txt
15-15D	1679379	NYIAX, INC.	2025-02-27	edgar/data/1679379/0001213900-25-017785.txt
15-15D	1838040	Toyota Auto Receivables 2021-A Owner Trust	2025-02-27	edgar/data/1838040/0000929638-25-000890.txt
15-15D	2030602	Femco Steel Technology Co., Ltd.	2025-02-27	edgar/data/2030602/0001213900-25-017832.txt
25-NSE	1354457	Nasdaq Stock Market LLC	2025-02-27	edgar/data/1354457/0001354457-25-000140.txt
25-NSE	1354457	Nasdaq Stock Market LLC	2025-02-27	edgar/data/1354457/0001354457-25-000144.txt
25-NSE	1464790	B. Riley Financial, Inc.	2025-02-27	edgar/data/1464790/0001354457-25-000144.txt
25-NSE	1720671	HashiCorp, Inc.	2025-02-27	edgar/data/1720671/0001354457-25-000140.txt
25-NSE	1828811	Li-Cycle Holdings Corp.	2025-02-27	edgar/data/1828811/0000876661-25-000140.txt
25-NSE	876661	NEW YORK STOCK EXCHANGE LLC	2025-02-27	edgar/data/876661/0000876661-25-000140.txt
15-12G	1239819	LUNA INNOVATIONS INC	2025-02-28	edgar/data/1239819/0001239819-25-000024.txt
25-NSE	1138639	Infinera Corp	2025-02-28	edgar/data/1138639/0001354457-25-000146.txt
25-NSE	1138639	Infinera Corp	2025-02-28	edgar/data/1138639/0001354457-25-000147.txt
25-NSE	1143362	NYSE ARCA, INC.	2025-02-28	edgar/data/1143362/0001143362-25-000065.txt
25-NSE	1354457	Nasdaq Stock Market LLC	2025-02-28	edgar/data/1354457/0001354457-25-000146.txt
25-NSE	1354457	Nasdaq Stock Market LLC	2025-02-28	edgar/data/1354457/0001354457-25-000147.txt
25-NSE	1354457	Nasdaq Stock Market LLC	2025-02-28	edgar/data/1354457/0001354457-25-000149.txt
25-NSE	1354457	Nasdaq Stock Market LLC	2025-02-28	edgar/data/1354457/0001354457-25-000150.txt
25-NSE	1354457	Nasdaq Stock Market LLC	2025-02-28	edgar/data/1354457/0001354457-25-000151.txt
25-NSE	1819394	Matterport, Inc./DE	2025-02-28	edgar/data/1819394/0001354457-25-000149.txt
25-NSE	1924868	Tidal Trust II	2025-02-28	edgar/data/1924868/0001143362-25-000065.txt
25-NSE	808326	EMCORE CORP	2025-02-28	edgar/data/808326/0001354457-25-000150.txt
25-NSE	8818	Avery Dennison Corp	2025-02-28	edgar/data/8818/0001354457-25-000151.txt
15-12G	1531048	Inari Medical, Inc.	2025-03-03	edgar/data/1531048/0001193125-25-043322.txt
15-12G	1597892	JRSIS HEALTH CARE Corp	2025-03-03	edgar/data/1597892/0001213900-25-019138.txt
15-12G	84129	NEW RITE AID, LLC	2025-03-03	edgar/data/84129/0000950142-25-000591.txt
25	1420720	iBio, Inc.	2025-03-03	edgar/data/1420720/0001104659-25-019785.txt
25	1716583	Hyzon Motors Inc.	2025-03-03	edgar/data/1716583/0001716583-25-000041.txt
25	1849294	Fortune Rise Acquisition Corp	2025-03-03	edgar/data/1849294/0001683168-25-001294.txt
25-NSE	1354457	Nasdaq Stock Market LLC	2025-03-03	edgar/data/1354457/0001354457-25-000152.txt
25-NSE	1354457	Nasdaq Stock Market LLC	2025-03-03	edgar/data/1354457/0001354457-25-000155.txt
25-NSE	1458412	CROSSFIRST BANKSHARES, INC.	2025-03-03	edgar/data/1458412/0001354457-25-000155.txt
25-NSE	1483934	Scorpio Tankers Inc.	2025-03-03	edgar/data/1483934/0000876661-25-000143.txt
25-NSE	876661	NEW YORK STOCK EXCHANGE LLC	2025-03-03	edgar/data/876661/0000876661-25-000143.txt
25-NSE	876661	NEW YORK STOCK EXCHANGE LLC	2025-03-03	edgar/data/876661/0000876661-25-000146.txt
25-NSE	946647	PREMIER FINANCIAL CORP	2025-03-03	edgar/data/946647/0001354457-25-000152.txt
25-NSE	97745	THERMO FISHER SCIENTIFIC INC.	2025-03-03	edgar/data/97745/0000876661-25-000146.txt
15-15D	107263	WILLIAMS COMPANIES, INC.	2025-03-04	edgar/data/107263/0001193125-25-045589.txt
15-15D	1861522	KIDPIK CORP.	2025-03-04	edgar/data/1861522/0001493152-25-009050.txt
15-15D	1836809	World Omni Auto Receivables Trust 2021-A	2025-03-05	edgar/data/1836809/0001104659-25-020536.txt
25	1771146	ETF Opportunities Trust	2025-03-05	edgar/data/1771146/0001999371-25-002417.txt
25-NSE	1354457	Nasdaq Stock Market LLC	2025-03-05	edgar/data/1354457/0001354457-25-000163.txt
25-NSE	1354457	Nasdaq Stock Market LLC	2025-03-05	edgar/data/1354457/0001354457-25-000164.txt
25-NSE	1354457	Nasdaq Stock Market LLC	2025-03-05	edgar/data/1354457/0001354457-25-000165.txt
25-NSE	1354457	Nasdaq Stock Market LLC	2025-03-05	edgar/data/1354457/0001354457-25-000166.txt
25-NSE	1354457	Nasdaq Stock Market LLC	2025-03-05	edgar/data/1354457/0001354457-25-000167.txt
25-NSE	1354457	Nasdaq Stock Market LLC	2025-03-05	edgar/data/1354457/0001354457-25-000175.txt
25-NSE	1354457	Nasdaq Stock Market LLC	2025-03-05	edgar/data/1354457/0001354457-25-000176.txt
25-NSE	1354457	Nasdaq Stock Market LLC	2025-03-05	edgar/data/1354457/0001354457-25-000177.txt
25-NSE	1354457	Nasdaq Stock Market LLC	2025-03-05	edgar/data/1354457/0001354457-25-000178.txt
25-NSE	1354457	Nasdaq Stock Market LLC	2025-03-05	edgar/data/1354457/0001354457-25-000179.txt
25-NSE	1603207	Notable Labs, Ltd.	2025-03-05	edgar/data/1603207/0001354457-25-000175.txt
25-NSE	1656634	Gritstone bio, Inc.	2025-03-05	edgar/data/1656634/0001354457-25-000176.txt
25-NSE	1831874	Iris Acquisition Corp	2025-03-05	edgar/data/1831874/0001354457-25-000166.txt
25-NSE	1831978	Newbury Street Acquisition Corp	2025-03-05	edgar/data/1831978/0001354457-25-000163.txt
25-NSE	1843714	Zapata Computing Holdings Inc.	2025-03-05	edgar/data/1843714/0001354457-25-000178.txt
25-NSE	1851909	Compass Digital Acquisition Corp.	2025-03-05	edgar/data/1851909/0001354457-25-000179.txt
25-NSE	1881741	Arogo Capital Acquisition Corp.	2025-03-05	edgar/data/1881741/0001354457-25-000177.txt
25-NSE	1884072	Adamas One Corp.	2025-03-05	edgar/data/1884072/0001354457-25-000165.txt
25-NSE	1892480	Hempacco Co., Inc.	2025-03-05	edgar/data/1892480/0001354457-25-000164.txt
25-NSE	1901886	Aura Fat Projects Acquisition Corp	2025-03-05	edgar/data/1901886/0001354457-25-000167.txt
15-12G	1039828	American National Group Inc.	2025-03-06	edgar/data/1039828/0001104659-25-021394.txt
15-12G	1791863	Brookfield Renewable Corp	2025-03-06	edgar/data/1791863/0001193125-25-048493.txt
15-15D	80424	PROCTER & GAMBLE Co	2025-03-06	edgar/data/80424/0000080424-25-000016.txt
25	1733413	TFF Pharmaceuticals, Inc.	2025-03-06	edgar/data/1733413/0001213900-25-021257.txt
25-NSE	1852633	Pinstripes Holdings, Inc.	2025-03-06	edgar/data/1852633/0000876661-25-000157.txt
25-NSE	1977303	Arcadium Lithium plc	2025-03-06	edgar/data/1977303/0000876661-25-000151.txt
25-NSE	38009	FORD MOTOR CREDIT CO LLC	2025-03-06	edgar/data/38009/0000876661-25-000153.txt
25-NSE	732717	AT&T INC.	2025-03-06	edgar/data/732717/0000876661-25-000155.txt
25-NSE	876661	NEW YORK STOCK EXCHANGE LLC	2025-03-06	edgar/data/876661/0000876661-25-000151.txt
25-NSE	876661	NEW YORK STOCK EXCHANGE LLC	2025-03-06	edgar/data/876661/0000876661-25-000153.txt
25-NSE	876661	NEW YORK STOCK EXCHANGE LLC	2025-03-06	edgar/data/876661/0000876661-25-000155.txt
25-NSE	876661	NEW YORK STOCK EXCHANGE LLC	2025-03-06	edgar/data/876661/0000876661-25-000157.txt
15-12G	1651958	EOS INC.	2025-03-07	edgar/data/1651958/0001575872-25-000230.txt
15-12G	1651958	EOS INC.	2025-03-07	edgar/data/1651958/0001575872-25-000233.txt
25	1847360	1895 Bancorp of Wisconsin, Inc. /MD/	2025-03-07	edgar/data/1847360/0000943374-25-000129.txt
25-NSE	1075531	Booking Holdings Inc.	2025-03-07	edgar/data/1075531/0001354457-25-000191.txt
25-NSE	1354457	Nasdaq Stock Market LLC	2025-03-07	edgar/data/1354457/0001354457-25-000191.txt
15-12G	1138639	Infinera Corp	2025-03-10	edgar/data/1138639/0001193125-25-050331.txt
15-12G	1720671	HashiCorp, Inc.	2025-03-10	edgar/data/1720671/0000950142-25-000703.txt
15-12G	1819394	Matterport, Inc./DE	2025-03-10	edgar/data/1819394/0001193125-25-050878.txt
15-12G	1902794	MGO Global Inc.	2025-03-10	edgar/data/1902794/0000919574-25-001875.txt
15-15D	1539816	AEP Texas Central Transition Funding III LLC	2025-03-10	edgar/data/1539816/0001539816-25-000003.txt
25	1556263	Syros Pharmaceuticals, Inc.	2025-03-10	edgar/data/1556263/0001193125-25-050859.txt
25-NSE	1089113	HSBC HOLDINGS PLC	2025-03-10	edgar/data/1089113/0000876661-25-000163.txt
25-NSE	1143362	NYSE ARCA, INC.	2025-03-10	edgar/data/1143362/0000876661-25-000165.txt
25-NSE	1633061	Amplify ETF Trust	2025-03-10	edgar/data/1633061/0000876661-25-000165.txt
25-NSE	1709505	BEST Inc.	2025-03-10	edgar/data/1709505/0000876661-25-000171.txt
25-NSE	55067	KELLANOVA	2025-03-10	edgar/data/55067/0000876661-25-000167.txt
25-NSE	876661	NEW YORK STOCK EXCHANGE LLC	2025-03-10	edgar/data/876661/0000876661-25-000163.txt
25-NSE	876661	NEW YORK STOCK EXCHANGE LLC	2025-03-10	edgar/data/876661/0000876661-25-000167.txt
25-NSE	876661	NEW YORK STOCK EXCHANGE LLC	2025-03-10	edgar/data/876661/0000876661-25-000171.txt
15-12G	808326	EMCORE CORP	2025-03-11	edgar/data/808326/0001104659-25-022547.txt
25	1830749	Achilles Therapeutics plc	2025-03-11	edgar/data/1830749/0001193125-25-051423.txt
25	1785592	Leafly Holdings, Inc. /DE	2025-03-12	edgar/data/1785592/0001477932-25-001646.txt
25	1922331	Global Star Acquisition Inc.	2025-03-12	edgar/data/1922331/0001829126-25-001747.txt
25-NSE	1067983	BERKSHIRE HATHAWAY INC	2025-03-12	edgar/data/1067983/0000876661-25-000173.txt
25-NSE	1354457	Nasdaq Stock Market LLC	2025-03-12	edgar/data/1354457/0001354457-25-000196.txt
25-NSE	1897982	Aspen Technology, Inc.	2025-03-12	edgar/data/1897982/0001354457-25-000196.txt
25-NSE	876661	NEW YORK STOCK EXCHANGE LLC	2025-03-12	edgar/data/876661/0000876661-25-000173.txt
15-12G	1458412	CROSSFIRST BANKSHARES, INC.	2025-03-13	edgar/data/1458412/0001104659-25-023250.txt
15-12G	1716583	Hyzon Motors Inc.	2025-03-13	edgar/data/1716583/0001716583-25-000044.txt
15-12G	1849294	Fortune Rise Acquisition Corp	2025-03-13	edgar/data/1849294/0001683168-25-001558.txt
15-12G	946647	PREMIER FINANCIAL CORP	2025-03-13	edgar/data/946647/0001193125-25-053507.txt
15-15D	1498710	Spirit Aviation Holdings, Inc.	2025-03-13	edgar/data/1498710/0000950103-25-003407.txt
25-NSE	1143313	NYSE AMERICAN LLC	2025-03-13	edgar/data/1143313/0001143313-25-000014.txt
25-NSE	1354457	Nasdaq Stock Market LLC	2025-03-13	edgar/data/1354457/0001354457-25-000200.txt
25-NSE	1681903	ICC Holdings, Inc.	2025-03-13	edgar/data/1681903/0001354457-25-000200.txt
25-NSE	1684144	Zomedica Corp.	2025-03-13	edgar/data/1684144/0001143313-25-000014.txt
15-12G	1103090	REFLECT SCIENTIFIC, INC.	2025-03-14	edgar/data/1103090/0001548123-25-000014.txt
15-12G	1477009	TREES Corp (Colorado)	2025-03-14	edgar/data/1477009/0001213900-25-024175.txt
15-12G	1786182	First High-School Education Group Co., Ltd.	2025-03-14	edgar/data/1786182/0001213900-25-023840.txt
15-12G	1823857	Viveon Health Acquisition Corp.	2025-03-14	edgar/data/1823857/0001493152-25-010350.txt
25	1637873	ACV Auctions Inc.	2025-03-14	edgar/data/1637873/0001628280-25-012856.txt
25-NSE	1354457	Nasdaq Stock Market LLC	2025-03-14	edgar/data/1354457/0001354457-25-000201.txt
25-NSE	1856028	Stronghold Digital Mining, Inc.	2025-03-14	edgar/data/1856028/0001354457-25-000201.txt
15-12G	1815849	ATI Physical Therapy, Inc.	2025-03-17	edgar/data/1815849/0001140361-25-008940.txt
15-12G	1977303	Arcadium Lithium plc	2025-03-17	edgar/data/1977303/0001104659-25-024323.txt
15F-12B	1847360	1895 Bancorp of Wisconsin, Inc. /MD/	2025-03-17	edgar/data/1847360/0000943374-25-000135.txt
25	1205922	VACCINEX, INC.	2025-03-17	edgar/data/1205922/0001193125-25-055645.txt
25	1260990	Oncternal Therapeutics, Inc.	2025-03-17	edgar/data/1260990/0001193125-25-055153.txt
25-NSE	312069	BARCLAYS PLC	2025-03-17	edgar/data/312069/0000876661-25-000179.txt
25-NSE	876661	NEW YORK STOCK EXCHANGE LLC	2025-03-17	edgar/data/876661/0000876661-25-000179.txt
15-12G	1608092	Kisses From Italy Inc.	2025-03-18	edgar/data/1608092/0001683168-25-001676.txt
15-12G	880631	WisdomTree, Inc.	2025-03-18	edgar/data/880631/0001214659-25-004499.txt
15-12G	897078	Resonate Blends, Inc.	2025-03-18	edgar/data/897078/0001493152-25-010749.txt
15-15D	1836214	CarMax Auto Owner Trust 2021-1	2025-03-18	edgar/data/1836214/0001836214-25-000012.txt
25-NSE	1160106	Lloyds Banking Group plc	2025-03-18	edgar/data/1160106/0000876661-25-000196.txt
25-NSE	1417835	Cboe BZX Exchange, Inc.	2025-03-18	edgar/data/1417835/0001417835-25-000057.txt
25-NSE	1771146	ETF Opportunities Trust	2025-03-18	edgar/data/1771146/0001417835-25-000057.txt
25-NSE	876661	NEW YORK STOCK EXCHANGE LLC	2025-03-18	edgar/data/876661/0000876661-25-000196.txt
25-NSE	1413329	Philip Morris International Inc.	2025-03-19	edgar/data/1413329/0000876661-25-000203.txt
25-NSE	876661	NEW YORK STOCK EXCHANGE LLC	2025-03-19	edgar/data/876661/0000876661-25-000203.txt
15-12G	1556263	Syros Pharmaceuticals, Inc.	2025-03-20	edgar/data/1556263/0001193125-25-059362.txt
15-12G	1709505	BEST Inc.	2025-03-20	edgar/data/1709505/0001104659-25-025750.txt
25	1162461	CUTERA INC	2025-03-20	edgar/data/1162461/0001628280-25-014047.txt
25	1850838	Omega Therapeutics, Inc.	2025-03-20	edgar/data/1850838/0001193125-25-058964.txt
15-12G	1830749	Achilles Therapeutics plc	2025-03-21	edgar/data/1830749/0001193125-25-059866.txt
25	1166834	SHL TELEMEDICINE LTD	2025-03-21	edgar/data/1166834/0001178913-25-000961.txt
25	1582982	CareCloud, Inc.	2025-03-21	edgar/data/1582982/0001493152-25-011155.txt
25-NSE	1143362	NYSE ARCA, INC.	2025-03-21	edgar/data/1143362/0001143362-25-000082.txt
25-NSE	1354457	Nasdaq Stock Market LLC	2025-03-21	edgar/data/1354457/0001354457-25-000220.txt
25-NSE	1354457	Nasdaq Stock Market LLC	2025-03-21	edgar/data/1354457/0001354457-25-000221.txt
25-NSE	1354457	Nasdaq Stock Market LLC	2025-03-21	edgar/data/1354457/0001354457-25-000222.txt
25-NSE	1354457	Nasdaq Stock Market LLC	2025-03-21	edgar/data/1354457/0001354457-25-000223.txt
25-NSE	1354457	Nasdaq Stock Market LLC	2025-03-21	edgar/data/1354457/0001354457-25-000224.txt
25-NSE	1354457	Nasdaq Stock Market LLC	2025-03-21	edgar/data/1354457/0001354457-25-000225.txt
25-NSE	1354457	Nasdaq Stock Market LLC	2025-03-21	edgar/data/1354457/0001354457-25-000226.txt
25-NSE	1354457	Nasdaq Stock Market LLC	2025-03-21	edgar/data/1354457/0001354457-25-000227.txt
25-NSE	1354457	Nasdaq Stock Market LLC	2025-03-21	edgar/data/1354457/0001354457-25-000229.txt
25-NSE	1354457	Nasdaq Stock Market LLC	2025-03-21	edgar/data/1354457/0001354457-25-000231.txt
25-NSE	1354457	Nasdaq Stock Market LLC	2025-03-21	edgar/data/1354457/0001354457-25-000232.txt
25-NSE	1452937	EXCHANGE TRADED CONCEPTS TRUST	2025-03-21	edgar/data/1452937/0001143362-25-000082.txt
25-NSE	1834975	VICINITY MOTOR CORP	2025-03-21	edgar/data/1834975/0001354457-25-000227.txt
25-NSE	1837929	New Providence Acquisition Corp. II	2025-03-21	edgar/data/1837929/0001354457-25-000226.txt
25-NSE	1844452	Intuitive Machines, Inc.	2025-03-21	edgar/data/1844452/0001354457-25-000232.txt
25-NSE	1850262	Integral Acquisition Corp 1	2025-03-21	edgar/data/1850262/0001354457-25-000224.txt
25-NSE	1851860	SMART FOR LIFE, INC.	2025-03-21	edgar/data/1851860/0001354457-25-000231.txt
25-NSE	1852016	AltEnergy Acquisition Corp	2025-03-21	edgar/data/1852016/0001354457-25-000220.txt
25-NSE	1854480	DevvStream Corp.	2025-03-21	edgar/data/1854480/0001354457-25-000223.txt
25-NSE	1855756	Lilium N.V.	2025-03-21	edgar/data/1855756/0001354457-25-000225.txt
25-NSE	1865861	Cactus Acquisition Corp. 1 Ltd	2025-03-21	edgar/data/1865861/0001354457-25-000222.txt
25-NSE	1868573	APx Acquisition Corp. I	2025-03-21	edgar/data/1868573/0001354457-25-000221.txt
25-NSE	1886799	Bright Green Corp	2025-03-21	edgar/data/1886799/0001354457-25-000229.txt
15-12G	1681903	ICC Holdings, Inc.	2025-03-24	edgar/data/1681903/0001437749-25-008870.txt
15-12G	1889668	Blue Owl Technology Finance Corp. II	2025-03-24	edgar/data/1889668/0001628280-25-014512.txt
15-12G	1897982	Aspen Technology, Inc.	2025-03-24	edgar/data/1897982/0001140361-25-009966.txt
25-NSE	1232860	BLACKROCK MUNICIPAL INCOME FUND, INC.	2025-03-24	edgar/data/1232860/0000876661-25-000212.txt
25-NSE	1336050	BlackRock Enhanced Government Fund, Inc.	2025-03-24	edgar/data/1336050/0000876661-25-000216.txt
25-NSE	1354457	Nasdaq Stock Market LLC	2025-03-24	edgar/data/1354457/0001354457-25-000233.txt
25-NSE	1354457	Nasdaq Stock Market LLC	2025-03-24	edgar/data/1354457/0001354457-25-000234.txt
25-NSE	1485894	J.P. Morgan Exchange-Traded Fund Trust	2025-03-24	edgar/data/1485894/0001354457-25-000233.txt
25-NSE	1766363	Endeavor Group Holdings, Inc.	2025-03-24	edgar/data/1766363/0000876661-25-000220.txt
25-NSE	1819810	Redwire Corp	2025-03-24	edgar/data/1819810/0000876661-25-000214.txt
25-NSE	1900304	Haleon plc	2025-03-24	edgar/data/1900304/0000876661-25-000222.txt
25-NSE	1947904	GSK Consumer Healthcare Capital US LLC	2025-03-24	edgar/data/1947904/0000876661-25-000224.txt
25-NSE	1948098	GSK Consumer Healthcare Capital UK plc	2025-03-24	edgar/data/1948098/0000876661-25-000226.txt
25-NSE	1970622	USA Rare Earth, Inc.	2025-03-24	edgar/data/1970622/0001354457-25-000234.txt
25-NSE	876661	NEW YORK STOCK EXCHANGE LLC	2025-03-24	edgar/data/876661/0000876661-25-000212.txt
25-NSE	876661	NEW YORK STOCK EXCHANGE LLC	2025-03-24	edgar/data/876661/0000876661-25-000214.txt
25-NSE	876661	NEW YORK STOCK EXCHANGE LLC	2025-03-24	edgar/data/876661/0000876661-25-000216.txt
25-NSE	876661	NEW YORK STOCK EXCHANGE LLC	2025-03-24	edgar/data/876661/0000876661-25-000218.txt
25-NSE	876661	NEW YORK STOCK EXCHANGE LLC	2025-03-24	edgar/data/876661/0000876661-25-000220.txt
25-NSE	876661	NEW YORK STOCK EXCHANGE LLC	2025-03-24	edgar/data/876661/0000876661-25-000222.txt
25-NSE	876661	NEW YORK STOCK EXCHANGE LLC	2025-03-24	edgar/data/876661/0000876661-25-000224.txt
25-NSE	876661	NEW YORK STOCK EXCHANGE LLC	2025-03-24	edgar/data/876661/0000876661-25-000226.txt
25-NSE	891478	Banco Santander, S.A.	2025-03-24	edgar/data/891478/0000876661-25-000218.txt
15-12G	1856028	Stronghold Digital Mining, Inc.	2025-03-25	edgar/data/1856028/0001140361-25-010144.txt
15-15D	1590058	Citigroup Commercial Mortgage Trust 2013-GC17	2025-03-25	edgar/data/1590058/0000950123-25-003177.txt
25	1579982	ARK ETF Trust	2025-03-25	edgar/data/1579982/0001013762-25-002259.txt
15-12G	1870129	Rose Hill Acquisition Corp	2025-03-26	edgar/data/1870129/0001104659-25-028132.txt
25-NSE	1354457	Nasdaq Stock Market LLC	2025-03-26	edgar/data/1354457/0001354457-25-000242.txt
25-NSE	1354457	Nasdaq Stock Market LLC	2025-03-26	edgar/data/1354457/0001354457-25-000243.txt
25-NSE	1701732	Altair Engineering Inc.	2025-03-26	edgar/data/1701732/0001354457-25-000243.txt
25-NSE	1800347	E2open Parent Holdings, Inc.	2025-03-26	edgar/data/1800347/0000876661-25-000229.txt
25-NSE	876661	NEW YORK STOCK EXCHANGE LLC	2025-03-26	edgar/data/876661/0000876661-25-000229.txt
25-NSE	922247	Cyclo Therapeutics, Inc.	2025-03-26	edgar/data/922247/0001354457-25-000242.txt
15-12G	1138867	EESTech, Inc.	2025-03-27	edgar/data/1138867/0001539497-25-001072.txt
15-12G	1205922	VACCINEX, INC.	2025-03-27	edgar/data/1205922/0001193125-25-064732.txt
15-12G	1260990	Oncternal Therapeutics, Inc.	2025-03-27	edgar/data/1260990/0001193125-25-064626.txt
15-12G	1299969	Comstock Holding Companies, Inc.	2025-03-27	edgar/data/1299969/0001299969-25-000009.txt
15-12G	1468639	Vicapsys Life Sciences, Inc.	2025-03-27	edgar/data/1468639/0001641172-25-000877.txt
15-15D	1874803	Honda Auto Receivables 2021-3 Owner Trust	2025-03-27	edgar/data/1874803/0001104659-25-028390.txt
15-15D	1975222	SSHT S&T Group Ltd.	2025-03-27	edgar/data/1975222/0001829126-25-002091.txt
15-12G	1446371	Strategic Realty Trust, Inc.	2025-03-28	edgar/data/1446371/0001446371-25-000006.txt
15-12G	1616291	Jupai Holdings Ltd	2025-03-28	edgar/data/1616291/0001193125-25-067168.txt
15-12G	1716583	Hyzon Motors Inc.	2025-03-28	edgar/data/1716583/0001716583-25-000064.txt
15-12G	1851277	Carlyle Secured Lending III	2025-03-28	edgar/data/1851277/0001193125-25-066352.txt
25	1594805	SHOPIFY INC.	2025-03-28	edgar/data/1594805/0001341004-25-000017.txt
25-NSE	1039765	ING GROEP NV	2025-03-28	edgar/data/1039765/0000876661-25-000234.txt
25-NSE	1143362	NYSE ARCA, INC.	2025-03-28	edgar/data/1143362/0000876661-25-000236.txt
25-NSE	1143362	NYSE ARCA, INC.	2025-03-28	edgar/data/1143362/0000876661-25-000238.txt
25-NSE	1354457	Nasdaq Stock Market LLC	2025-03-28	edgar/data/1354457/0001354457-25-000253.txt
25-NSE	1452937	EXCHANGE TRADED CONCEPTS TRUST	2025-03-28	edgar/data/1452937/0000876661-25-000236.txt
25-NSE	1537140	NORTHERN LIGHTS FUND TRUST III	2025-03-28	edgar/data/1537140/0000876661-25-000238.txt
25-NSE	1796514	BTC Digital Ltd.	2025-03-28	edgar/data/1796514/0001354457-25-000253.txt
25-NSE	876661	NEW YORK STOCK EXCHANGE LLC	2025-03-28	edgar/data/876661/0000876661-25-000234.txt
15-12G	1162461	CUTERA INC	2025-03-31	edgar/data/1162461/0001628280-25-015611.txt
15-12G	1346655	CMG HOLDINGS GROUP, INC.	2025-03-31	edgar/data/1346655/0001017386-25-000034.txt
15-12G	1850838	Omega Therapeutics, Inc.	2025-03-31	edgar/data/1850838/0001193125-25-068757.txt
25-NSE	1001902	INTEVAC INC	2025-03-31	edgar/data/1001902/0001354457-25-000257.txt
25-NSE	1290476	Village Bank & Trust Financial Corp.	2025-03-31	edgar/data/1290476/0001354457-25-000261.txt
25-NSE	1332349	Brookdale Senior Living Inc.	2025-03-31	edgar/data/1332349/0000876661-25-000240.txt
25-NSE	1354457	Nasdaq Stock Market LLC	2025-03-31	edgar/data/1354457/0001354457-25-000257.txt
25-NSE	1354457	Nasdaq Stock Market LLC	2025-03-31	edgar/data/1354457/0001354457-25-000261.txt
25-NSE	1354457	Nasdaq Stock Market LLC	2025-03-31	edgar/data/1354457/0001354457-25-000262.txt
25-NSE	1417835	Cboe BZX Exchange, Inc.	2025-03-31	edgar/data/1417835/0001417835-25-000064.txt
25-NSE	1592900	EA Series Trust	2025-03-31	edgar/data/1592900/0001417835-25-000064.txt
25-NSE	824410	SANDY SPRING BANCORP INC	2025-03-31	edgar/data/824410/0001354457-25-000262.txt
25-NSE	876661	NEW YORK STOCK EXCHANGE LLC	2025-03-31	edgar/data/876661/0000876661-25-000240.txt
15-12G	1622057	Nascent Biotech Inc.	2025-04-01	edgar/data/1622057/0001477932-25-002316.txt
15-12G	1837929	New Providence Acquisition Corp. II	2025-04-01	edgar/data/1837929/0001213900-25-027269.txt
25	1680379	Sterling Bancorp, Inc.	2025-04-01	edgar/data/1680379/0001104659-25-030477.txt
25-NSE	1159508	DEUTSCHE BANK AKTIENGESELLSCHAFT	2025-04-01	edgar/data/1159508/0000876661-25-000244.txt
25-NSE	1354457	Nasdaq Stock Market LLC	2025-04-01	edgar/data/1354457/0001354457-25-000266.txt
25-NSE	1354457	Nasdaq Stock Market LLC	2025-04-01	edgar/data/1354457/0001354457-25-000267.txt
25-NSE	1527508	Pactiv Evergreen Inc.	2025-04-01	edgar/data/1527508/0001354457-25-000267.txt
25-NSE	807707	VOXX International Corp	2025-04-01	edgar/data/807707/0001354457-25-000266.txt
25-NSE	825345	NEW AMERICA HIGH INCOME FUND INC	2025-04-01	edgar/data/825345/0000876661-25-000250.txt
25-NSE	876661	NEW YORK STOCK EXCHANGE LLC	2025-04-01	edgar/data/876661/0000876661-25-000244.txt
25-NSE	876661	NEW YORK STOCK EXCHANGE LLC	2025-04-01	edgar/data/876661/0000876661-25-000246.txt
25-NSE	876661	NEW YORK STOCK EXCHANGE LLC	2025-04-01	edgar/data/876661/0000876661-25-000250.txt
25-NSE	947559	FIRST BANCSHARES INC /MS/	2025-04-01	edgar/data/947559/0000876661-25-000246.txt
25-NSE	1354457	Nasdaq Stock Market LLC	2025-04-02	edgar/data/1354457/0001354457-25-000272.txt
25-NSE	1354457	Nasdaq Stock Market LLC	2025-04-02	edgar/data/1354457/0001354457-25-000273.txt
25-NSE	1447051	Territorial Bancorp Inc.	2025-04-02	edgar/data/1447051/0001354457-25-000273.txt
25-NSE	1567514	Intra-Cellular Therapies, Inc.	2025-04-02	edgar/data/1567514/0001354457-25-000272.txt
25-NSE	1754820	Desktop Metal, Inc.	2025-04-02	edgar/data/1754820/0000876661-25-000253.txt
25-NSE	732712	VERIZON COMMUNICATIONS INC	2025-04-02	edgar/data/732712/0000876661-25-000255.txt
25-NSE	876661	NEW YORK STOCK EXCHANGE LLC	2025-04-02	edgar/data/876661/0000876661-25-000253.txt
25-NSE	876661	NEW YORK STOCK EXCHANGE LLC	2025-04-02	edgar/data/876661/0000876661-25-000255.txt
15-12G	1766363	Endeavor Group Holdings, Inc.	2025-04-03	edgar/data/1766363/0001193125-25-071896.txt
25	1731289	Nikola Corp	2025-04-03	edgar/data/1731289/0001731289-25-000026.txt
25-NSE	1444380	NEVRO CORP	2025-04-03	edgar/data/1444380/0000876661-25-000257.txt
25-NSE	876661	NEW YORK STOCK EXCHANGE LLC	2025-04-03	edgar/data/876661/0000876661-25-000257.txt
15-12G	1656634	Gritstone bio, Inc.	2025-04-04	edgar/data/1656634/0001193125-25-073407.txt
15-15D	1843634	Ford Credit Auto Owner Trust 2021-A	2025-04-04	edgar/data/1843634/0001843634-25-000016.txt
25-NSE	1017491	SEELOS THERAPEUTICS, INC.	2025-04-04	edgar/data/1017491/0001354457-25-000282.txt
25-NSE	1053507	AMERICAN TOWER CORP /MA/	2025-04-04	edgar/data/1053507/0001143362-25-000103.txt
25-NSE	1143362	NYSE ARCA, INC.	2025-04-04	edgar/data/1143362/0001143362-25-000101.txt
25-NSE	1354457	Nasdaq Stock Market LLC	2025-04-04	edgar/data/1354457/0001354457-25-000282.txt
25-NSE	1354457	Nasdaq Stock Market LLC	2025-04-04	edgar/data/1354457/0001354457-25-000287.txt
25-NSE	1452937	EXCHANGE TRADED CONCEPTS TRUST	2025-04-04	edgar/data/1452937/0001143362-25-000101.txt
25-NSE	713425	LOGILITY SUPPLY CHAIN SOLUTIONS, INC	2025-04-04	edgar/data/713425/0001354457-25-000287.txt
25-NSE	876661	NEW YORK STOCK EXCHANGE LLC	2025-04-04	edgar/data/876661/0001143362-25-000103.txt
15-12G	1421636	C-Bond Systems, Inc	2025-04-07	edgar/data/1421636/0001213900-25-029458.txt
15-12G	1701732	Altair Engineering Inc.	2025-04-07	edgar/data/1701732/0001193125-25-074144.txt
15-12G	922247	Cyclo Therapeutics, Inc.	2025-04-07	edgar/data/922247/0001437749-25-011177.txt
15-15D	2033437	DePalma Acquisition II LLC	2025-04-07	edgar/data/2033437/0001193125-25-074686.txt
15-15D	2033442	DePalma Acquisition I LLC	2025-04-07	edgar/data/2033442/0001193125-25-074680.txt
25	316253	ENZO BIOCHEM INC	2025-04-07	edgar/data/316253/0001213900-25-029423.txt
25	39092	FRIEDMAN INDUSTRIES INC	2025-04-07	edgar/data/39092/0001437749-25-011190.txt
25-NSE	1143362	NYSE ARCA, INC.	2025-04-07	edgar/data/1143362/0001143362-25-000107.txt
25-NSE	1587982	Investment Managers Series Trust II	2025-04-07	edgar/data/1587982/0001143362-25-000107.txt
15-12G	1814974	BBX Capital, Inc.	2025-04-08	edgar/data/1814974/0001193125-25-075758.txt
15-15D	1619511	COMM 2014-LC17 Mortgage Trust	2025-04-08	edgar/data/1619511/0001888524-25-006732.txt
15-15D	1625426	COMM 2014-CCRE21 Mortgage Trust	2025-04-08	edgar/data/1625426/0001888524-25-006730.txt
15-15D	1630477	GS Mortgage Securities Trust 2015-GC28	2025-04-08	edgar/data/1630477/0001888524-25-006734.txt
25-NSE	1354457	Nasdaq Stock Market LLC	2025-04-08	edgar/data/1354457/0001354457-25-000296.txt
25-NSE	1354457	Nasdaq Stock Market LLC	2025-04-08	edgar/data/1354457/0001354457-25-000298.txt
25-NSE	1429560	TREVENA INC	2025-04-08	edgar/data/1429560/0001354457-25-000296.txt
25-NSE	1481646	Accolade, Inc.	2025-04-08	edgar/data/1481646/0001354457-25-000298.txt
25-NSE	1554625	Priority Income Fund, Inc.	2025-04-09	edgar/data/1554625/0000876661-25-000261.txt
25-NSE	876661	NEW YORK STOCK EXCHANGE LLC	2025-04-09	edgar/data/876661/0000876661-25-000261.txt
15-12G	824410	SANDY SPRING BANCORP INC	2025-04-10	edgar/data/824410/0001104659-25-033554.txt
25-NSE	1354457	Nasdaq Stock Market LLC	2025-04-10	edgar/data/1354457/0001354457-25-000309.txt
25-NSE	1415726	Innovator ETFs Trust	2025-04-10	edgar/data/1415726/0001417835-25-000073.txt
25-NSE	1417835	Cboe BZX Exchange, Inc.	2025-04-10	edgar/data/1417835/0001417835-25-000073.txt
25-NSE	1912461	SK Growth Opportunities Corp	2025-04-10	edgar/data/1912461/0001354457-25-000309.txt
15-12G	1290476	Village Bank & Trust Financial Corp.	2025-04-11	edgar/data/1290476/0001558370-25-004699.txt
15-12G	1376804	VNUE, Inc.	2025-04-11	edgar/data/1376804/0001477932-25-002627.txt
15-12G	1527508	Pactiv Evergreen Inc.	2025-04-11	edgar/data/1527508/0000950142-25-001037.txt
15-12G	1680379	Sterling Bancorp, Inc.	2025-04-11	edgar/data/1680379/0001104659-25-034056.txt
15-12G	807707	VOXX International Corp	2025-04-11	edgar/data/807707/0001104659-25-034032.txt
25	1838513	Marblegate Acquisition Corp.	2025-04-11	edgar/data/1838513/0001193125-25-079148.txt
25	1922335	Syra Health Corp	2025-04-11	edgar/data/1922335/0001641172-25-003842.txt
25	803649	Equity Commonwealth	2025-04-11	edgar/data/803649/0000803649-25-000041.txt
25-NSE	1143362	NYSE ARCA, INC.	2025-04-11	edgar/data/1143362/0001143362-25-000109.txt
25-NSE	1354457	Nasdaq Stock Market LLC	2025-04-11	edgar/data/1354457/0001354457-25-000310.txt
25-NSE	1354457	Nasdaq Stock Market LLC	2025-04-11	edgar/data/1354457/0001354457-25-000314.txt
25-NSE	1354457	Nasdaq Stock Market LLC	2025-04-11	edgar/data/1354457/0001354457-25-000316.txt
25-NSE	1354457	Nasdaq Stock Market LLC	2025-04-11	edgar/data/1354457/0001354457-25-000318.txt
25-NSE	1354457	Nasdaq Stock Market LLC	2025-04-11	edgar/data/1354457/0001354457-25-000320.txt
25-NSE	1354457	Nasdaq Stock Market LLC	2025-04-11	edgar/data/1354457/0001354457-25-000322.txt
25-NSE	1354457	Nasdaq Stock Market LLC	2025-04-11	edgar/data/1354457/0001354457-25-000324.txt
25-NSE	1354457	Nasdaq Stock Market LLC	2025-04-11	edgar/data/1354457/0001354457-25-000326.txt
25-NSE	1354457	Nasdaq Stock Market LLC	2025-04-11	edgar/data/1354457/0001354457-25-000328.txt
25-NSE	1559998	Gaucho Group Holdings, Inc.	2025-04-11	edgar/data/1559998/0001354457-25-000324.txt
25-NSE	1742912	Tidal ETF Trust	2025-04-11	edgar/data/1742912/0001143362-25-000109.txt
25-NSE	1843370	bleuacacia ltd	2025-04-11	edgar/data/1843370/0001354457-25-000322.txt
25-NSE	1845149	Chain Bridge I	2025-04-11	edgar/data/1845149/0001354457-25-000316.txt
25-NSE	1849737	Patria Latin American Opportunity Acquisition Corp.	2025-04-11	edgar/data/1849737/0001354457-25-000310.txt
25-NSE	1857803	DP Cap Acquisition Corp I	2025-04-11	edgar/data/1857803/0001354457-25-000314.txt
25-NSE	1859035	Mountain Crest Acquisition Corp. V	2025-04-11	edgar/data/1859035/0001354457-25-000318.txt
25-NSE	1894210	Qomolangma Acquisition Corp.	2025-04-11	edgar/data/1894210/0001354457-25-000320.txt
25-NSE	1912461	SK Growth Opportunities Corp	2025-04-11	edgar/data/1912461/0001354457-25-000326.txt
25-NSE	894081	Air Transport Services Group, Inc.	2025-04-11	edgar/data/894081/0001354457-25-000328.txt
15-12G	1001902	INTEVAC INC	2025-04-14	edgar/data/1001902/0001140361-25-013634.txt
15-12G	1444380	NEVRO CORP	2025-04-14	edgar/data/1444380/0001193125-25-079722.txt
15-12G	1447051	Territorial Bancorp Inc.	2025-04-14	edgar/data/1447051/0001193125-25-079557.txt
15-12G	1567514	Intra-Cellular Therapies, Inc.	2025-04-14	edgar/data/1567514/0001193125-25-079742.txt
15-12G	1754820	Desktop Metal, Inc.	2025-04-14	edgar/data/1754820/0001213900-25-031294.txt
15-12G	713425	LOGILITY SUPPLY CHAIN SOLUTIONS, INC	2025-04-14	edgar/data/713425/0001140361-25-013759.txt
25-NSE	1143362	NYSE ARCA, INC.	2025-04-14	edgar/data/1143362/0001143362-25-000114.txt
25-NSE	1354457	Nasdaq Stock Market LLC	2025-04-14	edgar/data/1354457/0001354457-25-000329.txt
25-NSE	1354457	Nasdaq Stock Market LLC	2025-04-14	edgar/data/1354457/0001354457-25-000331.txt
25-NSE	1742912	Tidal ETF Trust	2025-04-14	edgar/data/1742912/0001143362-25-000114.txt
25-NSE	1839439	PAYCOR HCM, INC.	2025-04-14	edgar/data/1839439/0001354457-25-000329.txt
25-NSE	1894951	Global Blockchain Acquisition Corp.	2025-04-14	edgar/data/1894951/0001354457-25-000331.txt
15-12G	1049011	KID CASTLE EDUCATIONAL CORP	2025-04-15	edgar/data/1049011/0001641172-25-004892.txt
15-12G	1962845	PIXIE DUST TECHNOLOGIES, INC.	2025-04-15	edgar/data/1962845/0001213900-25-031753.txt
25-NSE	1143362	NYSE ARCA, INC.	2025-04-15	edgar/data/1143362/0001143362-25-000119.txt
25-NSE	1667919	FIRST TRUST EXCHANGE-TRADED FUND VIII	2025-04-15	edgar/data/1667919/0001143362-25-000119.txt
25-NSE	876661	NEW YORK STOCK EXCHANGE LLC	2025-04-15	edgar/data/876661/0001143362-25-000121.txt
25-NSE	97745	THERMO FISHER SCIENTIFIC INC.	2025-04-15	edgar/data/97745/0001143362-25-000121.txt
15-12G	882800	Pacific Ventures Group, Inc.	2025-04-16	edgar/data/882800/0001641172-25-005087.txt
25-NSE	1143362	NYSE ARCA, INC.	2025-04-16	edgar/data/1143362/0000876661-25-000267.txt
25-NSE	1415995	New York Life Investments ETF Trust	2025-04-16	edgar/data/1415995/0000876661-25-000267.txt
25-NSE	1739942	SolarWinds Corp	2025-04-16	edgar/data/1739942/0000876661-25-000263.txt
25-NSE	1828723	Altus Power, Inc.	2025-04-16	edgar/data/1828723/0000876661-25-000265.txt
25-NSE	876661	NEW YORK STOCK EXCHANGE LLC	2025-04-16	edgar/data/876661/0000876661-25-000263.txt
25-NSE	876661	NEW YORK STOCK EXCHANGE LLC	2025-04-16	edgar/data/876661/0000876661-25-000265.txt
15-12G	1381871	bowmo, Inc.	2025-04-17	edgar/data/1381871/0001213900-25-032894.txt
15-12G	1556179	Rocky Mountain Industrials, Inc.	2025-04-17	edgar/data/1556179/0001104659-25-036011.txt
15-12G	947559	FIRST BANCSHARES INC /MS/	2025-04-17	edgar/data/947559/0000947559-25-000052.txt
15-12G	947559	FIRST BANCSHARES INC /MS/	2025-04-17	edgar/data/947559/0000947559-25-000054.txt
25-NSE	1354457	Nasdaq Stock Market LLC	2025-04-17	edgar/data/1354457/0001354457-25-000337.txt
25-NSE	1807846	MONEYLION INC.	2025-04-17	edgar/data/1807846/0000876661-25-000270.txt
25-NSE	876661	NEW YORK STOCK EXCHANGE LLC	2025-04-17	edgar/data/876661/0000876661-25-000270.txt
25-NSE	891024	PATTERSON COMPANIES, INC.	2025-04-17	edgar/data/891024/0001354457-25-000337.txt
15-12G	1481646	Accolade, Inc.	2025-04-18	edgar/data/1481646/0001481646-25-000011.txt
15-12G	1838513	Marblegate Acquisition Corp.	2025-04-21	edgar/data/1838513/0001193125-25-086260.txt
15-12G	1912461	SK Growth Opportunities Corp	2025-04-21	edgar/data/1912461/0001213900-25-033774.txt
15-12G	894081	Air Transport Services Group, Inc.	2025-04-21	edgar/data/894081/0000950103-25-005110.txt
15F-12B	1038572	BRAZILIAN DISTRIBUTION CO COMPANHIA BRASILEIRA DE DISTR CBD	2025-04-21	edgar/data/1038572/0001292814-25-001551.txt
25	1401564	First Financial Northwest, Inc.	2025-04-21	edgar/data/1401564/0001104659-25-036831.txt
25	1452857	STEEL PARTNERS HOLDINGS L.P.	2025-04-21	edgar/data/1452857/0001213900-25-033744.txt
25	1499655	Precidian ETFs Trust	2025-04-21	edgar/data/1499655/0001999371-25-004474.txt
25-NSE	1089113	HSBC HOLDINGS PLC	2025-04-21	edgar/data/1089113/0000876661-25-000275.txt
25-NSE	1117480	CHIMERIX INC	2025-04-21	edgar/data/1117480/0001354457-25-000340.txt
25-NSE	1143362	NYSE ARCA, INC.	2025-04-21	edgar/data/1143362/0001143362-25-000125.txt
25-NSE	1354457	Nasdaq Stock Market LLC	2025-04-21	edgar/data/1354457/0001354457-25-000340.txt
25-NSE	1531978	Paragon 28, Inc.	2025-04-21	edgar/data/1531978/0000876661-25-000276.txt
25-NSE	1868912	Enfusion, Inc.	2025-04-21	edgar/data/1868912/0000876661-25-000277.txt
25-NSE	1924868	Tidal Trust II	2025-04-21	edgar/data/1924868/0001143362-25-000125.txt
25-NSE	876661	NEW YORK STOCK EXCHANGE LLC	2025-04-21	edgar/data/876661/0000876661-25-000275.txt
25-NSE	876661	NEW YORK STOCK EXCHANGE LLC	2025-04-21	edgar/data/876661/0000876661-25-000276.txt
25-NSE	876661	NEW YORK STOCK EXCHANGE LLC	2025-04-21	edgar/data/876661/0000876661-25-000277.txt
15-12G	1556801	My City Builders, Inc.	2025-04-22	edgar/data/1556801/0001640334-25-000671.txt
25-NSE	1805833	System1, Inc.	2025-04-22	edgar/data/1805833/0000876661-25-000280.txt
25-NSE	876661	NEW YORK STOCK EXCHANGE LLC	2025-04-22	edgar/data/876661/0000876661-25-000280.txt
15-15D	1787441	Fold, Inc.	2025-04-23	edgar/data/1787441/0001213900-25-034319.txt
25-NSE	1354457	Nasdaq Stock Market LLC	2025-04-23	edgar/data/1354457/0001354457-25-000345.txt
25-NSE	1547580	Victory Portfolios II	2025-04-23	edgar/data/1547580/0001354457-25-000345.txt
15-12G	1839439	PAYCOR HCM, INC.	2025-04-24	edgar/data/1839439/0000950103-25-005227.txt
15-15D	1826501	Hyundai Auto Receivables Trust 2020-C	2025-04-25	edgar/data/1826501/0001104659-25-039224.txt
25-NSE	1143362	NYSE ARCA, INC.	2025-04-25	edgar/data/1143362/0001143362-25-000129.txt
25-NSE	1143362	NYSE ARCA, INC.	2025-04-25	edgar/data/1143362/0001143362-25-000131.txt
25-NSE	1547950	Exchange Listed Funds Trust	2025-04-25	edgar/data/1547950/0001143362-25-000131.txt
25-NSE	1816613	Markforged Holding Corp	2025-04-25	edgar/data/1816613/0000876661-25-000283.txt
25-NSE	1848758	NEOS ETF Trust	2025-04-25	edgar/data/1848758/0001143362-25-000129.txt
25-NSE	876661	NEW YORK STOCK EXCHANGE LLC	2025-04-25	edgar/data/876661/0000876661-25-000283.txt
15-12G	1739942	SolarWinds Corp	2025-04-28	edgar/data/1739942/0001193125-25-098665.txt
15-12G	1807846	MONEYLION INC.	2025-04-28	edgar/data/1807846/0001140361-25-016077.txt
15-12G	1828723	Altus Power, Inc.	2025-04-28	edgar/data/1828723/0001193125-25-098250.txt
15-12G	891024	PATTERSON COMPANIES, INC.	2025-04-28	edgar/data/891024/0001193125-25-098988.txt
15-15D	2038033	GenEmbryomics Ltd	2025-04-28	edgar/data/2038033/0001437749-25-013298.txt
25	1796129	Vincerx Pharma, Inc.	2025-04-28	edgar/data/1796129/0001193125-25-100448.txt
15-12G	1606745	Liberty TripAdvisor Holdings, Inc.	2025-04-29	edgar/data/1606745/0001104659-25-041383.txt
25-NSE	1124941	QXO BUILDING PRODUCTS, INC.	2025-04-29	edgar/data/1124941/0001354457-25-000356.txt
25-NSE	1143362	NYSE ARCA, INC.	2025-04-29	edgar/data/1143362/0000876661-25-000288.txt
25-NSE	1143362	NYSE ARCA, INC.	2025-04-29	edgar/data/1143362/0001143362-25-000136.txt
25-NSE	1354457	Nasdaq Stock Market LLC	2025-04-29	edgar/data/1354457/0001354457-25-000356.txt
25-NSE	1378701	GDL FUND	2025-04-29	edgar/data/1378701/0000876661-25-000286.txt
25-NSE	1540305	ETF Series Solutions	2025-04-29	edgar/data/1540305/0000876661-25-000288.txt
25-NSE	1710607	AMERICAN CENTURY ETF TRUST	2025-04-29	edgar/data/1710607/0001143362-25-000136.txt
25-NSE	876661	NEW YORK STOCK EXCHANGE LLC	2025-04-29	edgar/data/876661/0000876661-25-000286.txt
15-12G	1831874	Iris Acquisition Corp	2025-04-30	edgar/data/1831874/0001104659-25-041959.txt
15-12G	1922947	Wellings Real Estate Income Fund	2025-04-30	edgar/data/1922947/0001213900-25-037562.txt
15-15D	1587523	Knowles Corp	2025-04-30	edgar/data/1587523/0001587523-25-000043.txt
15F-12G	1490078	First Phosphate Corp.	2025-04-30	edgar/data/1490078/0001753926-25-000715.txt
25-NSE	1354457	Nasdaq Stock Market LLC	2025-04-30	edgar/data/1354457/0001354457-25-000363.txt
25-NSE	1354457	Nasdaq Stock Market LLC	2025-04-30	edgar/data/1354457/0001354457-25-000364.txt
25-NSE	1378992	BERRY GLOBAL GROUP, INC.	2025-04-30	edgar/data/1378992/0000876661-25-000291.txt
25-NSE	1624326	PAVmed Inc.	2025-04-30	edgar/data/1624326/0001354457-25-000363.txt
25-NSE	1828376	William Penn Bancorporation	2025-04-30	edgar/data/1828376/0001354457-25-000364.txt
25-NSE	876661	NEW YORK STOCK EXCHANGE LLC	2025-04-30	edgar/data/876661/0000876661-25-000291.txt
15-12G	1117480	CHIMERIX INC	2025-05-01	edgar/data/1117480/0001193125-25-109019.txt
15-12G	1401564	First Financial Northwest, Inc.	2025-05-01	edgar/data/1401564/0001104659-25-043517.txt
15-12G	1452857	STEEL PARTNERS HOLDINGS L.P.	2025-05-01	edgar/data/1452857/0001213900-25-038535.txt
15-12G	1531978	Paragon 28, Inc.	2025-05-01	edgar/data/1531978/0001193125-25-108816.txt
15-12G	1868912	Enfusion, Inc.	2025-05-01	edgar/data/1868912/0001193125-25-109983.txt
25-NSE	1143313	NYSE AMERICAN LLC	2025-05-01	edgar/data/1143313/0001143313-25-000021.txt
25-NSE	1289850	NeuroMetrix, Inc.	2025-05-01	edgar/data/1289850/0001354457-25-000373.txt
25-NSE	1354457	Nasdaq Stock Market LLC	2025-05-01	edgar/data/1354457/0001354457-25-000367.txt
25-NSE	1354457	Nasdaq Stock Market LLC	2025-05-01	edgar/data/1354457/0001354457-25-000371.txt
25-NSE	1354457	Nasdaq Stock Market LLC	2025-05-01	edgar/data/1354457/0001354457-25-000373.txt
25-NSE	1476963	Scorpius Holdings, Inc.	2025-05-01	edgar/data/1476963/0001143313-25-000021.txt
25-NSE	1874944	Vacasa, Inc.	2025-05-01	edgar/data/1874944/0001354457-25-000367.txt
25-NSE	839923	VODAFONE GROUP PUBLIC LTD CO	2025-05-01	edgar/data/839923/0001354457-25-000371.txt
15-15D	352825	FOSTER L B CO	2025-05-02	edgar/data/352825/0001193125-25-111668.txt
15-12G	1730869	Everything Blockchain, Inc.	2025-05-05	edgar/data/1730869/0001477932-25-003323.txt
15-15D	1957889	BMW Vehicle Lease Trust 2023-1	2025-05-05	edgar/data/1957889/0000929638-25-001787.txt
25	1618627	RBB Fund Trust	2025-05-05	edgar/data/1618627/0001398344-25-008632.txt
25-NSE	1143313	NYSE AMERICAN LLC	2025-05-05	edgar/data/1143313/0001143313-25-000023.txt
25-NSE	842518	EVANS BANCORP INC	2025-05-05	edgar/data/842518/0001143313-25-000023.txt
15-15D	1844872	CNH Equipment Trust 2021-A	2025-05-06	edgar/data/1844872/0001104659-25-044890.txt
25	1419051	THERAPEUTIC SOLUTIONS INTERNATIONAL, INC.	2025-05-06	edgar/data/1419051/0001641172-25-008733.txt
25-NSE	1143313	NYSE AMERICAN LLC	2025-05-06	edgar/data/1143313/0001143313-25-000026.txt
25-NSE	1354457	Nasdaq Stock Market LLC	2025-05-06	edgar/data/1354457/0001354457-25-000380.txt
25-NSE	1354457	Nasdaq Stock Market LLC	2025-05-06	edgar/data/1354457/0001354457-25-000382.txt
25-NSE	1606698	ALPINE 4 HOLDINGS, INC.	2025-05-06	edgar/data/1606698/0001354457-25-000380.txt
25-NSE	1644903	cbdMD, Inc.	2025-05-06	edgar/data/1644903/0001143313-25-000026.txt
25-NSE	1828852	Mondee Holdings, Inc.	2025-05-06	edgar/data/1828852/0001354457-25-000382.txt
25-NSE	80424	PROCTER & GAMBLE Co	2025-05-06	edgar/data/80424/0000876661-25-000293.txt
25-NSE	876661	NEW YORK STOCK EXCHANGE LLC	2025-05-06	edgar/data/876661/0000876661-25-000293.txt
25-NSE	1354457	Nasdaq Stock Market LLC	2025-05-07	edgar/data/1354457/0001354457-25-000386.txt
25-NSE	2006191	Lionsgate Studios Corp.	2025-05-07	edgar/data/2006191/0001354457-25-000386.txt
25-NSE	312069	BARCLAYS PLC	2025-05-07	edgar/data/312069/0000876661-25-000303.txt
25-NSE	876661	NEW YORK STOCK EXCHANGE LLC	2025-05-07	edgar/data/876661/0000876661-25-000296.txt
25-NSE	876661	NEW YORK STOCK EXCHANGE LLC	2025-05-07	edgar/data/876661/0000876661-25-000303.txt
25-NSE	929351	LIONS GATE ENTERTAINMENT CORP /CN/	2025-05-07	edgar/data/929351/0000876661-25-000296.txt
15-15D	1990643	Great Restaurant Development Holdings Ltd	2025-05-08	edgar/data/1990643/0001641172-25-009127.txt
25-NSE	1160106	Lloyds Banking Group plc	2025-05-08	edgar/data/1160106/0000876661-25-000313.txt
25-NSE	1354457	Nasdaq Stock Market LLC	2025-05-08	edgar/data/1354457/0001354457-25-000388.txt
25-NSE	1354457	Nasdaq Stock Market LLC	2025-05-08	edgar/data/1354457/0001354457-25-000389.txt
25-NSE	1354457	Nasdaq Stock Market LLC	2025-05-08	edgar/data/1354457/0001354457-25-000390.txt
25-NSE	1354457	Nasdaq Stock Market LLC	2025-05-08	edgar/data/1354457/0001354457-25-000391.txt
25-NSE	1354457	Nasdaq Stock Market LLC	2025-05-08	edgar/data/1354457/0001354457-25-000393.txt
25-NSE	1460602	Orgenesis Inc.	2025-05-08	edgar/data/1460602/0001354457-25-000393.txt
25-NSE	1637459	Kraft Heinz Co	2025-05-08	edgar/data/1637459/0001354457-25-000390.txt
25-NSE	1868573	APx Acquisition Corp. I	2025-05-08	edgar/data/1868573/0001354457-25-000388.txt
25-NSE	1879814	TLGY ACQUISITION CORP	2025-05-08	edgar/data/1879814/0001354457-25-000389.txt
25-NSE	1956055	Bukit Jalil Global Acquisition 1 Ltd.	2025-05-08	edgar/data/1956055/0001354457-25-000391.txt
25-NSE	876661	NEW YORK STOCK EXCHANGE LLC	2025-05-08	edgar/data/876661/0000876661-25-000313.txt
15-12G	1124941	QXO BUILDING PRODUCTS, INC.	2025-05-09	edgar/data/1124941/0001124941-25-000044.txt
15-12G	1816613	Markforged Holding Corp	2025-05-09	edgar/data/1816613/0001193125-25-116476.txt
15-12G	913778	BF Garden Tax Credit Fund IV L.P.	2025-05-09	edgar/data/913778/0001104659-25-046595.txt
15-15D	1003815	BCTC IV ASSIGNOR CORP	2025-05-09	edgar/data/1003815/0001104659-25-046594.txt
15-15D	1787434	USA Rare Earth, LLC	2025-05-09	edgar/data/1787434/0001213900-25-041521.txt
25-NSE	1131554	SYNCHRONOSS TECHNOLOGIES INC	2025-05-09	edgar/data/1131554/0001354457-25-000399.txt
25-NSE	1354457	Nasdaq Stock Market LLC	2025-05-09	edgar/data/1354457/0001354457-25-000395.txt
25-NSE	1354457	Nasdaq Stock Market LLC	2025-05-09	edgar/data/1354457/0001354457-25-000397.txt
25-NSE	1354457	Nasdaq Stock Market LLC	2025-05-09	edgar/data/1354457/0001354457-25-000398.txt
25-NSE	1354457	Nasdaq Stock Market LLC	2025-05-09	edgar/data/1354457/0001354457-25-000399.txt
25-NSE	1847355	Target Global Acquisition I Corp.	2025-05-09	edgar/data/1847355/0001354457-25-000397.txt
25-NSE	1866838	Inception Growth Acquisition Ltd	2025-05-09	edgar/data/1866838/0001354457-25-000398.txt
25-NSE	1888734	GLOBALINK INVESTMENT INC.	2025-05-09	edgar/data/1888734/0001354457-25-000395.txt
15-12G	1289850	NeuroMetrix, Inc.	2025-05-12	edgar/data/1289850/0001213900-25-042021.txt
15-12G	1378992	BERRY GLOBAL GROUP, INC.	2025-05-12	edgar/data/1378992/0001104659-25-047035.txt
15-12G	1565228	Vislink Technologies, Inc.	2025-05-12	edgar/data/1565228/0001641172-25-009677.txt
15-12G	1828376	William Penn Bancorporation	2025-05-12	edgar/data/1828376/0001193125-25-117230.txt
15-12G	1874944	Vacasa, Inc.	2025-05-12	edgar/data/1874944/0001341004-25-000027.txt
15-12G	925660	FLEXPOINT SENSOR SYSTEMS INC	2025-05-12	edgar/data/925660/0001548123-25-000033.txt
25	200245	Citigroup Global Markets Holdings Inc.	2025-05-12	edgar/data/200245/0000950103-25-005901.txt
25	831001	CITIGROUP INC	2025-05-12	edgar/data/831001/0000950103-25-005901.txt
25-NSE	1143362	NYSE ARCA, INC.	2025-05-12	edgar/data/1143362/0001143362-25-000145.txt
25-NSE	1166272	GENETIC TECHNOLOGIES LTD	2025-05-12	edgar/data/1166272/0001354457-25-000403.txt
25-NSE	1306965	Shell plc	2025-05-12	edgar/data/1306965/0000876661-25-000323.txt
25-NSE	1333621	Shell International Finance B.V.	2025-05-12	edgar/data/1333621/0000876661-25-000326.txt
25-NSE	1354457	Nasdaq Stock Market LLC	2025-05-12	edgar/data/1354457/0001354457-25-000401.txt
25-NSE	1354457	Nasdaq Stock Market LLC	2025-05-12	edgar/data/1354457/0001354457-25-000402.txt
25-NSE	1354457	Nasdaq Stock Market LLC	2025-05-12	edgar/data/1354457/0001354457-25-000403.txt
25-NSE	1511699	Managed Portfolio Series	2025-05-12	edgar/data/1511699/0001143362-25-000145.txt
25-NSE	1545851	Veren Inc.	2025-05-12	edgar/data/1545851/0000876661-25-000328.txt
25-NSE	1848861	Healthcare AI Acquisition Corp.	2025-05-12	edgar/data/1848861/0001354457-25-000402.txt
25-NSE	1865468	Kairous Acquisition Corp. Ltd	2025-05-12	edgar/data/1865468/0001354457-25-000401.txt
25-NSE	1866501	Wallbox N.V.	2025-05-12	edgar/data/1866501/0000876661-25-000317.txt
25-NSE	876661	NEW YORK STOCK EXCHANGE LLC	2025-05-12	edgar/data/876661/0000876661-25-000317.txt
25-NSE	876661	NEW YORK STOCK EXCHANGE LLC	2025-05-12	edgar/data/876661/0000876661-25-000319.txt
25-NSE	876661	NEW YORK STOCK EXCHANGE LLC	2025-05-12	edgar/data/876661/0000876661-25-000321.txt
25-NSE	876661	NEW YORK STOCK EXCHANGE LLC	2025-05-12	edgar/data/876661/0000876661-25-000323.txt
25-NSE	876661	NEW YORK STOCK EXCHANGE LLC	2025-05-12	edgar/data/876661/0000876661-25-000326.txt
25-NSE	876661	NEW YORK STOCK EXCHANGE LLC	2025-05-12	edgar/data/876661/0000876661-25-000328.txt
25-NSE	929869	RELX PLC	2025-05-12	edgar/data/929869/0000876661-25-000319.txt
25-NSE	943890	RELX Capital Inc.	2025-05-12	edgar/data/943890/0000876661-25-000321.txt
15-12G	1396033	LL Flooring Holdings, Inc.	2025-05-13	edgar/data/1396033/0001437749-25-016410.txt
15-15D	2030578	Blaize, Inc.	2025-05-13	edgar/data/2030578/0001193125-25-118808.txt
25-NSE	1354457	Nasdaq Stock Market LLC	2025-05-13	edgar/data/1354457/0001354457-25-000408.txt
25-NSE	1354457	Nasdaq Stock Market LLC	2025-05-13	edgar/data/1354457/0001354457-25-000410.txt
25-NSE	1860782	2seventy bio, Inc.	2025-05-13	edgar/data/1860782/0001354457-25-000408.txt
25-NSE	1871638	Blaize Holdings, Inc.	2025-05-13	edgar/data/1871638/0001354457-25-000410.txt
15-12G	1700849	Vado Corp.	2025-05-14	edgar/data/1700849/0001477932-25-003680.txt
25-NSE	1160106	Lloyds Banking Group plc	2025-05-14	edgar/data/1160106/0000876661-25-000331.txt
25-NSE	876661	NEW YORK STOCK EXCHANGE LLC	2025-05-14	edgar/data/876661/0000876661-25-000331.txt
15-12G	1281845	Unique Logistics International, Inc.	2025-05-15	edgar/data/1281845/0001641172-25-010599.txt
15-12G	1922331	Global Star Acquisition Inc.	2025-05-15	edgar/data/1922331/0001829126-25-003696.txt
15-12G	842518	EVANS BANCORP INC	2025-05-15	edgar/data/842518/0001140361-25-019140.txt
25	1964630	Vast Renewables Ltd	2025-05-15	edgar/data/1964630/0001964630-25-000028.txt
25-NSE	1131399	GSK plc	2025-05-15	edgar/data/1131399/0000876661-25-000339.txt
25-NSE	1143362	NYSE ARCA, INC.	2025-05-15	edgar/data/1143362/0001143362-25-000152.txt
25-NSE	1224544	GLAXOSMITHKLINE CAPITAL PLC	2025-05-15	edgar/data/1224544/0000876661-25-000337.txt
25-NSE	1354457	Nasdaq Stock Market LLC	2025-05-15	edgar/data/1354457/0001354457-25-000422.txt
25-NSE	14272	BRISTOL MYERS SQUIBB CO	2025-05-15	edgar/data/14272/0000876661-25-000341.txt
25-NSE	1564824	Allakos Inc.	2025-05-15	edgar/data/1564824/0001354457-25-000422.txt
25-NSE	1703141	Despegar.com, Corp.	2025-05-15	edgar/data/1703141/0000876661-25-000335.txt
25-NSE	876661	NEW YORK STOCK EXCHANGE LLC	2025-05-15	edgar/data/876661/0000876661-25-000335.txt
25-NSE	876661	NEW YORK STOCK EXCHANGE LLC	2025-05-15	edgar/data/876661/0000876661-25-000337.txt
25-NSE	876661	NEW YORK STOCK EXCHANGE LLC	2025-05-15	edgar/data/876661/0000876661-25-000339.txt
25-NSE	876661	NEW YORK STOCK EXCHANGE LLC	2025-05-15	edgar/data/876661/0000876661-25-000341.txt
25-NSE	927971	BANK OF MONTREAL /CAN/	2025-05-15	edgar/data/927971/0001143362-25-000152.txt
15-12G	1419051	THERAPEUTIC SOLUTIONS INTERNATIONAL, INC.	2025-05-16	edgar/data/1419051/0001641172-25-011197.txt
15-15D	1851375	CarMax Auto Owner Trust 2021-2	2025-05-16	edgar/data/1851375/0001851375-25-000022.txt
25-NSE	1143362	NYSE ARCA, INC.	2025-05-16	edgar/data/1143362/0001143362-25-000154.txt
25-NSE	1452937	EXCHANGE TRADED CONCEPTS TRUST	2025-05-16	edgar/data/1452937/0001143362-25-000154.txt
15-12G	2006191	Lionsgate Studios Holding Corp.	2025-05-19	edgar/data/2006191/0001193125-25-122068.txt
15-12G	929351	STARZ ENTERTAINMENT CORP /CN/	2025-05-19	edgar/data/929351/0001193125-25-122075.txt
25	1946216	SYLA Technologies Co., Ltd.	2025-05-19	edgar/data/1946216/0001641172-25-011336.txt
25-NSE	1071371	BANCOLOMBIA SA	2025-05-19	edgar/data/1071371/0000876661-25-000360.txt
25-NSE	1138978	Novo Integrated Sciences, Inc.	2025-05-19	edgar/data/1138978/0001354457-25-000428.txt
25-NSE	1354457	Nasdaq Stock Market LLC	2025-05-19	edgar/data/1354457/0001354457-25-000428.txt
25-NSE	1354457	Nasdaq Stock Market LLC	2025-05-19	edgar/data/1354457/0001354457-25-000429.txt
25-NSE	1393612	Discover Financial Services	2025-05-19	edgar/data/1393612/0000876661-25-000350.txt
25-NSE	1856995	Mountain & Co. I Acquisition Corp.	2025-05-19	edgar/data/1856995/0001354457-25-000429.txt
25-NSE	40545	GENERAL ELECTRIC CO	2025-05-19	edgar/data/40545/0000876661-25-000348.txt
25-NSE	876661	NEW YORK STOCK EXCHANGE LLC	2025-05-19	edgar/data/876661/0000876661-25-000348.txt
25-NSE	876661	NEW YORK STOCK EXCHANGE LLC	2025-05-19	edgar/data/876661/0000876661-25-000350.txt
25-NSE	876661	NEW YORK STOCK EXCHANGE LLC	2025-05-19	edgar/data/876661/0000876661-25-000360.txt
15-12G	1956055	Bukit Jalil Global Acquisition 1 Ltd.	2025-05-20	edgar/data/1956055/0001929980-25-000448.txt
25-NSE	1027596	ADVISORS SERIES TRUST	2025-05-20	edgar/data/1027596/0001417835-25-000089.txt
25-NSE	1354457	Nasdaq Stock Market LLC	2025-05-20	edgar/data/1354457/0001354457-25-000430.txt
25-NSE	1417835	Cboe BZX Exchange, Inc.	2025-05-20	edgar/data/1417835/0001417835-25-000089.txt
25-NSE	1865111	Alpha Star Acquisition Corp	2025-05-20	edgar/data/1865111/0001354457-25-000430.txt
15-12G	1692115	Southwest Gas Holdings, Inc.	2025-05-21	edgar/data/1692115/0001193125-25-124046.txt
25-NSE	1354457	Nasdaq Stock Market LLC	2025-05-21	edgar/data/1354457/0001354457-25-000435.txt
25-NSE	1354457	Nasdaq Stock Market LLC	2025-05-21	edgar/data/1354457/0001354457-25-000436.txt
25-NSE	1354457	Nasdaq Stock Market LLC	2025-05-21	edgar/data/1354457/0001354457-25-000441.txt
25-NSE	1494650	OptiNose, Inc.	2025-05-21	edgar/data/1494650/0001354457-25-000435.txt
25-NSE	1692115	Southwest Gas Holdings, Inc.	2025-05-21	edgar/data/1692115/0000876661-25-000367.txt
25-NSE	1857855	Finnovate Acquisition Corp.	2025-05-21	edgar/data/1857855/0001354457-25-000441.txt
25-NSE	1962918	ACELYRIN, Inc.	2025-05-21	edgar/data/1962918/0001354457-25-000436.txt
25-NSE	72333	NORDSTROM INC	2025-05-21	edgar/data/72333/0000876661-25-000369.txt
25-NSE	72333	NORDSTROM INC	2025-05-21	edgar/data/72333/0000876661-25-000371.txt
25-NSE	876661	NEW YORK STOCK EXCHANGE LLC	2025-05-21	edgar/data/876661/0000876661-25-000367.txt
25-NSE	876661	NEW YORK STOCK EXCHANGE LLC	2025-05-21	edgar/data/876661/0000876661-25-000369.txt
25-NSE	876661	NEW YORK STOCK EXCHANGE LLC	2025-05-21	edgar/data/876661/0000876661-25-000371.txt
15F-12G	1472879	WHITECAP RESOURCES INC.	2025-05-22	edgar/data/1472879/0000950142-25-001452.txt
25	1023298	alpha-En Corp	2025-05-22	edgar/data/1023298/0000919574-25-003332.txt
25	1847874	Mobile Infrastructure Corp	2025-05-22	edgar/data/1847874/0001641172-25-012072.txt
25-NSE	1183765	Molecular Templates, Inc.	2025-05-22	edgar/data/1183765/0001354457-25-000447.txt
25-NSE	1354457	Nasdaq Stock Market LLC	2025-05-22	edgar/data/1354457/0001354457-25-000442.txt
25-NSE	1354457	Nasdaq Stock Market LLC	2025-05-22	edgar/data/1354457/0001354457-25-000444.txt
25-NSE	1354457	Nasdaq Stock Market LLC	2025-05-22	edgar/data/1354457/0001354457-25-000445.txt
25-NSE	1354457	Nasdaq Stock Market LLC	2025-05-22	edgar/data/1354457/0001354457-25-000446.txt
25-NSE	1354457	Nasdaq Stock Market LLC	2025-05-22	edgar/data/1354457/0001354457-25-000447.txt
25-NSE	1354457	Nasdaq Stock Market LLC	2025-05-22	edgar/data/1354457/0001354457-25-000448.txt
25-NSE	1354457	Nasdaq Stock Market LLC	2025-05-22	edgar/data/1354457/0001354457-25-000451.txt
25-NSE	1839519	CF Acquisition Corp. VII	2025-05-22	edgar/data/1839519/0001354457-25-000442.txt
25-NSE	1856161	Pearl Holdings Acquisition Corp	2025-05-22	edgar/data/1856161/0001354457-25-000444.txt
25-NSE	1857410	Investcorp Europe Acquisition Corp I	2025-05-22	edgar/data/1857410/0001354457-25-000445.txt
25-NSE	1859807	NorthView Acquisition Corp	2025-05-22	edgar/data/1859807/0001354457-25-000448.txt
25-NSE	1889123	Fold Holdings, Inc.	2025-05-22	edgar/data/1889123/0001354457-25-000446.txt
25-NSE	320193	Apple Inc.	2025-05-22	edgar/data/320193/0001354457-25-000451.txt
15-12G	1508348	AmeriCann, Inc.	2025-05-23	edgar/data/1508348/0001437749-25-018309.txt
15-12G	1785592	Leafly Holdings, Inc. /DE	2025-05-23	edgar/data/1785592/0001477932-25-004131.txt
15-12G	1860782	2seventy bio, Inc.	2025-05-23	edgar/data/1860782/0001140361-25-020339.txt
15-15D	1867550	John Deere Owner Trust 2021-B	2025-05-23	edgar/data/1867550/0001558370-25-008121.txt
25-NSE	1004702	OCEANFIRST FINANCIAL CORP	2025-05-23	edgar/data/1004702/0001354457-25-000455.txt
25-NSE	1143313	NYSE AMERICAN LLC	2025-05-23	edgar/data/1143313/0001143313-25-000028.txt
25-NSE	1354457	Nasdaq Stock Market LLC	2025-05-23	edgar/data/1354457/0001354457-25-000455.txt
25-NSE	1816723	Graphex Group Ltd	2025-05-23	edgar/data/1816723/0001143313-25-000028.txt
25-NSE	51143	INTERNATIONAL BUSINESS MACHINES CORP	2025-05-23	edgar/data/51143/0000876661-25-000377.txt
25-NSE	876661	NEW YORK STOCK EXCHANGE LLC	2025-05-23	edgar/data/876661/0000876661-25-000377.txt
15-12G	1564824	Allakos Inc.	2025-05-27	edgar/data/1564824/0001140361-25-020416.txt
15F-12B	1703141	Despegar.com, Corp.	2025-05-27	edgar/data/1703141/0000950103-25-006429.txt
25	1355096	QVC Group, Inc.	2025-05-27	edgar/data/1355096/0001104659-25-052986.txt
25	2032966	ACUREN CORP	2025-05-27	edgar/data/2032966/0001213900-25-047577.txt
25-NSE	10795	BECTON DICKINSON & CO	2025-05-27	edgar/data/10795/0000876661-25-000380.txt
25-NSE	1143362	NYSE ARCA, INC.	2025-05-27	edgar/data/1143362/0001143362-25-000159.txt
25-NSE	1354457	Nasdaq Stock Market LLC	2025-05-27	edgar/data/1354457/0001354457-25-000456.txt
25-NSE	1354457	Nasdaq Stock Market LLC	2025-05-27	edgar/data/1354457/0001354457-25-000464.txt
25-NSE	1540305	ETF Series Solutions	2025-05-27	edgar/data/1540305/0001354457-25-000464.txt
25-NSE	1547576	Krane Shares Trust	2025-05-27	edgar/data/1547576/0001143362-25-000159.txt
25-NSE	1799332	GAN Ltd	2025-05-27	edgar/data/1799332/0001354457-25-000456.txt
25-NSE	876661	NEW YORK STOCK EXCHANGE LLC	2025-05-27	edgar/data/876661/0000876661-25-000380.txt
15-15D	1950741	Nissan Auto Lease Trust 2023-A	2025-05-28	edgar/data/1950741/0001193125-25-129198.txt
25-NSE	1354457	Nasdaq Stock Market LLC	2025-05-28	edgar/data/1354457/0001354457-25-000466.txt
25-NSE	1354457	Nasdaq Stock Market LLC	2025-05-28	edgar/data/1354457/0001354457-25-000468.txt
25-NSE	1412100	Maiden Holdings, Ltd.	2025-05-28	edgar/data/1412100/0001354457-25-000466.txt
25-NSE	1718405	HYCROFT MINING HOLDING CORP	2025-05-28	edgar/data/1718405/0001354457-25-000468.txt
25-NSE	876661	NEW YORK STOCK EXCHANGE LLC	2025-05-28	edgar/data/876661/0000876661-25-000384.txt
25-NSE	891478	Banco Santander, S.A.	2025-05-28	edgar/data/891478/0000876661-25-000384.txt
15-12G	1393612	Discover Financial Services	2025-05-29	edgar/data/1393612/0001193125-25-130640.txt
15-15D	1393612	Discover Financial Services	2025-05-29	edgar/data/1393612/0001193125-25-130647.txt
15-15D	1393612	Discover Financial Services	2025-05-29	edgar/data/1393612/0001193125-25-130653.txt
15-15D	1393612	Discover Financial Services	2025-05-29	edgar/data/1393612/0001193125-25-130657.txt
25	55785	KIMBERLY CLARK CORP	2025-05-29	edgar/data/55785/0000055785-25-000059.txt
25-NSE	1354457	Nasdaq Stock Market LLC	2025-05-29	edgar/data/1354457/0001354457-25-000471.txt
25-NSE	1835972	iLearningEngines, Inc.	2025-05-29	edgar/data/1835972/0001354457-25-000471.txt
15-12G	202058	L3HARRIS TECHNOLOGIES, INC. /DE/	2025-05-30	edgar/data/202058/0000202058-25-000119.txt
15-15D	1829012	AmeriCredit Automobile Receivables Trust 2020-3	2025-05-30	edgar/data/1829012/0001213900-25-049144.txt
15-15D	1850024	GM Financial Consumer Automobile Receivables Trust 2021-2	2025-05-30	edgar/data/1850024/0001213900-25-049143.txt
25-NSE	10456	BAXTER INTERNATIONAL INC	2025-05-30	edgar/data/10456/0000876661-25-000392.txt
25-NSE	1143362	NYSE ARCA, INC.	2025-05-30	edgar/data/1143362/0001143362-25-000163.txt
25-NSE	1354457	Nasdaq Stock Market LLC	2025-05-30	edgar/data/1354457/0001354457-25-000474.txt
25-NSE	1354457	Nasdaq Stock Market LLC	2025-05-30	edgar/data/1354457/0001354457-25-000479.txt
25-NSE	1432364	AZUL SA	2025-05-30	edgar/data/1432364/0000876661-25-000410.txt
25-NSE	1477818	Anheuser-Busch InBev Worldwide Inc.	2025-05-30	edgar/data/1477818/0000876661-25-000397.txt
25-NSE	1477821	BrandBrew S.A.	2025-05-30	edgar/data/1477821/0000876661-25-000399.txt
25-NSE	1477822	Cobrew SA/NV	2025-05-30	edgar/data/1477822/0000876661-25-000401.txt
25-NSE	1556266	BAIYU Holdings, Inc.	2025-05-30	edgar/data/1556266/0001354457-25-000479.txt
25-NSE	1565037	Brandbev S.a r.l.	2025-05-30	edgar/data/1565037/0000876661-25-000403.txt
25-NSE	1565160	Anheuser-Busch InBev Finance Inc.	2025-05-30	edgar/data/1565160/0000876661-25-000405.txt
25-NSE	1651407	Checkpoint Therapeutics, Inc.	2025-05-30	edgar/data/1651407/0001354457-25-000474.txt
25-NSE	1668717	Anheuser-Busch InBev SA/NV	2025-05-30	edgar/data/1668717/0000876661-25-000408.txt
25-NSE	1810747	Simplify Exchange Traded Funds	2025-05-30	edgar/data/1810747/0001143362-25-000163.txt
25-NSE	310569	ANHEUSER-BUSCH COMPANIES, LLC	2025-05-30	edgar/data/310569/0000876661-25-000395.txt
25-NSE	876661	NEW YORK STOCK EXCHANGE LLC	2025-05-30	edgar/data/876661/0000876661-25-000392.txt
25-NSE	876661	NEW YORK STOCK EXCHANGE LLC	2025-05-30	edgar/data/876661/0000876661-25-000395.txt
25-NSE	876661	NEW YORK STOCK EXCHANGE LLC	2025-05-30	edgar/data/876661/0000876661-25-000397.txt
25-NSE	876661	NEW YORK STOCK EXCHANGE LLC	2025-05-30	edgar/data/876661/0000876661-25-000399.txt
25-NSE	876661	NEW YORK STOCK EXCHANGE LLC	2025-05-30	edgar/data/876661/0000876661-25-000401.txt
25-NSE	876661	NEW YORK STOCK EXCHANGE LLC	2025-05-30	edgar/data/876661/0000876661-25-000403.txt
25-NSE	876661	NEW YORK STOCK EXCHANGE LLC	2025-05-30	edgar/data/876661/0000876661-25-000405.txt
25-NSE	876661	NEW YORK STOCK EXCHANGE LLC	2025-05-30	edgar/data/876661/0000876661-25-000408.txt
25-NSE	876661	NEW YORK STOCK EXCHANGE LLC	2025-05-30	edgar/data/876661/0000876661-25-000410.txt
15-12G	1494650	OptiNose, Inc.	2025-06-02	edgar/data/1494650/0001104659-25-055361.txt
15-12G	1556898	Techpoint, Inc.	2025-06-02	edgar/data/1556898/0000950103-25-006765.txt
15-12G	1946216	SYLA Technologies Co., Ltd.	2025-06-02	edgar/data/1946216/0001641172-25-013179.txt
15-12G	72333	NORDSTROM INC	2025-06-02	edgar/data/72333/0001104659-25-055448.txt
25-NSE	1293971	bluebird bio, Inc.	2025-06-02	edgar/data/1293971/0001354457-25-000482.txt
25-NSE	1339605	H&E Equipment Services, Inc.	2025-06-02	edgar/data/1339605/0001354457-25-000481.txt
25-NSE	1354457	Nasdaq Stock Market LLC	2025-06-02	edgar/data/1354457/0001354457-25-000480.txt
25-NSE	1354457	Nasdaq Stock Market LLC	2025-06-02	edgar/data/1354457/0001354457-25-000481.txt
25-NSE	1354457	Nasdaq Stock Market LLC	2025-06-02	edgar/data/1354457/0001354457-25-000482.txt
25-NSE	59478	ELI LILLY & Co	2025-06-02	edgar/data/59478/0000876661-25-000413.txt
25-NSE	740663	FIRST OF LONG ISLAND CORP	2025-06-02	edgar/data/740663/0001354457-25-000480.txt
25-NSE	79879	PPG INDUSTRIES INC	2025-06-02	edgar/data/79879/0000876661-25-000418.txt
25-NSE	822416	PULTEGROUP INC/MI/	2025-06-02	edgar/data/822416/0000876661-25-000420.txt
25-NSE	876661	NEW YORK STOCK EXCHANGE LLC	2025-06-02	edgar/data/876661/0000876661-25-000413.txt
25-NSE	876661	NEW YORK STOCK EXCHANGE LLC	2025-06-02	edgar/data/876661/0000876661-25-000418.txt
25-NSE	876661	NEW YORK STOCK EXCHANGE LLC	2025-06-02	edgar/data/876661/0000876661-25-000420.txt
25-NSE	1354457	Nasdaq Stock Market LLC	2025-06-03	edgar/data/1354457/0001354457-25-000483.txt
25-NSE	1354457	Nasdaq Stock Market LLC	2025-06-03	edgar/data/1354457/0001354457-25-000485.txt
25-NSE	1750153	Canoo Inc.	2025-06-03	edgar/data/1750153/0001354457-25-000483.txt
25-NSE	1853580	Perception Capital Corp. III	2025-06-03	edgar/data/1853580/0001354457-25-000485.txt
15-15D	1854012	Drive Auto Receivables Trust 2021-1	2025-06-04	edgar/data/1854012/0001193125-25-134839.txt
25-NSE	1089113	HSBC HOLDINGS PLC	2025-06-04	edgar/data/1089113/0000876661-25-000427.txt
25-NSE	1354457	Nasdaq Stock Market LLC	2025-06-04	edgar/data/1354457/0001354457-25-000488.txt
25-NSE	1354457	Nasdaq Stock Market LLC	2025-06-04	edgar/data/1354457/0001354457-25-000490.txt
25-NSE	1354457	Nasdaq Stock Market LLC	2025-06-04	edgar/data/1354457/0001354457-25-000492.txt
25-NSE	1354457	Nasdaq Stock Market LLC	2025-06-04	edgar/data/1354457/0001354457-25-000494.txt
25-NSE	1354457	Nasdaq Stock Market LLC	2025-06-04	edgar/data/1354457/0001354457-25-000496.txt
25-NSE	1580063	BIORA THERAPEUTICS, INC.	2025-06-04	edgar/data/1580063/0001354457-25-000496.txt
25-NSE	1848437	Cartica Acquisition Corp	2025-06-04	edgar/data/1848437/0001354457-25-000494.txt
25-NSE	1866226	Welsbach Technology Metals Acquisition Corp.	2025-06-04	edgar/data/1866226/0001354457-25-000488.txt
25-NSE	1875493	CSLM ACQUISITION CORP.	2025-06-04	edgar/data/1875493/0001354457-25-000492.txt
25-NSE	876661	NEW YORK STOCK EXCHANGE LLC	2025-06-04	edgar/data/876661/0000876661-25-000427.txt
25-NSE	933738	ENGLOBAL CORP	2025-06-04	edgar/data/933738/0001354457-25-000490.txt
15-15D	2013602	Flybondi Holdings plc	2025-06-05	edgar/data/2013602/0001213900-25-051344.txt
15-15D	2053229	Flybondi Ltd	2025-06-05	edgar/data/2053229/0001213900-25-051347.txt
25-NSE	1354457	Nasdaq Stock Market LLC	2025-06-05	edgar/data/1354457/0001354457-25-000500.txt
25-NSE	1354457	Nasdaq Stock Market LLC	2025-06-05	edgar/data/1354457/0001354457-25-000502.txt
25-NSE	1354457	Nasdaq Stock Market LLC	2025-06-05	edgar/data/1354457/0001354457-25-000503.txt
25-NSE	1354457	Nasdaq Stock Market LLC	2025-06-05	edgar/data/1354457/0001354457-25-000508.txt
25-NSE	1354457	Nasdaq Stock Market LLC	2025-06-05	edgar/data/1354457/0001354457-25-000510.txt
25-NSE	1417835	Cboe BZX Exchange, Inc.	2025-06-05	edgar/data/1417835/0001417835-25-000102.txt
25-NSE	1417835	Cboe BZX Exchange, Inc.	2025-06-05	edgar/data/1417835/0001417835-25-000104.txt
25-NSE	1484018	Spinnaker ETF Series	2025-06-05	edgar/data/1484018/0001417835-25-000104.txt
25-NSE	1810747	Simplify Exchange Traded Funds	2025-06-05	edgar/data/1810747/0001417835-25-000102.txt
25-NSE	1842937	Red Rock Acquisition Corp.	2025-06-05	edgar/data/1842937/0001354457-25-000508.txt
25-NSE	1865120	Broad Capital Acquisition Corp	2025-06-05	edgar/data/1865120/0001354457-25-000500.txt
25-NSE	1868419	Cycurion, Inc.	2025-06-05	edgar/data/1868419/0001354457-25-000510.txt
25-NSE	1894057	Papaya Growth Opportunity Corp. I	2025-06-05	edgar/data/1894057/0001354457-25-000502.txt
25-NSE	1900679	Technology & Telecommunication Acquisition Corp	2025-06-05	edgar/data/1900679/0001354457-25-000503.txt
15-12G	1687926	ZEUUS, INC.	2025-06-06	edgar/data/1687926/0001641172-25-013950.txt
25	1624794	CSW INDUSTRIALS, INC.	2025-06-06	edgar/data/1624794/0001193125-25-137109.txt
25	1804591	23andMe Holding Co.	2025-06-06	edgar/data/1804591/0001193125-25-137043.txt
25-NSE	1354457	Nasdaq Stock Market LLC	2025-06-06	edgar/data/1354457/0001354457-25-000511.txt
25-NSE	1354457	Nasdaq Stock Market LLC	2025-06-06	edgar/data/1354457/0001354457-25-000512.txt
25-NSE	1584754	ATECH (PARENT) RESOLUTION CORP.	2025-06-06	edgar/data/1584754/0001354457-25-000512.txt
25-NSE	1852019	IX Acquisition Corp.	2025-06-06	edgar/data/1852019/0001354457-25-000511.txt
15-12G	1503707	NorthStar Healthcare Income, Inc.	2025-06-09	edgar/data/1503707/0001193125-25-137924.txt
15-12G	1651407	Checkpoint Therapeutics, Inc.	2025-06-09	edgar/data/1651407/0001104659-25-057621.txt
15-12G	1799332	GAN Ltd	2025-06-09	edgar/data/1799332/0001641172-25-014250.txt
15-12G	1819994	Rocket Lab Corp	2025-06-09	edgar/data/1819994/0001628280-25-030269.txt
15-12G	1962918	ACELYRIN, Inc.	2025-06-09	edgar/data/1962918/0001104659-25-057733.txt
25	1774983	Brooge Energy Ltd	2025-06-09	edgar/data/1774983/0001213900-25-052639.txt
25	1822250	ContextLogic Inc.	2025-06-09	edgar/data/1822250/0000902664-25-002685.txt
15-12G	1412100	Maiden Holdings, Ltd.	2025-06-10	edgar/data/1412100/0001412100-25-000073.txt
15-12G	740663	FIRST OF LONG ISLAND CORP	2025-06-10	edgar/data/740663/0001437749-25-019921.txt
25-NSE	1772695	Sunnova Energy International Inc.	2025-06-10	edgar/data/1772695/0000876661-25-000435.txt
25-NSE	1799983	Global Blue Group Holding AG	2025-06-10	edgar/data/1799983/0000876661-25-000433.txt
25-NSE	876661	NEW YORK STOCK EXCHANGE LLC	2025-06-10	edgar/data/876661/0000876661-25-000433.txt
25-NSE	876661	NEW YORK STOCK EXCHANGE LLC	2025-06-10	edgar/data/876661/0000876661-25-000435.txt
25	2025065	Black Spade Acquisition II Co	2025-06-11	edgar/data/2025065/0001104659-25-058394.txt
25-NSE	1004724	REGIONAL HEALTH PROPERTIES, INC	2025-06-11	edgar/data/1004724/0001143313-25-000034.txt
25-NSE	1143313	NYSE AMERICAN LLC	2025-06-11	edgar/data/1143313/0001143313-25-000032.txt
25-NSE	1143313	NYSE AMERICAN LLC	2025-06-11	edgar/data/1143313/0001143313-25-000034.txt
25-NSE	1554625	Priority Income Fund, Inc.	2025-06-11	edgar/data/1554625/0000876661-25-000439.txt
25-NSE	1851959	Concord Acquisition Corp II	2025-06-11	edgar/data/1851959/0001143313-25-000032.txt
25-NSE	876661	NEW YORK STOCK EXCHANGE LLC	2025-06-11	edgar/data/876661/0000876661-25-000439.txt
15-12G	1293971	bluebird bio, Inc.	2025-06-12	edgar/data/1293971/0001193125-25-139516.txt
15-12G	1339605	H&E Equipment Services, Inc.	2025-06-12	edgar/data/1339605/0001193125-25-139981.txt
15-12G	1626745	Fortune Valley Treasures, Inc.	2025-06-13	edgar/data/1626745/0001641172-25-014945.txt
15-12G	1811623	PaxMedica, Inc.	2025-06-13	edgar/data/1811623/0001641172-25-015071.txt
15-12G	803649	Equity Commonwealth	2025-06-13	edgar/data/803649/0000803649-25-000048.txt
15-15D	1061998	COLTEC INTERNATIONAL SERVICES CO	2025-06-13	edgar/data/1061998/0001140361-25-022388.txt
15-15D	1062004	GARLOCK INTERNATIONAL INC	2025-06-13	edgar/data/1062004/0001140361-25-022388.txt
15-15D	1062005	GARLOCK OVERSEAS CORP	2025-06-13	edgar/data/1062005/0001140361-25-022388.txt
15-15D	1164863	Enpro Inc.	2025-06-13	edgar/data/1164863/0001140361-25-022388.txt
15-15D	1224692	APPLIED SURFACE TECHNOLOGY INC	2025-06-13	edgar/data/1224692/0001140361-25-022388.txt
15-15D	1624484	Belfab, Inc.	2025-06-13	edgar/data/1624484/0001140361-25-022388.txt
15-15D	1624492	EnPro Associates, LLC	2025-06-13	edgar/data/1624492/0001140361-25-022388.txt
15-15D	1624578	Technetics Group LLC	2025-06-13	edgar/data/1624578/0001140361-25-022388.txt
15-15D	1624586	Technetics Group Daytona, Inc.	2025-06-13	edgar/data/1624586/0001140361-25-022388.txt
15-15D	1624589	Stemco Products, Inc.	2025-06-13	edgar/data/1624589/0001140361-25-022388.txt
15-15D	1707686	Garlock Sealing Technologies LLC	2025-06-13	edgar/data/1707686/0001140361-25-022388.txt
15-15D	1707726	Garrison Litigation Management Group, LTD.	2025-06-13	edgar/data/1707726/0001140361-25-022388.txt
15-15D	1707953	EnPro Holdings, Inc.	2025-06-13	edgar/data/1707953/0001140361-25-022388.txt
15-15D	1707965	Garlock Hygienic Technologies, LLC	2025-06-13	edgar/data/1707965/0001140361-25-022388.txt
15-15D	1709114	Technetics Group Chicago, LLC	2025-06-13	edgar/data/1709114/0001140361-25-022388.txt
25-NSE	1354457	Nasdaq Stock Market LLC	2025-06-13	edgar/data/1354457/0001354457-25-000528.txt
25-NSE	1354457	Nasdaq Stock Market LLC	2025-06-13	edgar/data/1354457/0001354457-25-000533.txt
25-NSE	1722388	Tidal Trust III	2025-06-13	edgar/data/1722388/0001354457-25-000533.txt
25-NSE	1913210	Bruush Oral Care Inc.	2025-06-13	edgar/data/1913210/0001354457-25-000528.txt
15-12G	1842937	Red Rock Acquisition Corp.	2025-06-16	edgar/data/1842937/0001213900-25-054519.txt
25	1592386	Virtu Financial, Inc.	2025-06-16	edgar/data/1592386/0000950142-25-001623.txt
25	1692412	Playa Hotels & Resorts N.V.	2025-06-16	edgar/data/1692412/0001104659-25-059872.txt
25-NSE	1143362	NYSE ARCA, INC.	2025-06-16	edgar/data/1143362/0001143362-25-000179.txt
25-NSE	1354457	Nasdaq Stock Market LLC	2025-06-16	edgar/data/1354457/0001354457-25-000535.txt
25-NSE	1354457	Nasdaq Stock Market LLC	2025-06-16	edgar/data/1354457/0001354457-25-000536.txt
25-NSE	1488813	Customers Bancorp, Inc.	2025-06-16	edgar/data/1488813/0000876661-25-000447.txt
25-NSE	1683471	Listed Funds Trust	2025-06-16	edgar/data/1683471/0001143362-25-000179.txt
25-NSE	1793862	Dada Nexus Ltd	2025-06-16	edgar/data/1793862/0001354457-25-000536.txt
25-NSE	1806524	Lion Group Holding Ltd	2025-06-16	edgar/data/1806524/0001354457-25-000535.txt
25-NSE	764180	ALTRIA GROUP, INC.	2025-06-16	edgar/data/764180/0000876661-25-000449.txt
25-NSE	876661	NEW YORK STOCK EXCHANGE LLC	2025-06-16	edgar/data/876661/0000876661-25-000447.txt
25-NSE	876661	NEW YORK STOCK EXCHANGE LLC	2025-06-16	edgar/data/876661/0000876661-25-000449.txt
15-12G	1839519	CF Acquisition Corp. VII	2025-06-17	edgar/data/1839519/0001213900-25-054909.txt
25-NSE	1354457	Nasdaq Stock Market LLC	2025-06-17	edgar/data/1354457/0001354457-25-000543.txt
25-NSE	1354457	Nasdaq Stock Market LLC	2025-06-17	edgar/data/1354457/0001354457-25-000544.txt
25-NSE	1601936	Altamira Therapeutics Ltd.	2025-06-17	edgar/data/1601936/0001354457-25-000544.txt
25-NSE	1786511	Fresh2 Group Ltd	2025-06-17	edgar/data/1786511/0001354457-25-000543.txt
25-NSE	1163302	UNITED STATES STEEL CORP	2025-06-18	edgar/data/1163302/0000876661-25-000453.txt
25-NSE	1163302	UNITED STATES STEEL CORP	2025-06-18	edgar/data/1163302/0000876882-25-000016.txt
25-NSE	876661	NEW YORK STOCK EXCHANGE LLC	2025-06-18	edgar/data/876661/0000876661-25-000453.txt
25-NSE	876882	NYSE TEXAS, INC.	2025-06-18	edgar/data/876882/0000876882-25-000016.txt
15-12G	1726079	Lucent, Inc.	2025-06-20	edgar/data/1726079/0001139020-25-000178.txt
15-12G	1774983	Brooge Energy Ltd	2025-06-20	edgar/data/1774983/0001213900-25-055785.txt
15-12G	1785592	Leafly Holdings, Inc. /DE	2025-06-20	edgar/data/1785592/0001477932-25-004726.txt
25-NSE	1143362	NYSE ARCA, INC.	2025-06-20	edgar/data/1143362/0001143362-25-000185.txt
25-NSE	1354457	Nasdaq Stock Market LLC	2025-06-20	edgar/data/1354457/0001354457-25-000547.txt
25-NSE	1354457	Nasdaq Stock Market LLC	2025-06-20	edgar/data/1354457/0001354457-25-000548.txt
25-NSE	1354457	Nasdaq Stock Market LLC	2025-06-20	edgar/data/1354457/0001354457-25-000549.txt
25-NSE	1354457	Nasdaq Stock Market LLC	2025-06-20	edgar/data/1354457/0001354457-25-000550.txt
25-NSE	1354457	Nasdaq Stock Market LLC	2025-06-20	edgar/data/1354457/0001354457-25-000551.txt
25-NSE	1452937	EXCHANGE TRADED CONCEPTS TRUST	2025-06-20	edgar/data/1452937/0001143362-25-000185.txt
25-NSE	1689873	GraniteShares ETF Trust	2025-06-20	edgar/data/1689873/0001354457-25-000550.txt
25-NSE	1730773	Blue Star Foods Corp.	2025-06-20	edgar/data/1730773/0001354457-25-000548.txt
25-NSE	1741830	Kronos Bio, Inc.	2025-06-20	edgar/data/1741830/0001354457-25-000547.txt
25-NSE	1847440	Coliseum Acquisition Corp.	2025-06-20	edgar/data/1847440/0001354457-25-000549.txt
25-NSE	1900402	Evergreen Corp	2025-06-20	edgar/data/1900402/0001354457-25-000551.txt
15-12G	1037868	AMETEK INC/	2025-06-23	edgar/data/1037868/0001037868-25-000048.txt
15-12G	1885461	ShoulderUP Technology Acquisition Corp.	2025-06-23	edgar/data/1885461/0001213900-25-056328.txt
15-12G	2025065	Black Spade Acquisition II Co	2025-06-23	edgar/data/2025065/0001104659-25-061317.txt
25	1831313	TCW ETF Trust	2025-06-23	edgar/data/1831313/0001829126-25-004640.txt
25-NSE	1104038	VerifyMe, Inc.	2025-06-23	edgar/data/1104038/0001354457-25-000562.txt
25-NSE	1137360	VanEck ETF Trust	2025-06-23	edgar/data/1137360/0001354457-25-000563.txt
25-NSE	1143313	NYSE AMERICAN LLC	2025-06-23	edgar/data/1143313/0001143313-25-000038.txt
25-NSE	1354457	Nasdaq Stock Market LLC	2025-06-23	edgar/data/1354457/0001354457-25-000552.txt
25-NSE	1354457	Nasdaq Stock Market LLC	2025-06-23	edgar/data/1354457/0001354457-25-000556.txt
25-NSE	1354457	Nasdaq Stock Market LLC	2025-06-23	edgar/data/1354457/0001354457-25-000558.txt
25-NSE	1354457	Nasdaq Stock Market LLC	2025-06-23	edgar/data/1354457/0001354457-25-000561.txt
25-NSE	1354457	Nasdaq Stock Market LLC	2025-06-23	edgar/data/1354457/0001354457-25-000562.txt
25-NSE	1354457	Nasdaq Stock Market LLC	2025-06-23	edgar/data/1354457/0001354457-25-000563.txt
25-NSE	1354457	Nasdaq Stock Market LLC	2025-06-23	edgar/data/1354457/0001354457-25-000564.txt
25-NSE	1506928	Avinger Inc	2025-06-23	edgar/data/1506928/0001354457-25-000558.txt
25-NSE	1801417	byNordic Acquisition Corp	2025-06-23	edgar/data/1801417/0001354457-25-000556.txt
25-NSE	1850453	Mynaric AG	2025-06-23	edgar/data/1850453/0001354457-25-000561.txt
25-NSE	1871149	Real Good Food Company, Inc.	2025-06-23	edgar/data/1871149/0001354457-25-000552.txt
25-NSE	1874074	MultiMetaVerse Holdings Ltd	2025-06-23	edgar/data/1874074/0001354457-25-000564.txt
25-NSE	315131	PHX MINERALS INC.	2025-06-23	edgar/data/315131/0000876661-25-000459.txt
25-NSE	315131	PHX MINERALS INC.	2025-06-23	edgar/data/315131/0000876661-25-000460.txt
25-NSE	839122	BNY MELLON MUNICIPAL INCOME, INC.	2025-06-23	edgar/data/839122/0001143313-25-000038.txt
25-NSE	876661	NEW YORK STOCK EXCHANGE LLC	2025-06-23	edgar/data/876661/0000876661-25-000457.txt
25-NSE	876661	NEW YORK STOCK EXCHANGE LLC	2025-06-23	edgar/data/876661/0000876661-25-000459.txt
25-NSE	876661	NEW YORK STOCK EXCHANGE LLC	2025-06-23	edgar/data/876661/0000876661-25-000460.txt
25-NSE	929008	WESCO INTERNATIONAL INC	2025-06-23	edgar/data/929008/0000876661-25-000457.txt
15-12G	1083285	TIGER INTERNATIONAL RESOURCES INC	2025-06-24	edgar/data/1083285/0001062993-25-012104.txt
25-NSE	1354457	Nasdaq Stock Market LLC	2025-06-24	edgar/data/1354457/0001354457-25-000565.txt
25-NSE	1354457	Nasdaq Stock Market LLC	2025-06-24	edgar/data/1354457/0001354457-25-000566.txt
25-NSE	1771146	ETF Opportunities Trust	2025-06-24	edgar/data/1771146/0001354457-25-000566.txt
25-NSE	1947861	Nature's Miracle Holding Inc.	2025-06-24	edgar/data/1947861/0001354457-25-000565.txt
15-12G	1359687	SOUTH 8 ENERGY, LLC	2025-06-25	edgar/data/1359687/0001359687-25-000064.txt
15-12G	1586495	Leet Technology Inc.	2025-06-25	edgar/data/1586495/0001683168-25-004752.txt
25-NSE	1210618	SPI Energy Co., Ltd.	2025-06-25	edgar/data/1210618/0001354457-25-000577.txt
25-NSE	1354457	Nasdaq Stock Market LLC	2025-06-25	edgar/data/1354457/0001354457-25-000571.txt
25-NSE	1354457	Nasdaq Stock Market LLC	2025-06-25	edgar/data/1354457/0001354457-25-000572.txt
25-NSE	1354457	Nasdaq Stock Market LLC	2025-06-25	edgar/data/1354457/0001354457-25-000577.txt
25-NSE	1505512	Regulus Therapeutics Inc.	2025-06-25	edgar/data/1505512/0001354457-25-000571.txt
25-NSE	1721386	Landsea Homes Corp	2025-06-25	edgar/data/1721386/0001354457-25-000572.txt
25-NSE	876661	NEW YORK STOCK EXCHANGE LLC	2025-06-25	edgar/data/876661/0000876661-25-000464.txt
25-NSE	95552	SUPERIOR INDUSTRIES INTERNATIONAL INC	2025-06-25	edgar/data/95552/0000876661-25-000464.txt
15-12G	1084551	Community Redevelopment Inc.	2025-06-26	edgar/data/1084551/0001683168-25-004779.txt
15-12G	1522222	CLS Holdings USA, Inc.	2025-06-26	edgar/data/1522222/0001185185-25-000698.txt
15-12G	1692412	Playa Hotels & Resorts N.V.	2025-06-26	edgar/data/1692412/0001104659-25-063034.txt
15-12G	1793862	Dada Nexus Ltd	2025-06-26	edgar/data/1793862/0001104659-25-062704.txt
15-12G	826675	DYNEX CAPITAL INC	2025-06-26	edgar/data/826675/0000826675-25-000107.txt
15-15D	1889115	Honda Auto Receivables 2021-4 Owner Trust	2025-06-26	edgar/data/1889115/0001104659-25-062711.txt
15F-12G	825171	37 CAPITAL INC	2025-06-26	edgar/data/825171/0001713282-25-000528.txt
15-12G	1321517	Stratos Renewables Corp	2025-06-27	edgar/data/1321517/0001641172-25-016946.txt
15-12G	1964630	Vast Renewables Ltd	2025-06-27	edgar/data/1964630/0001213900-25-059028.txt
15-15D	1823046	Exeter Automobile Receivables Trust 2020-3	2025-06-27	edgar/data/1823046/0000929638-25-002417.txt
15-12G	1163302	UNITED STATES STEEL CORP	2025-06-30	edgar/data/1163302/0001104659-25-063928.txt
15-12G	1616533	Penguin Solutions, Inc.	2025-06-30	edgar/data/1616533/0001193125-25-152899.txt
15-12G	1741830	Kronos Bio, Inc.	2025-06-30	edgar/data/1741830/0001140361-25-024105.txt
15-12G	1851612	Focus Impact BH3 Acquisition Co	2025-06-30	edgar/data/1851612/0001140361-25-024171.txt
15-15D	1442999	ALTEROLA BIOTECH INC.	2025-06-30	edgar/data/1442999/0001477932-25-004839.txt
15-15D	1843443	AmeriCredit Automobile Receivables Trust 2021-1	2025-06-30	edgar/data/1843443/0001213900-25-059278.txt
25-NSE	1143362	NYSE ARCA, INC.	2025-06-30	edgar/data/1143362/0001143362-25-000198.txt
25-NSE	1143362	NYSE ARCA, INC.	2025-06-30	edgar/data/1143362/0001143362-25-000200.txt
25-NSE	1354457	Nasdaq Stock Market LLC	2025-06-30	edgar/data/1354457/0001354457-25-000591.txt
25-NSE	1354457	Nasdaq Stock Market LLC	2025-06-30	edgar/data/1354457/0001354457-25-000593.txt
25-NSE	1392994	FIRST TRUST SPECIALTY FINANCE & FINANCIAL OPPORTUNITIES FUND	2025-06-30	edgar/data/1392994/0000876661-25-000469.txt
25-NSE	1501825	Hartford Funds Exchange-Traded Trust	2025-06-30	edgar/data/1501825/0001143362-25-000198.txt
25-NSE	1527469	Athene Holding Ltd.	2025-06-30	edgar/data/1527469/0000876661-25-000467.txt
25-NSE	1605803	Lattice Strategies Trust	2025-06-30	edgar/data/1605803/0001143362-25-000200.txt
25-NSE	1866001	JVSPAC Acquisition Corp.	2025-06-30	edgar/data/1866001/0001354457-25-000591.txt
25-NSE	1866364	Webull Corp	2025-06-30	edgar/data/1866364/0001354457-25-000593.txt
25-NSE	876661	NEW YORK STOCK EXCHANGE LLC	2025-06-30	edgar/data/876661/0000876661-25-000467.txt
25-NSE	876661	NEW YORK STOCK EXCHANGE LLC	2025-06-30	edgar/data/876661/0000876661-25-000469.txt
25-NSE	1018399	ENTERPRISE BANCORP INC /MA/	2025-07-01	edgar/data/1018399/0001354457-25-000601.txt
25-NSE	1137360	VanEck ETF Trust	2025-07-01	edgar/data/1137360/0001417835-25-000132.txt
25-NSE	1143313	NYSE AMERICAN LLC	2025-07-01	edgar/data/1143313/0001143313-25-000040.txt
25-NSE	1143362	NYSE ARCA, INC.	2025-07-01	edgar/data/1143362/0001143362-25-000203.txt
25-NSE	1159152	James Hardie Industries plc	2025-07-01	edgar/data/1159152/0000876661-25-000483.txt
25-NSE	1318568	Everi Holdings Inc.	2025-07-01	edgar/data/1318568/0000876661-25-000476.txt
25-NSE	1354457	Nasdaq Stock Market LLC	2025-07-01	edgar/data/1354457/0001354457-25-000599.txt
25-NSE	1354457	Nasdaq Stock Market LLC	2025-07-01	edgar/data/1354457/0001354457-25-000600.txt
25-NSE	1354457	Nasdaq Stock Market LLC	2025-07-01	edgar/data/1354457/0001354457-25-000601.txt
25-NSE	1354457	Nasdaq Stock Market LLC	2025-07-01	edgar/data/1354457/0001354457-25-000602.txt
25-NSE	1354457	Nasdaq Stock Market LLC	2025-07-01	edgar/data/1354457/0001354457-25-000603.txt
25-NSE	1354457	Nasdaq Stock Market LLC	2025-07-01	edgar/data/1354457/0001354457-25-000604.txt
25-NSE	1354457	Nasdaq Stock Market LLC	2025-07-01	edgar/data/1354457/0001354457-25-000605.txt
25-NSE	1382821	Redfin Corp	2025-07-01	edgar/data/1382821/0001354457-25-000602.txt
25-NSE	1417835	Cboe BZX Exchange, Inc.	2025-07-01	edgar/data/1417835/0001417835-25-000128.txt
25-NSE	1417835	Cboe BZX Exchange, Inc.	2025-07-01	edgar/data/1417835/0001417835-25-000130.txt
25-NSE	1417835	Cboe BZX Exchange, Inc.	2025-07-01	edgar/data/1417835/0001417835-25-000132.txt
25-NSE	1417835	Cboe BZX Exchange, Inc.	2025-07-01	edgar/data/1417835/0001417835-25-000134.txt
25-NSE	1417835	Cboe BZX Exchange, Inc.	2025-07-01	edgar/data/1417835/0001417835-25-000136.txt
25-NSE	1527428	Arrow Investments Trust	2025-07-01	edgar/data/1527428/0001417835-25-000134.txt
25-NSE	1552947	Two Roads Shared Trust	2025-07-01	edgar/data/1552947/0001417835-25-000128.txt
25-NSE	1593548	PlayAGS, Inc.	2025-07-01	edgar/data/1593548/0000876661-25-000479.txt
25-NSE	1605803	Lattice Strategies Trust	2025-07-01	edgar/data/1605803/0001417835-25-000136.txt
25-NSE	1635073	Nushares ETF Trust	2025-07-01	edgar/data/1635073/0001143362-25-000203.txt
25-NSE	1683471	Listed Funds Trust	2025-07-01	edgar/data/1683471/0001417835-25-000130.txt
25-NSE	1689731	Southern States Bancshares, Inc.	2025-07-01	edgar/data/1689731/0001354457-25-000603.txt
25-NSE	1693011	Inozyme Pharma, Inc.	2025-07-01	edgar/data/1693011/0001354457-25-000600.txt
25-NSE	1773427	SpringWorks Therapeutics, Inc.	2025-07-01	edgar/data/1773427/0001354457-25-000604.txt
25-NSE	1782754	AZEK Co Inc.	2025-07-01	edgar/data/1782754/0000876661-25-000485.txt
25-NSE	1809196	Immatics N.V.	2025-07-01	edgar/data/1809196/0001354457-25-000599.txt
25-NSE	743238	SHYFT GROUP, INC.	2025-07-01	edgar/data/743238/0001354457-25-000605.txt
25-NSE	798354	FISERV INC	2025-07-01	edgar/data/798354/0000876661-25-000481.txt
25-NSE	876661	NEW YORK STOCK EXCHANGE LLC	2025-07-01	edgar/data/876661/0000876661-25-000476.txt
25-NSE	876661	NEW YORK STOCK EXCHANGE LLC	2025-07-01	edgar/data/876661/0000876661-25-000479.txt
25-NSE	876661	NEW YORK STOCK EXCHANGE LLC	2025-07-01	edgar/data/876661/0000876661-25-000481.txt
25-NSE	876661	NEW YORK STOCK EXCHANGE LLC	2025-07-01	edgar/data/876661/0000876661-25-000483.txt
25-NSE	876661	NEW YORK STOCK EXCHANGE LLC	2025-07-01	edgar/data/876661/0000876661-25-000485.txt
25-NSE	89140	SERVOTRONICS INC /DE/	2025-07-01	edgar/data/89140/0001143313-25-000040.txt
15-12G	1445283	KINETA, INC./DE	2025-07-02	edgar/data/1445283/0001193125-25-155004.txt
25-NSE	1043604	JUNIPER NETWORKS INC	2025-07-02	edgar/data/1043604/0000876661-25-000489.txt
25-NSE	1143313	NYSE AMERICAN LLC	2025-07-02	edgar/data/1143313/0001143313-25-000042.txt
25-NSE	1354457	Nasdaq Stock Market LLC	2025-07-02	edgar/data/1354457/0001354457-25-000610.txt
25-NSE	1363829	Enstar Group LTD	2025-07-02	edgar/data/1363829/0001354457-25-000610.txt
25-NSE	1613103	Medtronic plc	2025-07-02	edgar/data/1613103/0000876661-25-000493.txt
25-NSE	1647572	Medtronic Global Holdings S.C.A.	2025-07-02	edgar/data/1647572/0000876661-25-000491.txt
25-NSE	1915403	SatixFy Communications Ltd.	2025-07-02	edgar/data/1915403/0001143313-25-000042.txt
25-NSE	64670	MEDTRONIC INC	2025-07-02	edgar/data/64670/0000876661-25-000495.txt
25-NSE	876661	NEW YORK STOCK EXCHANGE LLC	2025-07-02	edgar/data/876661/0000876661-25-000489.txt
25-NSE	876661	NEW YORK STOCK EXCHANGE LLC	2025-07-02	edgar/data/876661/0000876661-25-000491.txt
25-NSE	876661	NEW YORK STOCK EXCHANGE LLC	2025-07-02	edgar/data/876661/0000876661-25-000493.txt
25-NSE	876661	NEW YORK STOCK EXCHANGE LLC	2025-07-02	edgar/data/876661/0000876661-25-000495.txt
15-12G	315131	PHX MINERALS INC.	2025-07-03	edgar/data/315131/0001104659-25-065602.txt
25-NSE	105319	WW INTERNATIONAL, INC.	2025-07-03	edgar/data/105319/0001354457-25-000613.txt
25-NSE	1354457	Nasdaq Stock Market LLC	2025-07-03	edgar/data/1354457/0001354457-25-000613.txt
25-NSE	1354457	Nasdaq Stock Market LLC	2025-07-03	edgar/data/1354457/0001354457-25-000614.txt
25-NSE	1794846	Atlas Corp.	2025-07-03	edgar/data/1794846/0001354457-25-000614.txt
15-12G	1505512	Regulus Therapeutics Inc.	2025-07-07	edgar/data/1505512/0001104659-25-065915.txt
15-12G	1721386	Landsea Homes Corp	2025-07-07	edgar/data/1721386/0000950142-25-001850.txt
15F-12B	1915403	SatixFy Communications Ltd.	2025-07-08	edgar/data/1915403/0001178913-25-002327.txt
15F-12B	1915403	SatixFy Communications Ltd.	2025-07-08	edgar/data/1915403/0001178913-25-002329.txt
25	2009684	Seaport Entertainment Group Inc.	2025-07-08	edgar/data/2009684/0001104659-25-066297.txt
25-NSE	1143362	NYSE ARCA, INC.	2025-07-08	edgar/data/1143362/0001143362-25-000214.txt
25-NSE	1350487	WisdomTree Trust	2025-07-08	edgar/data/1350487/0001417835-25-000142.txt
25-NSE	1354457	Nasdaq Stock Market LLC	2025-07-08	edgar/data/1354457/0001354457-25-000619.txt
25-NSE	1354457	Nasdaq Stock Market LLC	2025-07-08	edgar/data/1354457/0001354457-25-000620.txt
25-NSE	1417835	Cboe BZX Exchange, Inc.	2025-07-08	edgar/data/1417835/0001417835-25-000142.txt
25-NSE	1655589	Franklin Templeton ETF Trust	2025-07-08	edgar/data/1655589/0001143362-25-000214.txt
25-NSE	1711933	Akoya Biosciences, Inc.	2025-07-08	edgar/data/1711933/0001354457-25-000619.txt
25-NSE	1858007	Goldenstone Acquisition Ltd.	2025-07-08	edgar/data/1858007/0001354457-25-000620.txt
25-NSE	31462	ECOLAB INC.	2025-07-08	edgar/data/31462/0000876661-25-000498.txt
25-NSE	876661	NEW YORK STOCK EXCHANGE LLC	2025-07-08	edgar/data/876661/0000876661-25-000498.txt
15-12G	1378866	Go Green Global Technologies Corp.	2025-07-09	edgar/data/1378866/0001683168-25-004988.txt
25-NSE	1143313	NYSE AMERICAN LLC	2025-07-09	edgar/data/1143313/0001143313-25-000044.txt
25-NSE	1354457	Nasdaq Stock Market LLC	2025-07-09	edgar/data/1354457/0001354457-25-000626.txt
25-NSE	1354457	Nasdaq Stock Market LLC	2025-07-09	edgar/data/1354457/0001354457-25-000628.txt
25-NSE	1599407	1847 Holdings LLC	2025-07-09	edgar/data/1599407/0001143313-25-000044.txt
25-NSE	1818605	Distoken Acquisition Corp	2025-07-09	edgar/data/1818605/0001354457-25-000628.txt
25-NSE	1883984	Alternus Clean Energy, Inc.	2025-07-09	edgar/data/1883984/0001354457-25-000626.txt
15-12G	1866001	JVSPAC Acquisition Corp.	2025-07-10	edgar/data/1866001/0001213900-25-062508.txt
15-15D	1856407	World Omni Auto Receivables Trust 2021-B	2025-07-10	edgar/data/1856407/0001104659-25-066794.txt
25-NSE	1061027	Viracta Therapeutics, Inc.	2025-07-10	edgar/data/1061027/0001354457-25-000630.txt
25-NSE	1341439	ORACLE CORP	2025-07-10	edgar/data/1341439/0000876661-25-000500.txt
25-NSE	1354457	Nasdaq Stock Market LLC	2025-07-10	edgar/data/1354457/0001354457-25-000630.txt
25-NSE	1354457	Nasdaq Stock Market LLC	2025-07-10	edgar/data/1354457/0001354457-25-000631.txt
25-NSE	1354457	Nasdaq Stock Market LLC	2025-07-10	edgar/data/1354457/0001354457-25-000632.txt
25-NSE	1354457	Nasdaq Stock Market LLC	2025-07-10	edgar/data/1354457/0001354457-25-000634.txt
25-NSE	1354457	Nasdaq Stock Market LLC	2025-07-10	edgar/data/1354457/0001354457-25-000635.txt
25-NSE	1354457	Nasdaq Stock Market LLC	2025-07-10	edgar/data/1354457/0001354457-25-000638.txt
25-NSE	1354457	Nasdaq Stock Market LLC	2025-07-10	edgar/data/1354457/0001354457-25-000642.txt
25-NSE	1492674	T2 Biosystems, Inc.	2025-07-10	edgar/data/1492674/0001354457-25-000634.txt
25-NSE	1499717	Staffing 360 Solutions, Inc.	2025-07-10	edgar/data/1499717/0001354457-25-000638.txt
25-NSE	1691936	STRYVE FOODS, INC.	2025-07-10	edgar/data/1691936/0001354457-25-000632.txt
25-NSE	1794846	Atlas Corp.	2025-07-10	edgar/data/1794846/0000876661-25-000502.txt
25-NSE	1845550	Plum Acquisition Corp. III	2025-07-10	edgar/data/1845550/0001354457-25-000642.txt
25-NSE	1849737	Patria Latin American Opportunity Acquisition Corp.	2025-07-10	edgar/data/1849737/0001354457-25-000631.txt
25-NSE	876661	NEW YORK STOCK EXCHANGE LLC	2025-07-10	edgar/data/876661/0000876661-25-000500.txt
25-NSE	876661	NEW YORK STOCK EXCHANGE LLC	2025-07-10	edgar/data/876661/0000876661-25-000502.txt
25-NSE	912603	RADIUS RECYCLING, INC.	2025-07-10	edgar/data/912603/0001354457-25-000635.txt
15-12G	1018399	ENTERPRISE BANCORP INC /MA/	2025-07-11	edgar/data/1018399/0001018399-25-000099.txt
15-12G	1318568	Everi Holdings Inc.	2025-07-11	edgar/data/1318568/0001193125-25-157849.txt
15-12G	1382821	Redfin Corp	2025-07-11	edgar/data/1382821/0000950142-25-001879.txt
15-12G	1593548	PlayAGS, Inc.	2025-07-11	edgar/data/1593548/0001193125-25-157889.txt
15-12G	1693011	Inozyme Pharma, Inc.	2025-07-11	edgar/data/1693011/0001193125-25-157809.txt
15-12G	1704795	Bantec, Inc.	2025-07-11	edgar/data/1704795/0001437749-25-022553.txt
15-12G	1773427	SpringWorks Therapeutics, Inc.	2025-07-11	edgar/data/1773427/0001104659-25-067089.txt
15-12G	1782754	AZEK Co Inc.	2025-07-11	edgar/data/1782754/0001193125-25-158204.txt
15-12G	743238	SHYFT GROUP, INC.	2025-07-11	edgar/data/743238/0001140361-25-025579.txt
15-12G	89140	SERVOTRONICS INC /DE/	2025-07-11	edgar/data/89140/0001193125-25-157860.txt
15-15D	2043019	Critical Mineral Recovery, Inc.	2025-07-11	edgar/data/2043019/0001999371-25-009010.txt
25-NSE	1133818	BIO-PATH HOLDINGS, INC.	2025-07-11	edgar/data/1133818/0001354457-25-000650.txt
25-NSE	1143313	NYSE AMERICAN LLC	2025-07-11	edgar/data/1143313/0001143313-25-000048.txt
25-NSE	1354457	Nasdaq Stock Market LLC	2025-07-11	edgar/data/1354457/0001354457-25-000646.txt
25-NSE	1354457	Nasdaq Stock Market LLC	2025-07-11	edgar/data/1354457/0001354457-25-000647.txt
25-NSE	1354457	Nasdaq Stock Market LLC	2025-07-11	edgar/data/1354457/0001354457-25-000648.txt
25-NSE	1354457	Nasdaq Stock Market LLC	2025-07-11	edgar/data/1354457/0001354457-25-000650.txt
25-NSE	1354457	Nasdaq Stock Market LLC	2025-07-11	edgar/data/1354457/0001354457-25-000651.txt
25-NSE	1354457	Nasdaq Stock Market LLC	2025-07-11	edgar/data/1354457/0001354457-25-000652.txt
25-NSE	1354457	Nasdaq Stock Market LLC	2025-07-11	edgar/data/1354457/0001354457-25-000653.txt
25-NSE	1510337	FIRST TRUST EXCHANGE-TRADED ALPHADEX FUND II	2025-07-11	edgar/data/1510337/0001354457-25-000648.txt
25-NSE	1777921	AvePoint, Inc.	2025-07-11	edgar/data/1777921/0001354457-25-000646.txt
25-NSE	1815021	Boqii Holding Ltd	2025-07-11	edgar/data/1815021/0001143313-25-000048.txt
25-NSE	1853047	Hudson Acquisition I Corp.	2025-07-11	edgar/data/1853047/0001354457-25-000653.txt
25-NSE	1889450	FutureTech II Acquisition Corp.	2025-07-11	edgar/data/1889450/0001354457-25-000652.txt
25-NSE	1892747	Valuence Merger Corp. I	2025-07-11	edgar/data/1892747/0001354457-25-000647.txt
25-NSE	1893311	LUXURBAN HOTELS INC.	2025-07-11	edgar/data/1893311/0001354457-25-000651.txt
15-12G	1043604	JUNIPER NETWORKS INC	2025-07-14	edgar/data/1043604/0001140361-25-025744.txt
15-12G	1553404	Pacific Green Technologies Inc.	2025-07-14	edgar/data/1553404/0001213900-25-063766.txt
15-12G	1715819	Electromedical Technologies, Inc	2025-07-14	edgar/data/1715819/0001437749-25-022636.txt
25	1363829	Enstar Group LTD	2025-07-14	edgar/data/1363829/0001104659-25-067598.txt
25-NSE	101382	UMB FINANCIAL CORP	2025-07-14	edgar/data/101382/0001354457-25-000660.txt
25-NSE	1015328	WINTRUST FINANCIAL CORP	2025-07-14	edgar/data/1015328/0001354457-25-000661.txt
25-NSE	1143362	NYSE ARCA, INC.	2025-07-14	edgar/data/1143362/0001143362-25-000222.txt
25-NSE	1354457	Nasdaq Stock Market LLC	2025-07-14	edgar/data/1354457/0001354457-25-000655.txt
25-NSE	1354457	Nasdaq Stock Market LLC	2025-07-14	edgar/data/1354457/0001354457-25-000656.txt
25-NSE	1354457	Nasdaq Stock Market LLC	2025-07-14	edgar/data/1354457/0001354457-25-000658.txt
25-NSE	1354457	Nasdaq Stock Market LLC	2025-07-14	edgar/data/1354457/0001354457-25-000659.txt
25-NSE	1354457	Nasdaq Stock Market LLC	2025-07-14	edgar/data/1354457/0001354457-25-000660.txt
25-NSE	1354457	Nasdaq Stock Market LLC	2025-07-14	edgar/data/1354457/0001354457-25-000661.txt
25-NSE	1354457	Nasdaq Stock Market LLC	2025-07-14	edgar/data/1354457/0001354457-25-000662.txt
25-NSE	1354457	Nasdaq Stock Market LLC	2025-07-14	edgar/data/1354457/0001354457-25-000664.txt
25-NSE	1415726	Innovator ETFs Trust	2025-07-14	edgar/data/1415726/0001417835-25-000149.txt
25-NSE	1417835	Cboe BZX Exchange, Inc.	2025-07-14	edgar/data/1417835/0001417835-25-000149.txt
25-NSE	1511699	Managed Portfolio Series	2025-07-14	edgar/data/1511699/0001143362-25-000222.txt
25-NSE	1554625	Priority Income Fund, Inc.	2025-07-14	edgar/data/1554625/0000876661-25-000506.txt
25-NSE	1852889	Investcorp AI Acquisition Corp.	2025-07-14	edgar/data/1852889/0001354457-25-000664.txt
25-NSE	1882464	Metal Sky Star Acquisition Corp	2025-07-14	edgar/data/1882464/0001354457-25-000659.txt
25-NSE	1897971	Global Lights Acquisition Corp	2025-07-14	edgar/data/1897971/0001354457-25-000662.txt
25-NSE	1907730	Yotta Acquisition Corp	2025-07-14	edgar/data/1907730/0001354457-25-000658.txt
25-NSE	1913577	Denali Capital Acquisition Corp.	2025-07-14	edgar/data/1913577/0001354457-25-000656.txt
25-NSE	1966734	AI Transportation Acquisition Corp	2025-07-14	edgar/data/1966734/0001354457-25-000655.txt
25-NSE	876661	NEW YORK STOCK EXCHANGE LLC	2025-07-14	edgar/data/876661/0000876661-25-000506.txt
15-12G	1913838	VWF Bancorp, Inc.	2025-07-15	edgar/data/1913838/0000943374-25-000334.txt
15-15D	2053926	Hotel101 Global Pte. Ltd.	2025-07-15	edgar/data/2053926/0001213900-25-063932.txt
25-NSE	1354457	Nasdaq Stock Market LLC	2025-07-15	edgar/data/1354457/0001354457-25-000670.txt
25-NSE	1354457	Nasdaq Stock Market LLC	2025-07-15	edgar/data/1354457/0001354457-25-000671.txt
25-NSE	1354457	Nasdaq Stock Market LLC	2025-07-15	edgar/data/1354457/0001354457-25-000672.txt
25-NSE	1354457	Nasdaq Stock Market LLC	2025-07-15	edgar/data/1354457/0001354457-25-000673.txt
25-NSE	1571329	Logan Ridge Finance Corp.	2025-07-15	edgar/data/1571329/0001354457-25-000672.txt
25-NSE	1889112	Cartesian Growth Corp II	2025-07-15	edgar/data/1889112/0001354457-25-000671.txt
25-NSE	1903392	ClimateRock	2025-07-15	edgar/data/1903392/0001354457-25-000673.txt
25-NSE	1973368	SRIVARU Holding Ltd	2025-07-15	edgar/data/1973368/0001354457-25-000670.txt
15-12G	1509957	Can B Corp	2025-07-16	edgar/data/1509957/0001641172-25-019852.txt
15-12G	1569340	Cell Source, Inc.	2025-07-16	edgar/data/1569340/0001641172-25-019898.txt
15-12G	1689731	Southern States Bancshares, Inc.	2025-07-16	edgar/data/1689731/0001104659-25-068344.txt
15-12G	1689731	Southern States Bancshares, Inc.	2025-07-16	edgar/data/1689731/0001104659-25-068347.txt
15-12G	1689731	Southern States Bancshares, Inc.	2025-07-16	edgar/data/1689731/0001104659-25-068355.txt
15-15D	1479362	PROFUSA, Inc. /OLD	2025-07-16	edgar/data/1479362/0001213900-25-064706.txt
25-NSE	1162461	CUTERA INC	2025-07-16	edgar/data/1162461/0001354457-25-000682.txt
25-NSE	1167831	Lloyds Bank plc	2025-07-16	edgar/data/1167831/0000876661-25-000513.txt
25-NSE	1354457	Nasdaq Stock Market LLC	2025-07-16	edgar/data/1354457/0001354457-25-000679.txt
25-NSE	1354457	Nasdaq Stock Market LLC	2025-07-16	edgar/data/1354457/0001354457-25-000680.txt
25-NSE	1354457	Nasdaq Stock Market LLC	2025-07-16	edgar/data/1354457/0001354457-25-000682.txt
25-NSE	1354457	Nasdaq Stock Market LLC	2025-07-16	edgar/data/1354457/0001354457-25-000683.txt
25-NSE	1705012	Fat Brands, Inc	2025-07-16	edgar/data/1705012/0001354457-25-000679.txt
25-NSE	1723089	ChampionX Corp	2025-07-16	edgar/data/1723089/0001354457-25-000680.txt
25-NSE	1903464	Aimfinity Investment Corp. I	2025-07-16	edgar/data/1903464/0001354457-25-000683.txt
25-NSE	1995413	COLOMBIER ACQUISITION CORP. II	2025-07-16	edgar/data/1995413/0000876661-25-000515.txt
25-NSE	876661	NEW YORK STOCK EXCHANGE LLC	2025-07-16	edgar/data/876661/0000876661-25-000513.txt
25-NSE	876661	NEW YORK STOCK EXCHANGE LLC	2025-07-16	edgar/data/876661/0000876661-25-000515.txt
15-12G	1464865	Accredited Solutions, Inc.	2025-07-17	edgar/data/1464865/0001477932-25-005099.txt
15-12G	1845942	Bannix Acquisition Corp.	2025-07-17	edgar/data/1845942/0001731122-25-000987.txt
15-12G	2042814	Nascent Pharma Holdings, Inc.	2025-07-17	edgar/data/2042814/0001641172-25-020011.txt
25	1742912	Tidal Trust I	2025-07-17	edgar/data/1742912/0001999371-25-009301.txt
25	1742912	Tidal Trust I	2025-07-17	edgar/data/1742912/0001999371-25-009303.txt
25-NSE	1013462	ANSYS INC	2025-07-17	edgar/data/1013462/0001354457-25-000689.txt
25-NSE	1354457	Nasdaq Stock Market LLC	2025-07-17	edgar/data/1354457/0001354457-25-000684.txt
25-NSE	1354457	Nasdaq Stock Market LLC	2025-07-17	edgar/data/1354457/0001354457-25-000685.txt
25-NSE	1354457	Nasdaq Stock Market LLC	2025-07-17	edgar/data/1354457/0001354457-25-000687.txt
25-NSE	1354457	Nasdaq Stock Market LLC	2025-07-17	edgar/data/1354457/0001354457-25-000688.txt
25-NSE	1354457	Nasdaq Stock Market LLC	2025-07-17	edgar/data/1354457/0001354457-25-000689.txt
25-NSE	1698514	National Energy Services Reunited Corp.	2025-07-17	edgar/data/1698514/0001354457-25-000688.txt
25-NSE	1845459	NKGen Biotech, Inc.	2025-07-17	edgar/data/1845459/0001354457-25-000685.txt
25-NSE	1861063	Aquaron Acquisition Corp.	2025-07-17	edgar/data/1861063/0001354457-25-000687.txt
25-NSE	749660	ICAD INC	2025-07-17	edgar/data/749660/0001354457-25-000684.txt
25-NSE	850033	BP PRUDHOE BAY ROYALTY TRUST	2025-07-17	edgar/data/850033/0000876661-25-000521.txt
25-NSE	876661	NEW YORK STOCK EXCHANGE LLC	2025-07-17	edgar/data/876661/0000876661-25-000521.txt
15-12G	1341318	LAKE SHORE BANCORP, INC.	2025-07-18	edgar/data/1341318/0000943374-25-000336.txt
15-12G	1711933	Akoya Biosciences, Inc.	2025-07-18	edgar/data/1711933/0001104659-25-068879.txt
25-NSE	1354457	Nasdaq Stock Market LLC	2025-07-18	edgar/data/1354457/0001354457-25-000690.txt
25-NSE	1354457	Nasdaq Stock Market LLC	2025-07-18	edgar/data/1354457/0001354457-25-000691.txt
25-NSE	1354457	Nasdaq Stock Market LLC	2025-07-18	edgar/data/1354457/0001354457-25-000693.txt
25-NSE	1354457	Nasdaq Stock Market LLC	2025-07-18	edgar/data/1354457/0001354457-25-000694.txt
25-NSE	1354457	Nasdaq Stock Market LLC	2025-07-18	edgar/data/1354457/0001354457-25-000695.txt
25-NSE	1354457	Nasdaq Stock Market LLC	2025-07-18	edgar/data/1354457/0001354457-25-000696.txt
25-NSE	1354457	Nasdaq Stock Market LLC	2025-07-18	edgar/data/1354457/0001354457-25-000697.txt
25-NSE	1597264	Blueprint Medicines Corp	2025-07-18	edgar/data/1597264/0001354457-25-000693.txt
25-NSE	1644963	AVENUE THERAPEUTICS, INC.	2025-07-18	edgar/data/1644963/0001354457-25-000696.txt
25-NSE	1845942	Bannix Acquisition Corp.	2025-07-18	edgar/data/1845942/0001354457-25-000694.txt
25-NSE	1854463	WinVest Acquisition Corp.	2025-07-18	edgar/data/1854463/0001354457-25-000697.txt
25-NSE	1955104	Zapp Electric Vehicles Group Ltd	2025-07-18	edgar/data/1955104/0001354457-25-000690.txt
25-NSE	1995194	Heramba Electric plc	2025-07-18	edgar/data/1995194/0001354457-25-000695.txt
25-NSE	2000640	Damon Inc.	2025-07-18	edgar/data/2000640/0001354457-25-000691.txt
25-NSE	4447	HESS CORP	2025-07-18	edgar/data/4447/0000876661-25-000523.txt
25-NSE	876661	NEW YORK STOCK EXCHANGE LLC	2025-07-18	edgar/data/876661/0000876661-25-000523.txt
15-12G	912603	RADIUS RECYCLING, INC.	2025-07-21	edgar/data/912603/0001140361-25-026516.txt
25-NSE	1058623	CUMULUS MEDIA INC	2025-07-21	edgar/data/1058623/0001354457-25-000698.txt
25-NSE	1070050	AppTech Payments Corp.	2025-07-21	edgar/data/1070050/0001354457-25-000710.txt
25-NSE	1354457	Nasdaq Stock Market LLC	2025-07-21	edgar/data/1354457/0001354457-25-000698.txt
25-NSE	1354457	Nasdaq Stock Market LLC	2025-07-21	edgar/data/1354457/0001354457-25-000699.txt
25-NSE	1354457	Nasdaq Stock Market LLC	2025-07-21	edgar/data/1354457/0001354457-25-000700.txt
25-NSE	1354457	Nasdaq Stock Market LLC	2025-07-21	edgar/data/1354457/0001354457-25-000701.txt
25-NSE	1354457	Nasdaq Stock Market LLC	2025-07-21	edgar/data/1354457/0001354457-25-000702.txt
25-NSE	1354457	Nasdaq Stock Market LLC	2025-07-21	edgar/data/1354457/0001354457-25-000703.txt
25-NSE	1354457	Nasdaq Stock Market LLC	2025-07-21	edgar/data/1354457/0001354457-25-000704.txt
25-NSE	1354457	Nasdaq Stock Market LLC	2025-07-21	edgar/data/1354457/0001354457-25-000705.txt
25-NSE	1354457	Nasdaq Stock Market LLC	2025-07-21	edgar/data/1354457/0001354457-25-000706.txt
25-NSE	1354457	Nasdaq Stock Market LLC	2025-07-21	edgar/data/1354457/0001354457-25-000708.txt
25-NSE	1354457	Nasdaq Stock Market LLC	2025-07-21	edgar/data/1354457/0001354457-25-000710.txt
25-NSE	1354457	Nasdaq Stock Market LLC	2025-07-21	edgar/data/1354457/0001354457-25-000711.txt
25-NSE	1354457	Nasdaq Stock Market LLC	2025-07-21	edgar/data/1354457/0001354457-25-000714.txt
25-NSE	1354457	Nasdaq Stock Market LLC	2025-07-21	edgar/data/1354457/0001354457-25-000715.txt
25-NSE	1354457	Nasdaq Stock Market LLC	2025-07-21	edgar/data/1354457/0001354457-25-000718.txt
25-NSE	1354457	Nasdaq Stock Market LLC	2025-07-21	edgar/data/1354457/0001354457-25-000720.txt
25-NSE	1389002	MARIN SOFTWARE INC	2025-07-21	edgar/data/1389002/0001354457-25-000720.txt
25-NSE	1487839	Luokung Technology Corp.	2025-07-21	edgar/data/1487839/0001354457-25-000701.txt
25-NSE	1608390	Affimed N.V.	2025-07-21	edgar/data/1608390/0001354457-25-000705.txt
25-NSE	1708176	Hall of Fame Resort & Entertainment Co	2025-07-21	edgar/data/1708176/0001354457-25-000711.txt
25-NSE	1708331	Virpax Pharmaceuticals, Inc.	2025-07-21	edgar/data/1708331/0001354457-25-000708.txt
25-NSE	1729944	IMAC Holdings, Inc.	2025-07-21	edgar/data/1729944/0001354457-25-000700.txt
25-NSE	1816319	Lytus Technologies Holdings PTV. Ltd.	2025-07-21	edgar/data/1816319/0001354457-25-000702.txt
25-NSE	1844505	QT IMAGING HOLDINGS, INC.	2025-07-21	edgar/data/1844505/0001354457-25-000714.txt
25-NSE	1854275	Zoomcar Holdings, Inc.	2025-07-21	edgar/data/1854275/0001354457-25-000706.txt
25-NSE	1863362	Procaps Group, S.A.	2025-07-21	edgar/data/1863362/0001354457-25-000715.txt
25-NSE	1912582	Thunder Power Holdings, Inc.	2025-07-21	edgar/data/1912582/0001354457-25-000718.txt
25-NSE	727207	Accelerate Diagnostics, Inc	2025-07-21	edgar/data/727207/0001354457-25-000703.txt
25-NSE	882361	Aptose Biosciences Inc.	2025-07-21	edgar/data/882361/0001354457-25-000704.txt
25-NSE	917491	FARO TECHNOLOGIES INC	2025-07-21	edgar/data/917491/0001354457-25-000699.txt
15-12G	1818605	Distoken Acquisition Corp	2025-07-22	edgar/data/1818605/0001641172-25-020516.txt
15-12G	1995413	COLOMBIER ACQUISITION CORP. II	2025-07-22	edgar/data/1995413/0001213900-25-066523.txt
15-15D	1878944	Volkswagen Auto Loan Enhanced Trust 2021-1	2025-07-22	edgar/data/1878944/0001104659-25-069647.txt
25-NSE	1354457	Nasdaq Stock Market LLC	2025-07-22	edgar/data/1354457/0001354457-25-000725.txt
25-NSE	1354457	Nasdaq Stock Market LLC	2025-07-22	edgar/data/1354457/0001354457-25-000727.txt
25-NSE	1354457	Nasdaq Stock Market LLC	2025-07-22	edgar/data/1354457/0001354457-25-000728.txt
25-NSE	1583771	Hepion Pharmaceuticals, Inc.	2025-07-22	edgar/data/1583771/0001354457-25-000728.txt
25-NSE	1895249	ConnectM Technology Solutions, Inc.	2025-07-22	edgar/data/1895249/0001354457-25-000727.txt
25-NSE	1914818	Starbox Group Holdings Ltd.	2025-07-22	edgar/data/1914818/0001354457-25-000725.txt
25	916490	TIMOTHY PLAN	2025-07-23	edgar/data/916490/0001398344-25-013546.txt
25-NSE	1354457	Nasdaq Stock Market LLC	2025-07-23	edgar/data/1354457/0001354457-25-000732.txt
25-NSE	1783032	Elevation Oncology, Inc.	2025-07-23	edgar/data/1783032/0001354457-25-000732.txt
15-12G	1363829	Enstar Group LTD	2025-07-24	edgar/data/1363829/0001104659-25-070239.txt
25	1477246	S&W Seed Co	2025-07-24	edgar/data/1477246/0001641172-25-020872.txt
25	1524872	Thunder Energies Corp	2025-07-24	edgar/data/1524872/0001683168-25-005327.txt
25-NSE	1354457	Nasdaq Stock Market LLC	2025-07-24	edgar/data/1354457/0001354457-25-000736.txt
25-NSE	1382230	ESSA Bancorp, Inc.	2025-07-24	edgar/data/1382230/0001354457-25-000736.txt
15-12G	1571329	Logan Ridge Finance Corp.	2025-07-25	edgar/data/1571329/0001193125-25-165463.txt
15-12G	1852633	Pinstripes Holdings, Inc.	2025-07-25	edgar/data/1852633/0001193805-25-001102.txt
25-NSE	1021162	TRIUMPH GROUP INC	2025-07-25	edgar/data/1021162/0000876661-25-000530.txt
25-NSE	1021162	TRIUMPH GROUP INC	2025-07-25	edgar/data/1021162/0000876661-25-000532.txt
25-NSE	1143362	NYSE ARCA, INC.	2025-07-25	edgar/data/1143362/0001143362-25-000233.txt
25-NSE	1354457	Nasdaq Stock Market LLC	2025-07-25	edgar/data/1354457/0001354457-25-000739.txt
25-NSE	1479026	Goldman Sachs ETF Trust	2025-07-25	edgar/data/1479026/0001143362-25-000233.txt
25-NSE	1578453	Dynagas LNG Partners LP	2025-07-25	edgar/data/1578453/0000876661-25-000528.txt
25-NSE	1840574	Verve Therapeutics, Inc.	2025-07-25	edgar/data/1840574/0001354457-25-000739.txt
25-NSE	876661	NEW YORK STOCK EXCHANGE LLC	2025-07-25	edgar/data/876661/0000876661-25-000528.txt
25-NSE	876661	NEW YORK STOCK EXCHANGE LLC	2025-07-25	edgar/data/876661/0000876661-25-000530.txt
25-NSE	876661	NEW YORK STOCK EXCHANGE LLC	2025-07-25	edgar/data/876661/0000876661-25-000532.txt
15-12G	1723089	ChampionX Corp	2025-07-28	edgar/data/1723089/0001193125-25-165855.txt
15-12G	1838108	RMG Acquisition Corp. III	2025-07-28	edgar/data/1838108/0001213900-25-068029.txt
15-12G	4447	HESS CORP	2025-07-28	edgar/data/4447/0000950142-25-002026.txt
15-12G	749660	ICAD INC	2025-07-28	edgar/data/749660/0001683168-25-005443.txt
25-NSE	1354457	Nasdaq Stock Market LLC	2025-07-28	edgar/data/1354457/0001354457-25-000741.txt
25-NSE	1354457	Nasdaq Stock Market LLC	2025-07-28	edgar/data/1354457/0001354457-25-000742.txt
25-NSE	716605	PENNS WOODS BANCORP INC	2025-07-28	edgar/data/716605/0001354457-25-000741.txt
25-NSE	915358	SIGMATRON INTERNATIONAL INC	2025-07-28	edgar/data/915358/0001354457-25-000742.txt
15-12G	1013462	ANSYS INC	2025-07-29	edgar/data/1013462/0001140361-25-027848.txt
15-12G	1597264	Blueprint Medicines Corp	2025-07-29	edgar/data/1597264/0001193125-25-166915.txt
15-12G	1865120	Broad Capital Acquisition Corp	2025-07-29	edgar/data/1865120/0001641172-25-021443.txt
15-15D	1859055	Santander Drive Auto Receivables Trust 2021-2	2025-07-29	edgar/data/1859055/0001193125-25-167868.txt
25	1760542	HOOKIPA Pharma Inc.	2025-07-29	edgar/data/1760542/0001104659-25-071748.txt
25-NSE	1143362	NYSE ARCA, INC.	2025-07-29	edgar/data/1143362/0001143362-25-000237.txt
25-NSE	916490	TIMOTHY PLAN	2025-07-29	edgar/data/916490/0001143362-25-000237.txt
15-12G	1811115	Renalytix plc	2025-07-30	edgar/data/1811115/0001213900-25-069259.txt
25-NSE	1143362	NYSE ARCA, INC.	2025-07-30	edgar/data/1143362/0001143362-25-000241.txt
25-NSE	1424958	Direxion Shares ETF Trust	2025-07-30	edgar/data/1424958/0001143362-25-000241.txt
15-12G	917491	FARO TECHNOLOGIES INC	2025-07-31	edgar/data/917491/0001193125-25-170102.txt
25	1923840	Third Harmonic Bio, Inc.	2025-07-31	edgar/data/1923840/0001193125-25-169817.txt
25-NSE	1354457	Nasdaq Stock Market LLC	2025-07-31	edgar/data/1354457/0001354457-25-000753.txt
25-NSE	1597553	Sage Therapeutics, Inc.	2025-07-31	edgar/data/1597553/0001354457-25-000753.txt
15-12G	1096343	MARKEL GROUP INC.	2025-08-01	edgar/data/1096343/0001096343-25-000126.txt
15-15D	1957686	GM Financial Automobile Leasing Trust 2023-1	2025-08-01	edgar/data/1957686/0001213900-25-070293.txt
25-NSE	1143313	NYSE AMERICAN LLC	2025-08-01	edgar/data/1143313/0001143362-25-000246.txt
25-NSE	1143362	NYSE ARCA, INC.	2025-08-01	edgar/data/1143362/0001143362-25-000244.txt
25-NSE	1354457	Nasdaq Stock Market LLC	2025-08-01	edgar/data/1354457/0001354457-25-000756.txt
25-NSE	1687187	Ramaco Resources, Inc.	2025-08-01	edgar/data/1687187/0001354457-25-000756.txt
25-NSE	1848758	NEOS ETF Trust	2025-08-01	edgar/data/1848758/0001143362-25-000244.txt
25-NSE	36966	FIRST HORIZON CORP	2025-08-01	edgar/data/36966/0000876661-25-000546.txt
25-NSE	6176	AMPCO PITTSBURGH CORP	2025-08-01	edgar/data/6176/0001143362-25-000246.txt
25-NSE	876661	NEW YORK STOCK EXCHANGE LLC	2025-08-01	edgar/data/876661/0000876661-25-000546.txt
15-12G	1021162	TRIUMPH GROUP INC	2025-08-04	edgar/data/1021162/0001140361-25-028573.txt
15-12G	1382230	ESSA Bancorp, Inc.	2025-08-04	edgar/data/1382230/0001193125-25-172607.txt
15-12G	1620280	Uniti Group Inc.	2025-08-04	edgar/data/1620280/0000950103-25-009726.txt
15-12G	1783032	Elevation Oncology, Inc.	2025-08-04	edgar/data/1783032/0001140361-25-028624.txt
15-12G	1840574	Verve Therapeutics, Inc.	2025-08-04	edgar/data/1840574/0001193125-25-172180.txt
15-15D	1859855	Toyota Auto Receivables 2021-B Owner Trust	2025-08-04	edgar/data/1859855/0000929638-25-002873.txt
25	1071371	BANCOLOMBIA SA	2025-08-04	edgar/data/1071371/0001193125-25-172606.txt
25	1761696	Crown Electrokinetics Corp.	2025-08-04	edgar/data/1761696/0001213900-25-071365.txt
25-NSE	1140392	PIMCO MUNICIPAL INCOME FUND	2025-08-04	edgar/data/1140392/0000876661-25-000552.txt
25-NSE	1140410	PIMCO NEW YORK MUNICIPAL INCOME FUND	2025-08-04	edgar/data/1140410/0000876661-25-000556.txt
25-NSE	1170300	PIMCO CALIFORNIA MUNICIPAL INCOME FUND II	2025-08-04	edgar/data/1170300/0000876661-25-000560.txt
25-NSE	1181504	PIMCO CALIFORNIA MUNICIPAL INCOME FUND III	2025-08-04	edgar/data/1181504/0000876661-25-000562.txt
25-NSE	1181505	PIMCO NEW YORK MUNICIPAL INCOME FUND III	2025-08-04	edgar/data/1181505/0000876661-25-000558.txt
25-NSE	1181506	PIMCO MUNICIPAL INCOME FUND III	2025-08-04	edgar/data/1181506/0000876661-25-000554.txt
25-NSE	1354457	Nasdaq Stock Market LLC	2025-08-04	edgar/data/1354457/0001354457-25-000758.txt
25-NSE	1354457	Nasdaq Stock Market LLC	2025-08-04	edgar/data/1354457/0001354457-25-000761.txt
25-NSE	1532961	NV5 Global, Inc.	2025-08-04	edgar/data/1532961/0001354457-25-000758.txt
25-NSE	1800347	E2open Parent Holdings, Inc.	2025-08-04	edgar/data/1800347/0000876661-25-000550.txt
25-NSE	1964021	noco-noco Inc.	2025-08-04	edgar/data/1964021/0001354457-25-000761.txt
25-NSE	876661	NEW YORK STOCK EXCHANGE LLC	2025-08-04	edgar/data/876661/0000876661-25-000550.txt
25-NSE	876661	NEW YORK STOCK EXCHANGE LLC	2025-08-04	edgar/data/876661/0000876661-25-000552.txt
25-NSE	876661	NEW YORK STOCK EXCHANGE LLC	2025-08-04	edgar/data/876661/0000876661-25-000554.txt
25-NSE	876661	NEW YORK STOCK EXCHANGE LLC	2025-08-04	edgar/data/876661/0000876661-25-000556.txt
25-NSE	876661	NEW YORK STOCK EXCHANGE LLC	2025-08-04	edgar/data/876661/0000876661-25-000558.txt
25-NSE	876661	NEW YORK STOCK EXCHANGE LLC	2025-08-04	edgar/data/876661/0000876661-25-000560.txt
25-NSE	876661	NEW YORK STOCK EXCHANGE LLC	2025-08-04	edgar/data/876661/0000876661-25-000562.txt
15-15D	2008861	Endo LP	2025-08-05	edgar/data/2008861/0001104659-25-073818.txt
25-NSE	1048911	FEDEX CORP	2025-08-05	edgar/data/1048911/0000876661-25-000573.txt
25-NSE	1139191	FEDERAL EXPRESS EUROPE INC	2025-08-05	edgar/data/1139191/0000876661-25-000575.txt
25-NSE	1139193	FEDERAL EXPRESS HOLDINGS S A, LLC	2025-08-05	edgar/data/1139193/0000876661-25-000576.txt
25-NSE	1139197	FEDERAL EXPRESS INTERNATIONAL INC	2025-08-05	edgar/data/1139197/0000876661-25-000577.txt
25-NSE	1139206	FEDEX CORPORATE SERVICES INC	2025-08-05	edgar/data/1139206/0000876661-25-000578.txt
25-NSE	1139208	FEDEX FREIGHT CORP	2025-08-05	edgar/data/1139208/0000876661-25-000579.txt
25-NSE	1139209	FEDEX GROUND PACKAGE SYSTEM INC	2025-08-05	edgar/data/1139209/0000876661-25-000580.txt
25-NSE	1139414	FEDEX FREIGHT INC	2025-08-05	edgar/data/1139414/0000876661-25-000581.txt
25-NSE	1143313	NYSE AMERICAN LLC	2025-08-05	edgar/data/1143313/0001143313-25-000052.txt
25-NSE	1293525	FedEx Office & Print Services, Inc	2025-08-05	edgar/data/1293525/0000876661-25-000582.txt
25-NSE	1354457	Nasdaq Stock Market LLC	2025-08-05	edgar/data/1354457/0001354457-25-000762.txt
25-NSE	1354457	Nasdaq Stock Market LLC	2025-08-05	edgar/data/1354457/0001354457-25-000766.txt
25-NSE	1417835	Cboe BZX Exchange, Inc.	2025-08-05	edgar/data/1417835/0001417835-25-000162.txt
25-NSE	1527428	Arrow Investments Trust	2025-08-05	edgar/data/1527428/0001417835-25-000162.txt
25-NSE	1553788	SPLASH BEVERAGE GROUP, INC.	2025-08-05	edgar/data/1553788/0001143313-25-000052.txt
25-NSE	1815436	Advanced Health Intelligence Ltd	2025-08-05	edgar/data/1815436/0001354457-25-000766.txt
25-NSE	1827087	Vigil Neuroscience, Inc.	2025-08-05	edgar/data/1827087/0001354457-25-000762.txt
25-NSE	230211	FEDERAL EXPRESS CORP	2025-08-05	edgar/data/230211/0000876661-25-000574.txt
25-NSE	876661	NEW YORK STOCK EXCHANGE LLC	2025-08-05	edgar/data/876661/0000876661-25-000573.txt
25-NSE	876661	NEW YORK STOCK EXCHANGE LLC	2025-08-05	edgar/data/876661/0000876661-25-000574.txt
25-NSE	876661	NEW YORK STOCK EXCHANGE LLC	2025-08-05	edgar/data/876661/0000876661-25-000575.txt
25-NSE	876661	NEW YORK STOCK EXCHANGE LLC	2025-08-05	edgar/data/876661/0000876661-25-000576.txt
25-NSE	876661	NEW YORK STOCK EXCHANGE LLC	2025-08-05	edgar/data/876661/0000876661-25-000577.txt
25-NSE	876661	NEW YORK STOCK EXCHANGE LLC	2025-08-05	edgar/data/876661/0000876661-25-000578.txt
25-NSE	876661	NEW YORK STOCK EXCHANGE LLC	2025-08-05	edgar/data/876661/0000876661-25-000579.txt
25-NSE	876661	NEW YORK STOCK EXCHANGE LLC	2025-08-05	edgar/data/876661/0000876661-25-000580.txt
25-NSE	876661	NEW YORK STOCK EXCHANGE LLC	2025-08-05	edgar/data/876661/0000876661-25-000581.txt
25-NSE	876661	NEW YORK STOCK EXCHANGE LLC	2025-08-05	edgar/data/876661/0000876661-25-000582.txt
15-12G	1430300	Global Warming Solutions, Inc.	2025-08-06	edgar/data/1430300/0001477932-25-005521.txt
15-15D	1477246	S&W Seed Co	2025-08-06	edgar/data/1477246/0001641172-25-022309.txt
25	2021938	Sunrise Communications AG	2025-08-06	edgar/data/2021938/0000947871-25-000722.txt
25-NSE	1354457	Nasdaq Stock Market LLC	2025-08-06	edgar/data/1354457/0001354457-25-000769.txt
25-NSE	1354457	Nasdaq Stock Market LLC	2025-08-06	edgar/data/1354457/0001354457-25-000770.txt
25-NSE	1354457	Nasdaq Stock Market LLC	2025-08-06	edgar/data/1354457/0001354457-25-000775.txt
25-NSE	1354457	Nasdaq Stock Market LLC	2025-08-06	edgar/data/1354457/0001354457-25-000776.txt
25-NSE	1354457	Nasdaq Stock Market LLC	2025-08-06	edgar/data/1354457/0001354457-25-000778.txt
25-NSE	1463361	Unity Biotechnology, Inc.	2025-08-06	edgar/data/1463361/0001354457-25-000770.txt
25-NSE	1566826	LogicMark, Inc.	2025-08-06	edgar/data/1566826/0001354457-25-000778.txt
25-NSE	1906133	iCoreConnect Inc.	2025-08-06	edgar/data/1906133/0001354457-25-000769.txt
25-NSE	1939696	ETAO International Co., Ltd.	2025-08-06	edgar/data/1939696/0001354457-25-000776.txt
25-NSE	1944285	Tema ETF Trust	2025-08-06	edgar/data/1944285/0001354457-25-000775.txt
15-12G	1822250	ContextLogic Inc.	2025-08-07	edgar/data/1822250/0000902664-25-003417.txt
25-NSE	1354457	Nasdaq Stock Market LLC	2025-08-07	edgar/data/1354457/0001354457-25-000781.txt
25-NSE	1354457	Nasdaq Stock Market LLC	2025-08-07	edgar/data/1354457/0001354457-25-000783.txt
25-NSE	1354457	Nasdaq Stock Market LLC	2025-08-07	edgar/data/1354457/0001354457-25-000787.txt
25-NSE	1354457	Nasdaq Stock Market LLC	2025-08-07	edgar/data/1354457/0001354457-25-000788.txt
25-NSE	1633441	Secoo Holding Ltd	2025-08-07	edgar/data/1633441/0001354457-25-000788.txt
25-NSE	1722969	Nxu, Inc.	2025-08-07	edgar/data/1722969/0001354457-25-000783.txt
25-NSE	1775085	China Liberal Education Holdings Ltd	2025-08-07	edgar/data/1775085/0001354457-25-000787.txt
25-NSE	813828	Paramount Global	2025-08-07	edgar/data/813828/0001354457-25-000781.txt
15-12G	1416697	Blue Line Protection Group, Inc.	2025-08-08	edgar/data/1416697/0001493152-25-011735.txt
15-12G	1760542	HOOKIPA Pharma Inc.	2025-08-08	edgar/data/1760542/0001104659-25-075595.txt
15-12G	716605	PENNS WOODS BANCORP INC	2025-08-08	edgar/data/716605/0001104659-25-075683.txt
25-NSE	1143313	NYSE AMERICAN LLC	2025-08-08	edgar/data/1143313/0001143313-25-000054.txt
25-NSE	1143362	NYSE ARCA, INC.	2025-08-08	edgar/data/1143362/0001143362-25-000253.txt
25-NSE	1293818	OPGEN INC	2025-08-08	edgar/data/1293818/0001354457-25-000794.txt
25-NSE	1354457	Nasdaq Stock Market LLC	2025-08-08	edgar/data/1354457/0001354457-25-000791.txt
25-NSE	1354457	Nasdaq Stock Market LLC	2025-08-08	edgar/data/1354457/0001354457-25-000792.txt
25-NSE	1354457	Nasdaq Stock Market LLC	2025-08-08	edgar/data/1354457/0001354457-25-000793.txt
25-NSE	1354457	Nasdaq Stock Market LLC	2025-08-08	edgar/data/1354457/0001354457-25-000794.txt
25-NSE	1354457	Nasdaq Stock Market LLC	2025-08-08	edgar/data/1354457/0001354457-25-000795.txt
25-NSE	1354457	Nasdaq Stock Market LLC	2025-08-08	edgar/data/1354457/0001354457-25-000796.txt
25-NSE	1354457	Nasdaq Stock Market LLC	2025-08-08	edgar/data/1354457/0001354457-25-000798.txt
25-NSE	1381074	Baijiayun Group Ltd	2025-08-08	edgar/data/1381074/0001354457-25-000796.txt
25-NSE	1811623	Kuvatris Therapeutics, Inc.	2025-08-08	edgar/data/1811623/0001354457-25-000791.txt
25-NSE	1851182	Future Health ESG Corp.	2025-08-08	edgar/data/1851182/0001354457-25-000793.txt
25-NSE	1866547	Aetherium Acquisition Corp	2025-08-08	edgar/data/1866547/0001354457-25-000792.txt
25-NSE	1869974	Ocean Biomedical, Inc.	2025-08-08	edgar/data/1869974/0001354457-25-000798.txt
25-NSE	1872812	TC BioPharm (Holdings) plc	2025-08-08	edgar/data/1872812/0001354457-25-000795.txt
25-NSE	1944285	Tema ETF Trust	2025-08-08	edgar/data/1944285/0001143362-25-000253.txt
25-NSE	2016420	Chenghe Acquisition II Co.	2025-08-08	edgar/data/2016420/0001143313-25-000054.txt
15-12G	1524872	Thunder Energies Corp	2025-08-11	edgar/data/1524872/0001683168-25-005902.txt
15-12G	1597553	Sage Therapeutics, Inc.	2025-08-11	edgar/data/1597553/0001104659-25-076215.txt
15-12G	1618694	GUGGENHEIM CREDIT INCOME FUND 2016 T	2025-08-11	edgar/data/1618694/0001821268-25-000183.txt
15-12G	1618696	GUGGENHEIM CREDIT INCOME FUND 2019	2025-08-11	edgar/data/1618696/0001821268-25-000184.txt
15-12G	1618697	GUGGENHEIM CREDIT INCOME FUND	2025-08-11	edgar/data/1618697/0001821268-25-000182.txt
15-12G	1923840	Third Harmonic Bio, Inc.	2025-08-11	edgar/data/1923840/0001193125-25-177392.txt
15-15D	2022953	TheRas, Inc.	2025-08-11	edgar/data/2022953/0001213900-25-074333.txt
25-NSE	1160106	Lloyds Banking Group plc	2025-08-11	edgar/data/1160106/0000876661-25-000586.txt
25-NSE	1354457	Nasdaq Stock Market LLC	2025-08-11	edgar/data/1354457/0001354457-25-000800.txt
25-NSE	1413329	Philip Morris International Inc.	2025-08-11	edgar/data/1413329/0000876661-25-000590.txt
25-NSE	1764974	Turnstone Biologics Corp.	2025-08-11	edgar/data/1764974/0001354457-25-000800.txt
25-NSE	312069	BARCLAYS PLC	2025-08-11	edgar/data/312069/0000876661-25-000588.txt
25-NSE	876661	NEW YORK STOCK EXCHANGE LLC	2025-08-11	edgar/data/876661/0000876661-25-000586.txt
25-NSE	876661	NEW YORK STOCK EXCHANGE LLC	2025-08-11	edgar/data/876661/0000876661-25-000588.txt
25-NSE	876661	NEW YORK STOCK EXCHANGE LLC	2025-08-11	edgar/data/876661/0000876661-25-000590.txt
15-12G	1840292	Heliogen, Inc.	2025-08-12	edgar/data/1840292/0001213900-25-074796.txt
15-12G	748790	Global Clean Energy Holdings, Inc.	2025-08-12	edgar/data/748790/0001213900-25-074671.txt
25-NSE	1008586	STREAMLINE HEALTH SOLUTIONS INC.	2025-08-12	edgar/data/1008586/0001354457-25-000807.txt
25-NSE	1354457	Nasdaq Stock Market LLC	2025-08-12	edgar/data/1354457/0001354457-25-000807.txt
25-NSE	10795	BECTON DICKINSON & CO	2025-08-13	edgar/data/10795/0000876661-25-000594.txt
25-NSE	1417835	Cboe BZX Exchange, Inc.	2025-08-13	edgar/data/1417835/0001417835-25-000169.txt
25-NSE	1683471	Listed Funds Trust	2025-08-13	edgar/data/1683471/0001417835-25-000169.txt
25-NSE	876661	NEW YORK STOCK EXCHANGE LLC	2025-08-13	edgar/data/876661/0000876661-25-000594.txt
15-12G	1532961	NV5 Global, Inc.	2025-08-14	edgar/data/1532961/0001213900-25-076844.txt
15-12G	1706509	Cosmos Group Holdings Inc.	2025-08-14	edgar/data/1706509/0001213900-25-076291.txt
15-12G	1800347	E2open Parent Holdings, Inc.	2025-08-14	edgar/data/1800347/0001193125-25-180760.txt
15-12G	1857855	Finnovate Acquisition Corp.	2025-08-14	edgar/data/1857855/0001641172-25-023876.txt
15-12G	1894176	Cohen Circle Acquisition Corp. I	2025-08-14	edgar/data/1894176/0001213900-25-076836.txt
15-12G	1975931	Bloom HoldCo LLC	2025-08-14	edgar/data/1975931/0001213900-25-076665.txt
25-NSE	1354457	Nasdaq Stock Market LLC	2025-08-14	edgar/data/1354457/0001354457-25-000811.txt
25-NSE	1354457	Nasdaq Stock Market LLC	2025-08-14	edgar/data/1354457/0001354457-25-000814.txt
25-NSE	1354457	Nasdaq Stock Market LLC	2025-08-14	edgar/data/1354457/0001354457-25-000815.txt
25-NSE	1354457	Nasdaq Stock Market LLC	2025-08-14	edgar/data/1354457/0001354457-25-000816.txt
25-NSE	1354457	Nasdaq Stock Market LLC	2025-08-14	edgar/data/1354457/0001354457-25-000817.txt
25-NSE	1496323	IGM Biosciences, Inc.	2025-08-14	edgar/data/1496323/0001354457-25-000811.txt
25-NSE	1814287	Abacus Global Management, Inc.	2025-08-14	edgar/data/1814287/0001354457-25-000815.txt
25-NSE	1894176	Cohen Circle Acquisition Corp. I	2025-08-14	edgar/data/1894176/0001354457-25-000814.txt
25-NSE	896262	AMEDISYS INC	2025-08-14	edgar/data/896262/0001354457-25-000816.txt
25-NSE	896262	AMEDISYS INC	2025-08-14	edgar/data/896262/0001354457-25-000817.txt
15-12G	1071371	BANCOLOMBIA SA	2025-08-15	edgar/data/1071371/0001193125-25-181729.txt
15-12G	1071371	BANCOLOMBIA SA	2025-08-15	edgar/data/1071371/0001193125-25-181732.txt
15-12G	1827087	Vigil Neuroscience, Inc.	2025-08-15	edgar/data/1827087/0001193125-25-181285.txt
15-12G	1900402	Evergreen Corp	2025-08-15	edgar/data/1900402/0001641172-25-024284.txt
25	1946573	Kindly MD, Inc.	2025-08-15	edgar/data/1946573/0001213900-25-077584.txt
25-NSE	1143313	NYSE AMERICAN LLC	2025-08-15	edgar/data/1143313/0001143313-25-000057.txt
25-NSE	96793	SUNLINK HEALTH SYSTEMS INC	2025-08-15	edgar/data/96793/0001143313-25-000057.txt
15-12G	813828	Paramount Global	2025-08-18	edgar/data/813828/0001193125-25-182662.txt
25	1539638	Triumph Financial, Inc.	2025-08-18	edgar/data/1539638/0001193125-25-182675.txt
25-NSE	1089113	HSBC HOLDINGS PLC	2025-08-18	edgar/data/1089113/0000876661-25-000598.txt
25-NSE	1100663	iSHARES TRUST	2025-08-18	edgar/data/1100663/0001354457-25-000822.txt
25-NSE	1354457	Nasdaq Stock Market LLC	2025-08-18	edgar/data/1354457/0001354457-25-000822.txt
25-NSE	1799983	Global Blue Group Holding AG	2025-08-18	edgar/data/1799983/0000876661-25-000602.txt
25-NSE	876661	NEW YORK STOCK EXCHANGE LLC	2025-08-18	edgar/data/876661/0000876661-25-000598.txt
25-NSE	876661	NEW YORK STOCK EXCHANGE LLC	2025-08-18	edgar/data/876661/0000876661-25-000602.txt
25-NSE	876661	NEW YORK STOCK EXCHANGE LLC	2025-08-18	edgar/data/876661/0000876661-25-000604.txt
25-NSE	891478	Banco Santander, S.A.	2025-08-18	edgar/data/891478/0000876661-25-000604.txt
15-12G	2016420	Chenghe Acquisition II Co.	2025-08-19	edgar/data/2016420/0001213900-25-078587.txt
15-15D	1885053	Capital One Prime Auto Receivables Trust 2021-1	2025-08-19	edgar/data/1885053/0001193125-25-183467.txt
25-NSE	1354457	Nasdaq Stock Market LLC	2025-08-19	edgar/data/1354457/0001354457-25-000828.txt
25-NSE	1703785	STR Sub Inc.	2025-08-19	edgar/data/1703785/0000876661-25-000607.txt
25-NSE	1966494	CARGO Therapeutics, Inc.	2025-08-19	edgar/data/1966494/0001354457-25-000828.txt
25-NSE	876661	NEW YORK STOCK EXCHANGE LLC	2025-08-19	edgar/data/876661/0000876661-25-000607.txt
15-12G	316253	ENZO BIOCHEM INC	2025-08-20	edgar/data/316253/0001213900-25-078769.txt
25-NSE	1029145	Golden Ocean Group Ltd	2025-08-20	edgar/data/1029145/0001354457-25-000829.txt
25-NSE	1354457	Nasdaq Stock Market LLC	2025-08-20	edgar/data/1354457/0001354457-25-000829.txt
15-12G	1764974	Turnstone Biologics Corp.	2025-08-21	edgar/data/1764974/0001193125-25-184743.txt
25-NSE	1100663	iSHARES TRUST	2025-08-21	edgar/data/1100663/0001143362-25-000267.txt
25-NSE	1143362	NYSE ARCA, INC.	2025-08-21	edgar/data/1143362/0001143362-25-000264.txt
25-NSE	1143362	NYSE ARCA, INC.	2025-08-21	edgar/data/1143362/0001143362-25-000265.txt
25-NSE	1143362	NYSE ARCA, INC.	2025-08-21	edgar/data/1143362/0001143362-25-000267.txt
25-NSE	1143362	NYSE ARCA, INC.	2025-08-21	edgar/data/1143362/0001143362-25-000269.txt
25-NSE	1354457	Nasdaq Stock Market LLC	2025-08-21	edgar/data/1354457/0001354457-25-000836.txt
25-NSE	1383951	Nomura America Finance, LLC	2025-08-21	edgar/data/1383951/0000876661-25-000609.txt
25-NSE	1506001	Neuberger Berman ETF Trust	2025-08-21	edgar/data/1506001/0001143362-25-000269.txt
25-NSE	1524513	iShares U.S. ETF Trust	2025-08-21	edgar/data/1524513/0001143362-25-000264.txt
25-NSE	1524513	iShares U.S. ETF Trust	2025-08-21	edgar/data/1524513/0001143362-25-000265.txt
25-NSE	1649373	SANTANDER UK GROUP HOLDINGS PLC	2025-08-21	edgar/data/1649373/0000876661-25-000613.txt
25-NSE	1792849	HighPeak Energy, Inc.	2025-08-21	edgar/data/1792849/0001354457-25-000836.txt
25-NSE	1949543	Sitio Royalties Corp.	2025-08-21	edgar/data/1949543/0000876661-25-000611.txt
25-NSE	876661	NEW YORK STOCK EXCHANGE LLC	2025-08-21	edgar/data/876661/0000876661-25-000609.txt
25-NSE	876661	NEW YORK STOCK EXCHANGE LLC	2025-08-21	edgar/data/876661/0000876661-25-000611.txt
25-NSE	876661	NEW YORK STOCK EXCHANGE LLC	2025-08-21	edgar/data/876661/0000876661-25-000613.txt
15-12G	1008586	STREAMLINE HEALTH SOLUTIONS INC.	2025-08-22	edgar/data/1008586/0001437749-25-027567.txt
15-12G	1618500	XYLO TECHNOLOGIES LTD	2025-08-22	edgar/data/1618500/0001213900-25-079885.txt
25-NSE	1143313	NYSE AMERICAN LLC	2025-08-22	edgar/data/1143313/0001143313-25-000059.txt
25-NSE	1354457	Nasdaq Stock Market LLC	2025-08-22	edgar/data/1354457/0001354457-25-000839.txt
25-NSE	1354457	Nasdaq Stock Market LLC	2025-08-22	edgar/data/1354457/0001354457-25-000840.txt
25-NSE	1354457	Nasdaq Stock Market LLC	2025-08-22	edgar/data/1354457/0001354457-25-000843.txt
25-NSE	1354457	Nasdaq Stock Market LLC	2025-08-22	edgar/data/1354457/0001354457-25-000844.txt
25-NSE	1354457	Nasdaq Stock Market LLC	2025-08-22	edgar/data/1354457/0001354457-25-000845.txt
25-NSE	1432353	Global X Funds	2025-08-22	edgar/data/1432353/0001354457-25-000844.txt
25-NSE	1618500	XYLO TECHNOLOGIES LTD	2025-08-22	edgar/data/1618500/0001354457-25-000840.txt
25-NSE	1645194	Legg Mason ETF Investment Trust	2025-08-22	edgar/data/1645194/0001354457-25-000845.txt
25-NSE	1812360	FOXO TECHNOLOGIES INC.	2025-08-22	edgar/data/1812360/0001143313-25-000059.txt
25-NSE	1981462	LeddarTech Holdings Inc.	2025-08-22	edgar/data/1981462/0001354457-25-000843.txt
25-NSE	707388	STAR EQUITY HOLDINGS, INC.	2025-08-22	edgar/data/707388/0001354457-25-000839.txt
15-12G	1496323	IGM Biosciences, Inc.	2025-08-25	edgar/data/1496323/0001140361-25-032440.txt
15-12G	896262	AMEDISYS INC	2025-08-25	edgar/data/896262/0001193125-25-187814.txt
25	1642122	Associated Capital Group, Inc.	2025-08-25	edgar/data/1642122/0001437749-25-027672.txt
15-12G	1814287	Abacus Global Management, Inc.	2025-08-26	edgar/data/1814287/0001140361-25-032728.txt
15-12G	96793	SUNLINK HEALTH SYSTEMS INC	2025-08-26	edgar/data/96793/0001641172-25-025573.txt
25	1113423	COSCIENS Biopharma Inc.	2025-08-26	edgar/data/1113423/0001493152-25-012330.txt
25-NSE	1143362	NYSE ARCA, INC.	2025-08-26	edgar/data/1143362/0001143362-25-000272.txt
25-NSE	1415995	New York Life Investments ETF Trust	2025-08-26	edgar/data/1415995/0001143362-25-000272.txt
25-NSE	1799208	Dun & Bradstreet Holdings, Inc.	2025-08-26	edgar/data/1799208/0000876661-25-000617.txt
25-NSE	876661	NEW YORK STOCK EXCHANGE LLC	2025-08-26	edgar/data/876661/0000876661-25-000617.txt
25-NSE	1223026	PIONEER MUNICIPAL HIGH INCOME FUND, INC.	2025-08-27	edgar/data/1223026/0000876661-25-000619.txt
25-NSE	1258943	PIONEER MUNICIPAL HIGH INCOME ADVANTAGE FUND, INC.	2025-08-27	edgar/data/1258943/0000876661-25-000621.txt
25-NSE	1864290	Pioneer Municipal High Income Opportunities Fund, Inc.	2025-08-27	edgar/data/1864290/0000876661-25-000623.txt
25-NSE	876661	NEW YORK STOCK EXCHANGE LLC	2025-08-27	edgar/data/876661/0000876661-25-000619.txt
25-NSE	876661	NEW YORK STOCK EXCHANGE LLC	2025-08-27	edgar/data/876661/0000876661-25-000621.txt
25-NSE	876661	NEW YORK STOCK EXCHANGE LLC	2025-08-27	edgar/data/876661/0000876661-25-000623.txt
15-12G	1413909	DSG Global Inc.	2025-08-28	edgar/data/1413909/0001641172-25-025821.txt
15-12G	1799983	Global Blue Group Holding AG	2025-08-28	edgar/data/1799983/0001628280-25-041309.txt
15-12G	2069692	Blue Owl Digital Infrastructure Trust	2025-08-28	edgar/data/2069692/0001193125-25-191294.txt
15-12G	915358	SIGMATRON INTERNATIONAL INC	2025-08-28	edgar/data/915358/0001140361-25-033016.txt
25-NSE	1354457	Nasdaq Stock Market LLC	2025-08-28	edgar/data/1354457/0001354457-25-000854.txt
25-NSE	1618921	Walgreens Boots Alliance, Inc.	2025-08-28	edgar/data/1618921/0001354457-25-000854.txt
15-12G	1966494	CARGO Therapeutics, Inc.	2025-08-29	edgar/data/1966494/0001999371-25-012285.txt
15-15D	1853902	Hyundai Auto Receivables Trust 2021-A	2025-08-29	edgar/data/1853902/0001104659-25-085446.txt
25-NSE	1143362	NYSE ARCA, INC.	2025-08-29	edgar/data/1143362/0001143362-25-000275.txt
25-NSE	1143362	NYSE ARCA, INC.	2025-08-29	edgar/data/1143362/0001143362-25-000277.txt
25-NSE	1354457	Nasdaq Stock Market LLC	2025-08-29	edgar/data/1354457/0001354457-25-000857.txt
25-NSE	1354457	Nasdaq Stock Market LLC	2025-08-29	edgar/data/1354457/0001354457-25-000858.txt
25-NSE	1354457	Nasdaq Stock Market LLC	2025-08-29	edgar/data/1354457/0001354457-25-000859.txt
25-NSE	1417835	Cboe BZX Exchange, Inc.	2025-08-29	edgar/data/1417835/0001417835-25-000176.txt
25-NSE	1432353	Global X Funds	2025-08-29	edgar/data/1432353/0001143362-25-000275.txt
25-NSE	1452937	EXCHANGE TRADED CONCEPTS TRUST	2025-08-29	edgar/data/1452937/0001143362-25-000277.txt
25-NSE	1559992	STONE RIDGE TRUST	2025-08-29	edgar/data/1559992/0001417835-25-000176.txt
25-NSE	1728205	Piedmont Lithium Inc.	2025-08-29	edgar/data/1728205/0001354457-25-000859.txt
25-NSE	1808865	iTeos Therapeutics, Inc.	2025-08-29	edgar/data/1808865/0001354457-25-000857.txt
25-NSE	1828318	Enovix Corp	2025-08-29	edgar/data/1828318/0001354457-25-000858.txt
15-12G	1029145	Golden Ocean Group Ltd	2025-09-02	edgar/data/1029145/0000919574-25-005516.txt
15-12G	1949543	Sitio Royalties Corp.	2025-09-02	edgar/data/1949543/0001193125-25-193591.txt
15-12G	2003881	Stirling Hotels & Resorts, Inc.	2025-09-02	edgar/data/2003881/0001104659-25-086195.txt
25	1826889	Beachbody Company, Inc.	2025-09-02	edgar/data/1826889/0001193125-25-193995.txt
25-NSE	1028918	PACIFIC PREMIER BANCORP INC	2025-09-02	edgar/data/1028918/0001354457-25-000860.txt
25-NSE	1049782	BROOKLINE BANCORP INC	2025-09-02	edgar/data/1049782/0001354457-25-000861.txt
25-NSE	1167581	BP CAPITAL MARKETS PLC	2025-09-02	edgar/data/1167581/0000876661-25-000627.txt
25-NSE	1354457	Nasdaq Stock Market LLC	2025-09-02	edgar/data/1354457/0001354457-25-000860.txt
25-NSE	1354457	Nasdaq Stock Market LLC	2025-09-02	edgar/data/1354457/0001354457-25-000861.txt
25-NSE	1354457	Nasdaq Stock Market LLC	2025-09-02	edgar/data/1354457/0001354457-25-000862.txt
25-NSE	1854401	Bridge Investment Group Holdings Inc.	2025-09-02	edgar/data/1854401/0000876661-25-000629.txt
25-NSE	740971	OLD POINT FINANCIAL CORP	2025-09-02	edgar/data/740971/0001354457-25-000862.txt
25-NSE	753308	NEXTERA ENERGY INC	2025-09-02	edgar/data/753308/0000876661-25-000631.txt
25-NSE	876661	NEW YORK STOCK EXCHANGE LLC	2025-09-02	edgar/data/876661/0000876661-25-000627.txt
25-NSE	876661	NEW YORK STOCK EXCHANGE LLC	2025-09-02	edgar/data/876661/0000876661-25-000629.txt
25-NSE	876661	NEW YORK STOCK EXCHANGE LLC	2025-09-02	edgar/data/876661/0000876661-25-000631.txt
15-12G	707388	STAR OPERATING COMPANIES, INC.	2025-09-03	edgar/data/707388/0001193125-25-195063.txt
25-NSE	732712	VERIZON COMMUNICATIONS INC	2025-09-03	edgar/data/732712/0000876661-25-000633.txt
25-NSE	876661	NEW YORK STOCK EXCHANGE LLC	2025-09-03	edgar/data/876661/0000876661-25-000633.txt
15-12G	1642122	Associated Capital Group, Inc.	2025-09-04	edgar/data/1642122/0001437749-25-028378.txt
25-NSE	1143313	NYSE AMERICAN LLC	2025-09-04	edgar/data/1143313/0001143313-25-000062.txt
25-NSE	1230992	MAG SILVER CORP	2025-09-04	edgar/data/1230992/0001143313-25-000062.txt
25-NSE	1417835	Cboe BZX Exchange, Inc.	2025-09-04	edgar/data/1417835/0001417835-25-000180.txt
25-NSE	1600438	GMS Inc.	2025-09-04	edgar/data/1600438/0000876661-25-000636.txt
25-NSE	1683471	Listed Funds Trust	2025-09-04	edgar/data/1683471/0001417835-25-000180.txt
25-NSE	876661	NEW YORK STOCK EXCHANGE LLC	2025-09-04	edgar/data/876661/0000876661-25-000636.txt
15-12G	1389002	MARIN SOFTWARE INC	2025-09-05	edgar/data/1389002/0001193125-25-197138.txt
15-12G	1550222	Arowana Media Holdings, Inc.	2025-09-08	edgar/data/1550222/0001683168-25-006750.txt
15-12G	1618921	Walgreens Boots Alliance, Inc.	2025-09-08	edgar/data/1618921/0001193125-25-198101.txt
15-12G	1799208	Dun & Bradstreet Holdings, Inc.	2025-09-08	edgar/data/1799208/0001104659-25-088196.txt
15-12G	1808865	iTeos Therapeutics, Inc.	2025-09-08	edgar/data/1808865/0001140361-25-034293.txt
15-12G	1817640	Breeze Holdings Acquisition Corp.	2025-09-08	edgar/data/1817640/0001213900-25-085389.txt
15-15D	2048877	YD Biopharma Ltd	2025-09-08	edgar/data/2048877/0001213900-25-085390.txt
25	1140465	HSBC BANK PLC	2025-09-08	edgar/data/1140465/0001104659-25-088093.txt
25-NSE	1346610	SOS Ltd	2025-09-08	edgar/data/1346610/0000876661-25-000641.txt
25-NSE	850209	FOOT LOCKER, INC.	2025-09-08	edgar/data/850209/0000876661-25-000643.txt
25-NSE	876661	NEW YORK STOCK EXCHANGE LLC	2025-09-08	edgar/data/876661/0000876661-25-000641.txt
25-NSE	876661	NEW YORK STOCK EXCHANGE LLC	2025-09-08	edgar/data/876661/0000876661-25-000643.txt
15-12G	1728205	Piedmont Lithium Inc.	2025-09-09	edgar/data/1728205/0001140361-25-034418.txt
15-12G	1850453	Mynaric AG	2025-09-09	edgar/data/1850453/0001193125-25-199004.txt
15-12G	1671941	Angel Studios, Inc.	2025-09-10	edgar/data/1671941/0001104659-25-089108.txt
25-NSE	1082038	DURECT CORP	2025-09-11	edgar/data/1082038/0001354457-25-000885.txt
25-NSE	1143313	NYSE AMERICAN LLC	2025-09-11	edgar/data/1143313/0001143313-25-000064.txt
25-NSE	1354457	Nasdaq Stock Market LLC	2025-09-11	edgar/data/1354457/0001354457-25-000885.txt
25-NSE	1498710	Spirit Aviation Holdings, Inc.	2025-09-11	edgar/data/1498710/0001143313-25-000064.txt
15-12G	1028918	PACIFIC PREMIER BANCORP INC	2025-09-12	edgar/data/1028918/0001193125-25-202315.txt
15-12G	1049782	BROOKLINE BANCORP INC	2025-09-12	edgar/data/1049782/0001104659-25-089408.txt
15-12G	1854401	Bridge Investment Group Holdings Inc.	2025-09-12	edgar/data/1854401/0000950142-25-002430.txt
15-12G	740971	OLD POINT FINANCIAL CORP	2025-09-12	edgar/data/740971/0001104659-25-089579.txt
25-NSE	1065837	SKECHERS USA INC	2025-09-12	edgar/data/1065837/0000876661-25-000654.txt
25-NSE	1089113	HSBC HOLDINGS PLC	2025-09-12	edgar/data/1089113/0000876661-25-000648.txt
25-NSE	1354457	Nasdaq Stock Market LLC	2025-09-12	edgar/data/1354457/0001354457-25-000897.txt
25-NSE	1354457	Nasdaq Stock Market LLC	2025-09-12	edgar/data/1354457/0001354457-25-000898.txt
25-NSE	1354457	Nasdaq Stock Market LLC	2025-09-12	edgar/data/1354457/0001354457-25-000899.txt
25-NSE	1431695	Olo Inc.	2025-09-12	edgar/data/1431695/0000876661-25-000652.txt
25-NSE	1493580	BNY Mellon ETF Trust	2025-09-12	edgar/data/1493580/0001354457-25-000898.txt
25-NSE	1976322	Themes ETF Trust	2025-09-12	edgar/data/1976322/0001354457-25-000897.txt
25-NSE	7084	Archer-Daniels-Midland Co	2025-09-12	edgar/data/7084/0000876661-25-000650.txt
25-NSE	876661	NEW YORK STOCK EXCHANGE LLC	2025-09-12	edgar/data/876661/0000876661-25-000648.txt
25-NSE	876661	NEW YORK STOCK EXCHANGE LLC	2025-09-12	edgar/data/876661/0000876661-25-000650.txt
25-NSE	876661	NEW YORK STOCK EXCHANGE LLC	2025-09-12	edgar/data/876661/0000876661-25-000652.txt
25-NSE	876661	NEW YORK STOCK EXCHANGE LLC	2025-09-12	edgar/data/876661/0000876661-25-000654.txt
25-NSE	893739	180 DEGREE CAPITAL CORP. /NY/	2025-09-12	edgar/data/893739/0001354457-25-000899.txt
15-12G	1600438	GMS Inc.	2025-09-15	edgar/data/1600438/0001104659-25-089772.txt
15F-12G	1230992	MAG SILVER CORP	2025-09-15	edgar/data/1230992/0001230992-25-000012.txt
25-NSE	1091748	Argo Group International Holdings, Inc.	2025-09-15	edgar/data/1091748/0000876661-25-000662.txt
25-NSE	1091748	Argo Group International Holdings, Inc.	2025-09-15	edgar/data/1091748/0000876661-25-000666.txt
25-NSE	1558368	ARGO GROUP US, INC.	2025-09-15	edgar/data/1558368/0000876661-25-000664.txt
25-NSE	38009	FORD MOTOR CREDIT CO LLC	2025-09-15	edgar/data/38009/0000876661-25-000671.txt
25-NSE	842180	BANCO BILBAO VIZCAYA ARGENTARIA, S.A.	2025-09-15	edgar/data/842180/0000876661-25-000669.txt
25-NSE	857855	UNITED COMMUNITY BANKS INC	2025-09-15	edgar/data/857855/0000876661-25-000659.txt
25-NSE	876661	NEW YORK STOCK EXCHANGE LLC	2025-09-15	edgar/data/876661/0000876661-25-000659.txt
25-NSE	876661	NEW YORK STOCK EXCHANGE LLC	2025-09-15	edgar/data/876661/0000876661-25-000662.txt
25-NSE	876661	NEW YORK STOCK EXCHANGE LLC	2025-09-15	edgar/data/876661/0000876661-25-000664.txt
25-NSE	876661	NEW YORK STOCK EXCHANGE LLC	2025-09-15	edgar/data/876661/0000876661-25-000666.txt
25-NSE	876661	NEW YORK STOCK EXCHANGE LLC	2025-09-15	edgar/data/876661/0000876661-25-000669.txt
25-NSE	876661	NEW YORK STOCK EXCHANGE LLC	2025-09-15	edgar/data/876661/0000876661-25-000671.txt
15-15D	1868834	Santander Drive Auto Receivables Trust 2021-3	2025-09-16	edgar/data/1868834/0001193125-25-204858.txt
25-NSE	1354457	Nasdaq Stock Market LLC	2025-09-16	edgar/data/1354457/0001354457-25-000904.txt
25-NSE	1417835	Cboe BZX Exchange, Inc.	2025-09-16	edgar/data/1417835/0001417835-25-000191.txt
25-NSE	1683471	Listed Funds Trust	2025-09-16	edgar/data/1683471/0001417835-25-000191.txt
25-NSE	1722964	Y-mAbs Therapeutics, Inc.	2025-09-16	edgar/data/1722964/0001354457-25-000904.txt
15-12G	1157762	CHINA AUTOMOTIVE SYSTEMS INC/2	2025-09-17	edgar/data/1157762/0001104659-25-090551.txt
15-12G	1230992	MAG SILVER CORP	2025-09-17	edgar/data/1230992/0001230992-25-000014.txt
25-NSE	1354457	Nasdaq Stock Market LLC	2025-09-17	edgar/data/1354457/0001354457-25-000913.txt
25-NSE	1888012	HilleVax, Inc.	2025-09-17	edgar/data/1888012/0001354457-25-000913.txt
15-12G	1643988	Loop Media, Inc.	2025-09-18	edgar/data/1643988/0001493152-25-014067.txt
15-12G	850209	FOOT LOCKER, INC.	2025-09-18	edgar/data/850209/0001140361-25-035399.txt
25-NSE	1136174	Ontrak, Inc.	2025-09-18	edgar/data/1136174/0001354457-25-000922.txt
25-NSE	1143362	NYSE ARCA, INC.	2025-09-18	edgar/data/1143362/0001143362-25-000294.txt
25-NSE	1259429	Oxford Square Capital Corp.	2025-09-18	edgar/data/1259429/0001354457-25-000926.txt
25-NSE	1354457	Nasdaq Stock Market LLC	2025-09-18	edgar/data/1354457/0001354457-25-000920.txt
25-NSE	1354457	Nasdaq Stock Market LLC	2025-09-18	edgar/data/1354457/0001354457-25-000921.txt
25-NSE	1354457	Nasdaq Stock Market LLC	2025-09-18	edgar/data/1354457/0001354457-25-000922.txt
25-NSE	1354457	Nasdaq Stock Market LLC	2025-09-18	edgar/data/1354457/0001354457-25-000923.txt
25-NSE	1354457	Nasdaq Stock Market LLC	2025-09-18	edgar/data/1354457/0001354457-25-000926.txt
25-NSE	1417835	Cboe BZX Exchange, Inc.	2025-09-18	edgar/data/1417835/0001417835-25-000197.txt
25-NSE	1455684	TPI COMPOSITES, INC	2025-09-18	edgar/data/1455684/0001354457-25-000923.txt
25-NSE	1710607	AMERICAN CENTURY ETF TRUST	2025-09-18	edgar/data/1710607/0001417835-25-000197.txt
25-NSE	1842356	Wag! Group Co.	2025-09-18	edgar/data/1842356/0001354457-25-000920.txt
25-NSE	1860434	Harbor ETF Trust	2025-09-18	edgar/data/1860434/0001143362-25-000294.txt
25-NSE	1869601	Embrace Change Acquisition Corp.	2025-09-18	edgar/data/1869601/0001354457-25-000921.txt
25-NSE	842180	BANCO BILBAO VIZCAYA ARGENTARIA, S.A.	2025-09-18	edgar/data/842180/0000876661-25-000678.txt
25-NSE	876661	NEW YORK STOCK EXCHANGE LLC	2025-09-18	edgar/data/876661/0000876661-25-000678.txt
15-12G	1140465	HSBC BANK PLC	2025-09-19	edgar/data/1140465/0001104659-25-091688.txt
15-12G	1625288	NEXIEN BIOPHARMA, INC.	2025-09-19	edgar/data/1625288/0001493152-25-014184.txt
15-12G	1865468	Kairous Acquisition Corp. Ltd	2025-09-19	edgar/data/1865468/0001493152-25-014143.txt
25-NSE	1354457	Nasdaq Stock Market LLC	2025-09-19	edgar/data/1354457/0001354457-25-000930.txt
25-NSE	1527352	Nexalin Technology, Inc.	2025-09-19	edgar/data/1527352/0001354457-25-000930.txt
15-12G	1082038	DURECT CORP	2025-09-22	edgar/data/1082038/0001193125-25-209940.txt
25	1082324	VirnetX Holding Corp	2025-09-22	edgar/data/1082324/0001140361-25-035705.txt
25	1823144	CompoSecure, Inc.	2025-09-22	edgar/data/1823144/0000950142-25-002492.txt
25	2039497	Resolute Holdings Management, Inc.	2025-09-22	edgar/data/2039497/0000950142-25-002493.txt
25-NSE	1110649	Fibria Celulose S.A.	2025-09-22	edgar/data/1110649/0000876661-25-000691.txt
25-NSE	1167581	BP CAPITAL MARKETS PLC	2025-09-22	edgar/data/1167581/0000876661-25-000686.txt
25-NSE	1354457	Nasdaq Stock Market LLC	2025-09-22	edgar/data/1354457/0001354457-25-000931.txt
25-NSE	1547994	Nuveen Preferred Securities & Income Opportunities Fund	2025-09-22	edgar/data/1547994/0000876661-25-000688.txt
25-NSE	1606733	Fibria Overseas Finance Ltd.	2025-09-22	edgar/data/1606733/0000876661-25-000693.txt
25-NSE	876661	NEW YORK STOCK EXCHANGE LLC	2025-09-22	edgar/data/876661/0000876661-25-000686.txt
25-NSE	876661	NEW YORK STOCK EXCHANGE LLC	2025-09-22	edgar/data/876661/0000876661-25-000688.txt
25-NSE	876661	NEW YORK STOCK EXCHANGE LLC	2025-09-22	edgar/data/876661/0000876661-25-000691.txt
25-NSE	876661	NEW YORK STOCK EXCHANGE LLC	2025-09-22	edgar/data/876661/0000876661-25-000693.txt
25-NSE	877422	SpartanNash Co	2025-09-22	edgar/data/877422/0001354457-25-000931.txt
15-12G	1065837	SKECHERS USA INC	2025-09-23	edgar/data/1065837/0001104659-25-092203.txt
15-12G	1431695	Olo Inc.	2025-09-23	edgar/data/1431695/0001140361-25-035794.txt
25	1844981	DIGIASIA CORP.	2025-09-23	edgar/data/1844981/0001437749-25-029644.txt
25-NSE	1122491	BRF S.A.	2025-09-23	edgar/data/1122491/0000876661-25-000700.txt
25-NSE	876661	NEW YORK STOCK EXCHANGE LLC	2025-09-23	edgar/data/876661/0000876661-25-000700.txt
15-12G	1013706	Wilhelmina International, Inc.	2025-09-24	edgar/data/1013706/0001683168-25-007211.txt
25	1853138	Kodiak Al, Inc.	2025-09-24	edgar/data/1853138/0001193125-25-215636.txt
25-NSE	1354457	Nasdaq Stock Market LLC	2025-09-24	edgar/data/1354457/0001354457-25-000938.txt
25-NSE	1354457	Nasdaq Stock Market LLC	2025-09-24	edgar/data/1354457/0001354457-25-000941.txt
25-NSE	1354457	Nasdaq Stock Market LLC	2025-09-24	edgar/data/1354457/0001354457-25-000944.txt
25-NSE	1413898	DallasNews Corp	2025-09-24	edgar/data/1413898/0001354457-25-000944.txt
25-NSE	1649009	Siyata Mobile Inc.	2025-09-24	edgar/data/1649009/0001354457-25-000941.txt
25-NSE	1845022	Couchbase, Inc.	2025-09-24	edgar/data/1845022/0001354457-25-000938.txt
15-12G	1091748	Argo Group International Holdings, Inc.	2025-09-25	edgar/data/1091748/0001140361-25-036075.txt
25-NSE	1143362	NYSE ARCA, INC.	2025-09-25	edgar/data/1143362/0001143362-25-000306.txt
25-NSE	1354457	Nasdaq Stock Market LLC	2025-09-25	edgar/data/1354457/0001354457-25-000953.txt
25-NSE	1512717	Theratechnologies Inc.	2025-09-25	edgar/data/1512717/0001354457-25-000953.txt
25-NSE	1587982	Investment Managers Series Trust II	2025-09-25	edgar/data/1587982/0001143362-25-000306.txt
15-12G	1722964	Y-mAbs Therapeutics, Inc.	2025-09-26	edgar/data/1722964/0001104659-25-093587.txt
15-15D	1902266	Honda Auto Receivables 2022-1 Owner Trust	2025-09-26	edgar/data/1902266/0001104659-25-093499.txt
25	1683471	Listed Funds Trust	2025-09-26	edgar/data/1683471/0000894189-25-008942.txt
25-NSE	1417835	Cboe BZX Exchange, Inc.	2025-09-26	edgar/data/1417835/0001417835-25-000204.txt
25-NSE	1417835	Cboe BZX Exchange, Inc.	2025-09-26	edgar/data/1417835/0001417835-25-000205.txt
25-NSE	1417835	Cboe BZX Exchange, Inc.	2025-09-26	edgar/data/1417835/0001417835-25-000206.txt
25-NSE	1417835	Cboe BZX Exchange, Inc.	2025-09-26	edgar/data/1417835/0001417835-25-000207.txt
25-NSE	1559992	STONE RIDGE TRUST	2025-09-26	edgar/data/1559992/0001417835-25-000204.txt
25-NSE	1559992	STONE RIDGE TRUST	2025-09-26	edgar/data/1559992/0001417835-25-000205.txt
25-NSE	1559992	STONE RIDGE TRUST	2025-09-26	edgar/data/1559992/0001417835-25-000206.txt
25-NSE	1559992	STONE RIDGE TRUST	2025-09-26	edgar/data/1559992/0001417835-25-000207.txt
25-NSE	1959348	WK Kellogg Co	2025-09-26	edgar/data/1959348/0000876661-25-000707.txt
25-NSE	876661	NEW YORK STOCK EXCHANGE LLC	2025-09-26	edgar/data/876661/0000876661-25-000707.txt
15-12G	1888012	HilleVax, Inc.	2025-09-29	edgar/data/1888012/0001193125-25-221276.txt
25-NSE	1354457	Nasdaq Stock Market LLC	2025-09-29	edgar/data/1354457/0001354457-25-000956.txt
25-NSE	1354457	Nasdaq Stock Market LLC	2025-09-29	edgar/data/1354457/0001354457-25-000958.txt
25-NSE	1613103	Medtronic plc	2025-09-29	edgar/data/1613103/0000876661-25-000716.txt
25-NSE	1647572	Medtronic Global Holdings S.C.A.	2025-09-29	edgar/data/1647572/0000876661-25-000720.txt
25-NSE	1675033	Great Elm Capital Corp.	2025-09-29	edgar/data/1675033/0001354457-25-000956.txt
25-NSE	64670	MEDTRONIC INC	2025-09-29	edgar/data/64670/0000876661-25-000718.txt
25-NSE	832489	GeoVax Labs, Inc.	2025-09-29	edgar/data/832489/0001354457-25-000958.txt
25-NSE	876661	NEW YORK STOCK EXCHANGE LLC	2025-09-29	edgar/data/876661/0000876661-25-000713.txt
25-NSE	876661	NEW YORK STOCK EXCHANGE LLC	2025-09-29	edgar/data/876661/0000876661-25-000716.txt
25-NSE	876661	NEW YORK STOCK EXCHANGE LLC	2025-09-29	edgar/data/876661/0000876661-25-000718.txt
25-NSE	876661	NEW YORK STOCK EXCHANGE LLC	2025-09-29	edgar/data/876661/0000876661-25-000720.txt
25-NSE	895419	WOLFSPEED, INC.	2025-09-29	edgar/data/895419/0000876661-25-000713.txt
15-12G	1842356	Wag! Group Co.	2025-09-30	edgar/data/1842356/0001104659-25-094627.txt
15-15D	1867993	GM Financial Consumer Automobile Receivables Trust 2021-3	2025-09-30	edgar/data/1867993/0001213900-25-093410.txt
25-NSE	1143313	NYSE AMERICAN LLC	2025-09-30	edgar/data/1143313/0001143313-25-000069.txt
25-NSE	1143313	NYSE AMERICAN LLC	2025-09-30	edgar/data/1143313/0001143313-25-000071.txt
25-NSE	1166258	PIONEER HIGH INCOME FUND, INC.	2025-09-30	edgar/data/1166258/0000876661-25-000724.txt
25-NSE	1354457	Nasdaq Stock Market LLC	2025-09-30	edgar/data/1354457/0001354457-25-000965.txt
25-NSE	1388126	Pioneer Diversified High Income Fund, Inc.	2025-09-30	edgar/data/1388126/0001143313-25-000069.txt
25-NSE	1682220	Sachem Capital Corp.	2025-09-30	edgar/data/1682220/0001143313-25-000071.txt
25-NSE	1816581	Ouster, Inc.	2025-09-30	edgar/data/1816581/0001354457-25-000965.txt
25-NSE	876661	NEW YORK STOCK EXCHANGE LLC	2025-09-30	edgar/data/876661/0000876661-25-000724.txt
25-NSE	1058867	GUARANTY BANCSHARES INC /TX/	2025-10-01	edgar/data/1058867/0000876661-25-000730.txt
25-NSE	1143313	NYSE AMERICAN LLC	2025-10-01	edgar/data/1143313/0001143313-25-000073.txt
25-NSE	1220754	ModivCare Inc	2025-10-01	edgar/data/1220754/0001354457-25-000972.txt
25-NSE	1354457	Nasdaq Stock Market LLC	2025-10-01	edgar/data/1354457/0001354457-25-000970.txt
25-NSE	1354457	Nasdaq Stock Market LLC	2025-10-01	edgar/data/1354457/0001354457-25-000971.txt
25-NSE	1354457	Nasdaq Stock Market LLC	2025-10-01	edgar/data/1354457/0001354457-25-000972.txt
25-NSE	1354457	Nasdaq Stock Market LLC	2025-10-01	edgar/data/1354457/0001354457-25-000973.txt
25-NSE	1668010	Digital Brands Group, Inc.	2025-10-01	edgar/data/1668010/0001354457-25-000971.txt
25-NSE	1915380	dMY Squared Technology Group, Inc.	2025-10-01	edgar/data/1915380/0001143313-25-000073.txt
25-NSE	1991946	Crown LNG Holdings Ltd	2025-10-01	edgar/data/1991946/0001354457-25-000973.txt
25-NSE	876661	NEW YORK STOCK EXCHANGE LLC	2025-10-01	edgar/data/876661/0000876661-25-000730.txt
25-NSE	933136	Mr. Cooper Group Inc.	2025-10-01	edgar/data/933136/0001354457-25-000970.txt
15-12G	1198415	Altegris Winton Futures Fund, L.P.	2025-10-02	edgar/data/1198415/0001683168-25-007363.txt
15-12G	877422	SpartanNash Co	2025-10-02	edgar/data/877422/0001104659-25-095893.txt
25-NSE	1156388	BIG 5 SPORTING GOODS Corp	2025-10-02	edgar/data/1156388/0001354457-25-000978.txt
25-NSE	1354457	Nasdaq Stock Market LLC	2025-10-02	edgar/data/1354457/0001354457-25-000977.txt
25-NSE	1354457	Nasdaq Stock Market LLC	2025-10-02	edgar/data/1354457/0001354457-25-000978.txt
25-NSE	1671284	NeueHealth, Inc.	2025-10-02	edgar/data/1671284/0000876661-25-000732.txt
25-NSE	876661	NEW YORK STOCK EXCHANGE LLC	2025-10-02	edgar/data/876661/0000876661-25-000732.txt
25-NSE	910267	TITAN PHARMACEUTICALS INC	2025-10-02	edgar/data/910267/0001354457-25-000977.txt
15-12G	1122491	BRF S.A.	2025-10-03	edgar/data/1122491/0001292814-25-003450.txt
15-12G	1413898	DallasNews Corp	2025-10-03	edgar/data/1413898/0001193125-25-230106.txt
25	1781730	Third Coast Bancshares, Inc.	2025-10-03	edgar/data/1781730/0001193125-25-230300.txt
15-12G	1845022	Couchbase, Inc.	2025-10-06	edgar/data/1845022/0001493152-25-017074.txt
15-12G	1959348	WK Kellogg Co	2025-10-06	edgar/data/1959348/0001193125-25-232073.txt
25-NSE	1039828	American National Group Inc.	2025-10-06	edgar/data/1039828/0000876661-25-000744.txt
25-NSE	1143362	NYSE ARCA, INC.	2025-10-06	edgar/data/1143362/0001143362-25-000329.txt
25-NSE	1143362	NYSE ARCA, INC.	2025-10-06	edgar/data/1143362/0001143362-25-000330.txt
25-NSE	1347242	LIPELLA PHARMACEUTICALS INC.	2025-10-06	edgar/data/1347242/0001354457-25-000985.txt
25-NSE	1354457	Nasdaq Stock Market LLC	2025-10-06	edgar/data/1354457/0001354457-25-000985.txt
25-NSE	1354457	Nasdaq Stock Market LLC	2025-10-06	edgar/data/1354457/0001354457-25-000988.txt
25-NSE	1354457	Nasdaq Stock Market LLC	2025-10-06	edgar/data/1354457/0001354457-25-000993.txt
25-NSE	1718405	HYCROFT MINING HOLDING CORP	2025-10-06	edgar/data/1718405/0001354457-25-000993.txt
25-NSE	1859007	ZyVersa Therapeutics, Inc.	2025-10-06	edgar/data/1859007/0001354457-25-000988.txt
25-NSE	876661	NEW YORK STOCK EXCHANGE LLC	2025-10-06	edgar/data/876661/0000876661-25-000744.txt
25-NSE	916490	TIMOTHY PLAN	2025-10-06	edgar/data/916490/0001143362-25-000329.txt
25-NSE	916490	TIMOTHY PLAN	2025-10-06	edgar/data/916490/0001143362-25-000330.txt
15-15D	1959048	Ford Credit Auto Lease Trust 2023-A	2025-10-07	edgar/data/1959048/0001959048-25-000050.txt
25-NSE	1354457	Nasdaq Stock Market LLC	2025-10-07	edgar/data/1354457/0001354457-25-000995.txt
25-NSE	1354457	Nasdaq Stock Market LLC	2025-10-07	edgar/data/1354457/0001354457-25-000996.txt
25-NSE	1354457	Nasdaq Stock Market LLC	2025-10-07	edgar/data/1354457/0001354457-25-000997.txt
25-NSE	1604950	scPharmaceuticals Inc.	2025-10-07	edgar/data/1604950/0001354457-25-000996.txt
25-NSE	1657312	Verona Pharma plc	2025-10-07	edgar/data/1657312/0001354457-25-000995.txt
25-NSE	1769759	Monogram Technologies Inc.	2025-10-07	edgar/data/1769759/0001354457-25-000997.txt
15-15D	1607484	J.P. Morgan Chase Commercial Mortgage Securities Trust 2014-	2025-10-08	edgar/data/1607484/0001888524-25-017763.txt
15-15D	1610796	JPMBB Commercial Mortgage Securities Trust 2014-C21	2025-10-08	edgar/data/1610796/0001888524-25-017761.txt
15-15D	1647587	Wells Fargo Commercial Mortgage Trust 2015-C30	2025-10-08	edgar/data/1647587/0001888524-25-017759.txt
25-NSE	1354457	Nasdaq Stock Market LLC	2025-10-08	edgar/data/1354457/0001354457-25-001004.txt
25-NSE	1360214	HARROW, INC.	2025-10-08	edgar/data/1360214/0001354457-25-001004.txt
25-NSE	1137883	BRAINSTORM CELL THERAPEUTICS INC.	2025-10-09	edgar/data/1137883/0001354457-25-001006.txt
25-NSE	1354457	Nasdaq Stock Market LLC	2025-10-09	edgar/data/1354457/0001354457-25-001005.txt
25-NSE	1354457	Nasdaq Stock Market LLC	2025-10-09	edgar/data/1354457/0001354457-25-001006.txt
25-NSE	1633932	ESSA Pharma Inc.	2025-10-09	edgar/data/1633932/0001354457-25-001005.txt
15-15D	1731289	Nikola Corp	2025-10-10	edgar/data/1731289/0001731289-25-000071.txt
15-15D	1872327	World Omni Auto Receivables Trust 2021-C	2025-10-10	edgar/data/1872327/0001104659-25-098454.txt
25	1370637	ETSY INC	2025-10-10	edgar/data/1370637/0001370637-25-000085.txt
25-NSE	1143362	NYSE ARCA, INC.	2025-10-10	edgar/data/1143362/0001143362-25-000337.txt
25-NSE	1143362	NYSE ARCA, INC.	2025-10-10	edgar/data/1143362/0001143362-25-000339.txt
25-NSE	1354457	Nasdaq Stock Market LLC	2025-10-10	edgar/data/1354457/0001354457-25-001009.txt
25-NSE	1354457	Nasdaq Stock Market LLC	2025-10-10	edgar/data/1354457/0001354457-25-001012.txt
25-NSE	1354457	Nasdaq Stock Market LLC	2025-10-10	edgar/data/1354457/0001354457-25-001013.txt
25-NSE	1354457	Nasdaq Stock Market LLC	2025-10-10	edgar/data/1354457/0001354457-25-001014.txt
25-NSE	1360214	HARROW, INC.	2025-10-10	edgar/data/1360214/0001354457-25-001012.txt
25-NSE	1485894	J.P. Morgan Exchange-Traded Fund Trust	2025-10-10	edgar/data/1485894/0001143362-25-000337.txt
25-NSE	1640043	Pyxis Tankers Inc.	2025-10-10	edgar/data/1640043/0001354457-25-001014.txt
25-NSE	1722388	Tidal Trust III	2025-10-10	edgar/data/1722388/0001143362-25-000339.txt
25-NSE	17313	CAPITAL SOUTHWEST CORP	2025-10-10	edgar/data/17313/0001354457-25-001013.txt
25-NSE	2029023	GSR III Acquisition Corp.	2025-10-10	edgar/data/2029023/0001354457-25-001009.txt
15-12G	1058867	GUARANTY BANCSHARES INC /TX/	2025-10-14	edgar/data/1058867/0001193125-25-237842.txt
15-12G	1156388	BIG 5 SPORTING GOODS Corp	2025-10-14	edgar/data/1156388/0001193125-25-239001.txt
15-12G	1671284	NeueHealth, Inc.	2025-10-14	edgar/data/1671284/0001104659-25-098861.txt
15-12G	1865174	Goldman Sachs Middle Market Lending Corp. II	2025-10-14	edgar/data/1865174/0001193125-25-238992.txt
15-12G	910267	TITAN PHARMACEUTICALS INC	2025-10-14	edgar/data/910267/0001829126-25-008099.txt
15-12G	933136	Maverick Merger Sub 2, LLC	2025-10-14	edgar/data/933136/0000950142-25-002779.txt
25-NSE	1137360	VanEck ETF Trust	2025-10-14	edgar/data/1137360/0001417835-25-000227.txt
25-NSE	1143362	NYSE ARCA, INC.	2025-10-14	edgar/data/1143362/0001143362-25-000342.txt
25-NSE	1143513	GLADSTONE CAPITAL CORP	2025-10-14	edgar/data/1143513/0001354457-25-001020.txt
25-NSE	1354457	Nasdaq Stock Market LLC	2025-10-14	edgar/data/1354457/0001354457-25-001020.txt
25-NSE	1415726	Innovator ETFs Trust	2025-10-14	edgar/data/1415726/0001417835-25-000228.txt
25-NSE	1417835	Cboe BZX Exchange, Inc.	2025-10-14	edgar/data/1417835/0001417835-25-000227.txt
25-NSE	1417835	Cboe BZX Exchange, Inc.	2025-10-14	edgar/data/1417835/0001417835-25-000228.txt
25-NSE	1417835	Cboe BZX Exchange, Inc.	2025-10-14	edgar/data/1417835/0001417835-25-000229.txt
25-NSE	1500604	Janus Detroit Street Trust	2025-10-14	edgar/data/1500604/0001143362-25-000342.txt
25-NSE	1592900	EA Series Trust	2025-10-14	edgar/data/1592900/0001417835-25-000229.txt
25-NSE	1950246	MAC Copper Ltd	2025-10-14	edgar/data/1950246/0000876661-25-000753.txt
25-NSE	866095	ABRDN JAPAN EQUITY FUND, INC.	2025-10-14	edgar/data/866095/0000876661-25-000761.txt
25-NSE	876661	NEW YORK STOCK EXCHANGE LLC	2025-10-14	edgar/data/876661/0000876661-25-000753.txt
25-NSE	876661	NEW YORK STOCK EXCHANGE LLC	2025-10-14	edgar/data/876661/0000876661-25-000761.txt
25-NSE	1305767	Pioneer Floating Rate Fund, Inc.	2025-10-15	edgar/data/1305767/0000876661-25-000763.txt
25-NSE	1354457	Nasdaq Stock Market LLC	2025-10-15	edgar/data/1354457/0001354457-25-001023.txt
25-NSE	1354457	Nasdaq Stock Market LLC	2025-10-15	edgar/data/1354457/0001354457-25-001029.txt
25-NSE	1613103	Medtronic plc	2025-10-15	edgar/data/1613103/0000876661-25-000768.txt
25-NSE	1647572	Medtronic Global Holdings S.C.A.	2025-10-15	edgar/data/1647572/0000876661-25-000767.txt
25-NSE	1776909	CuriosityStream Inc.	2025-10-15	edgar/data/1776909/0001354457-25-001029.txt
25-NSE	1858257	AvidXchange Holdings, Inc.	2025-10-15	edgar/data/1858257/0001354457-25-001023.txt
25-NSE	1865187	Aris Water Solutions, Inc.	2025-10-15	edgar/data/1865187/0000876661-25-000771.txt
25-NSE	32604	EMERSON ELECTRIC CO	2025-10-15	edgar/data/32604/0000876661-25-000775.txt
25-NSE	64670	MEDTRONIC INC	2025-10-15	edgar/data/64670/0000876661-25-000769.txt
25-NSE	876661	NEW YORK STOCK EXCHANGE LLC	2025-10-15	edgar/data/876661/0000876661-25-000763.txt
25-NSE	876661	NEW YORK STOCK EXCHANGE LLC	2025-10-15	edgar/data/876661/0000876661-25-000767.txt
25-NSE	876661	NEW YORK STOCK EXCHANGE LLC	2025-10-15	edgar/data/876661/0000876661-25-000768.txt
25-NSE	876661	NEW YORK STOCK EXCHANGE LLC	2025-10-15	edgar/data/876661/0000876661-25-000769.txt
25-NSE	876661	NEW YORK STOCK EXCHANGE LLC	2025-10-15	edgar/data/876661/0000876661-25-000771.txt
25-NSE	876661	NEW YORK STOCK EXCHANGE LLC	2025-10-15	edgar/data/876661/0000876661-25-000773.txt
25-NSE	876661	NEW YORK STOCK EXCHANGE LLC	2025-10-15	edgar/data/876661/0000876661-25-000775.txt
25-NSE	944695	HANOVER INSURANCE GROUP, INC.	2025-10-15	edgar/data/944695/0000876661-25-000773.txt
15-12G	1039828	American National Group Inc.	2025-10-16	edgar/data/1039828/0001104659-25-100101.txt
15-12G	1602065	VNOM Sub, Inc.	2025-10-16	edgar/data/1602065/0001193125-25-240830.txt
15-15D	1867436	CarMax Auto Owner Trust 2021-3	2025-10-16	edgar/data/1867436/0001867436-25-000049.txt
15-12G	1604950	scPharmaceuticals Inc.	2025-10-17	edgar/data/1604950/0001193125-25-242425.txt
15-12G	1657312	Verona Pharma plc	2025-10-17	edgar/data/1657312/0001104659-25-100312.txt
15-12G	46207	HAWAIIAN ELECTRIC CO INC	2025-10-17	edgar/data/46207/0000046207-25-000009.txt
15-15D	1875229	Drive Auto Receivables Trust 2021-2	2025-10-17	edgar/data/1875229/0001193125-25-242207.txt
15-15D	1905242	Santander Drive Auto Receivables Trust 2022-1	2025-10-17	edgar/data/1905242/0001193125-25-242206.txt
25-NSE	1356570	WNS (HOLDINGS) LTD	2025-10-17	edgar/data/1356570/0000876661-25-000781.txt
25-NSE	876661	NEW YORK STOCK EXCHANGE LLC	2025-10-17	edgar/data/876661/0000876661-25-000781.txt
15-12G	2018545	Franklin BSP Real Estate Debt BDC	2025-10-20	edgar/data/2018545/0001193125-25-243277.txt
15-12G	850033	BP PRUDHOE BAY ROYALTY TRUST	2025-10-20	edgar/data/850033/0001193125-25-243639.txt
25	1579157	VINCE HOLDING CORP.	2025-10-20	edgar/data/1579157/0001193125-25-243557.txt
25-NSE	1100663	iSHARES TRUST	2025-10-20	edgar/data/1100663/0001143362-25-000346.txt
25-NSE	1143362	NYSE ARCA, INC.	2025-10-20	edgar/data/1143362/0001143362-25-000346.txt
25-NSE	1143362	NYSE ARCA, INC.	2025-10-20	edgar/data/1143362/0001143362-25-000349.txt
25-NSE	1354457	Nasdaq Stock Market LLC	2025-10-20	edgar/data/1354457/0001354457-25-001033.txt
25-NSE	1354457	Nasdaq Stock Market LLC	2025-10-20	edgar/data/1354457/0001354457-25-001034.txt
25-NSE	1354457	Nasdaq Stock Market LLC	2025-10-20	edgar/data/1354457/0001354457-25-001037.txt
25-NSE	1434614	SANDSTORM GOLD LTD	2025-10-20	edgar/data/1434614/0000876661-25-000786.txt
25-NSE	1491978	FLEXSHARES TRUST	2025-10-20	edgar/data/1491978/0001354457-25-001037.txt
25-NSE	1501570	Veritex Holdings, Inc.	2025-10-20	edgar/data/1501570/0001354457-25-001033.txt
25-NSE	1676326	Morgan Stanley ETF Trust	2025-10-20	edgar/data/1676326/0001143362-25-000349.txt
25-NSE	1876588	ZimVie Inc.	2025-10-20	edgar/data/1876588/0001354457-25-001034.txt
25-NSE	876661	NEW YORK STOCK EXCHANGE LLC	2025-10-20	edgar/data/876661/0000876661-25-000786.txt
25-NSE	876661	NEW YORK STOCK EXCHANGE LLC	2025-10-20	edgar/data/876661/0000876661-25-000788.txt
25-NSE	910073	FLAGSTAR BANK, NATIONAL ASSOCIATION	2025-10-20	edgar/data/910073/0000876661-25-000788.txt
15-12G	1769759	Monogram Technologies Inc.	2025-10-21	edgar/data/1769759/0001104659-25-101101.txt
25-NSE	1354457	Nasdaq Stock Market LLC	2025-10-21	edgar/data/1354457/0001354457-25-001046.txt
25-NSE	2075816	Emmis Acquisition Corp.	2025-10-21	edgar/data/2075816/0001354457-25-001046.txt
15-12G	1448597	AUGUSTA GOLD CORP.	2025-10-23	edgar/data/1448597/0000950157-25-000886.txt
15-15D	1947427	Daimler Trucks Retail Trust 2022-1	2025-10-23	edgar/data/1947427/0001140361-25-039108.txt
25-NSE	1195734	POTBELLY CORP	2025-10-23	edgar/data/1195734/0001354457-25-001054.txt
25-NSE	1354457	Nasdaq Stock Market LLC	2025-10-23	edgar/data/1354457/0001354457-25-001054.txt
15-12G	1950246	MAC Copper Ltd	2025-10-24	edgar/data/1950246/0001104659-25-101998.txt
15-15D	1872446	Harley-Davidson Motorcycle Trust 2021-B	2025-10-24	edgar/data/1872446/0001872446-25-000034.txt
25-NSE	1143362	NYSE ARCA, INC.	2025-10-24	edgar/data/1143362/0001143362-25-000360.txt
25-NSE	1742912	Tidal Trust I	2025-10-24	edgar/data/1742912/0001143362-25-000360.txt
25-NSE	1834494	MeridianLink, Inc.	2025-10-24	edgar/data/1834494/0000876661-25-000801.txt
25-NSE	876661	NEW YORK STOCK EXCHANGE LLC	2025-10-24	edgar/data/876661/0000876661-25-000801.txt
15-12G	1356570	WNS (HOLDINGS) LTD	2025-10-27	edgar/data/1356570/0001174947-25-001296.txt
15-12G	1858257	AvidXchange Holdings, Inc.	2025-10-27	edgar/data/1858257/0001193125-25-250607.txt
15-12G	1865187	Aris Water Solutions, Inc.	2025-10-27	edgar/data/1865187/0001193125-25-251607.txt
25-NSE	1143313	NYSE AMERICAN LLC	2025-10-27	edgar/data/1143313/0001143313-25-000076.txt
25-NSE	1143313	NYSE AMERICAN LLC	2025-10-27	edgar/data/1143313/0001143313-25-000078.txt
25-NSE	1143362	NYSE ARCA, INC.	2025-10-27	edgar/data/1143362/0001143362-25-000364.txt
25-NSE	1177161	Eaton Vance California Municipal Bond Fund	2025-10-27	edgar/data/1177161/0001143313-25-000076.txt
25-NSE	1177162	Eaton Vance New York Municipal Bond Fund	2025-10-27	edgar/data/1177162/0001143313-25-000078.txt
25-NSE	1452937	EXCHANGE TRADED CONCEPTS TRUST	2025-10-27	edgar/data/1452937/0001143362-25-000364.txt
25-NSE	857949	Enlightify Inc.	2025-10-27	edgar/data/857949/0000876661-25-000805.txt
25-NSE	876661	NEW YORK STOCK EXCHANGE LLC	2025-10-27	edgar/data/876661/0000876661-25-000805.txt
15-12G	1501729	FS Specialty Lending Fund	2025-10-28	edgar/data/1501729/0001104659-25-103250.txt
15-12G	1633932	ESSA Pharma Inc.	2025-10-28	edgar/data/1633932/0001104659-25-102922.txt
15-15D	1864913	Nissan Auto Receivables 2021-A Owner Trust	2025-10-28	edgar/data/1864913/0001193125-25-253587.txt
25	1621227	Adaptimmune Therapeutics PLC	2025-10-28	edgar/data/1621227/0001104659-25-102828.txt
25	1769617	HarborOne Bancorp, Inc.	2025-10-28	edgar/data/1769617/0001104659-25-103215.txt
25-NSE	1354457	Nasdaq Stock Market LLC	2025-10-28	edgar/data/1354457/0001354457-25-001066.txt
25-NSE	1417835	Cboe BZX Exchange, Inc.	2025-10-28	edgar/data/1417835/0001417835-25-000240.txt
25-NSE	1827506	Tourmaline Bio, Inc.	2025-10-28	edgar/data/1827506/0001354457-25-001066.txt
25-NSE	1924868	Tidal Trust II	2025-10-28	edgar/data/1924868/0001417835-25-000240.txt
25-NSE	1143313	NYSE AMERICAN LLC	2025-10-29	edgar/data/1143313/0001143313-25-000082.txt
25-NSE	1354457	Nasdaq Stock Market LLC	2025-10-29	edgar/data/1354457/0001354457-25-001069.txt
25-NSE	1776661	Advantage Solutions Inc.	2025-10-29	edgar/data/1776661/0001354457-25-001069.txt
25-NSE	1937441	Ambipar Emergency Response	2025-10-29	edgar/data/1937441/0001143313-25-000082.txt
15-12G	1434614	SANDSTORM GOLD LTD	2025-10-30	edgar/data/1434614/0001193125-25-258735.txt
25-NSE	1143362	NYSE ARCA, INC.	2025-10-30	edgar/data/1143362/0001143362-25-000372.txt
25-NSE	1143362	NYSE ARCA, INC.	2025-10-30	edgar/data/1143362/0001143362-25-000374.txt
25-NSE	1143362	NYSE ARCA, INC.	2025-10-30	edgar/data/1143362/0001143362-25-000376.txt
25-NSE	1143362	NYSE ARCA, INC.	2025-10-30	edgar/data/1143362/0001143362-25-000378.txt
25-NSE	1354457	Nasdaq Stock Market LLC	2025-10-30	edgar/data/1354457/0001354457-25-001073.txt
25-NSE	1424958	Direxion Shares ETF Trust	2025-10-30	edgar/data/1424958/0001143362-25-000372.txt
25-NSE	1552947	Two Roads Shared Trust	2025-10-30	edgar/data/1552947/0001143362-25-000374.txt
25-NSE	1722388	Tidal Trust III	2025-10-30	edgar/data/1722388/0001143362-25-000376.txt
25-NSE	1785173	89bio, Inc.	2025-10-30	edgar/data/1785173/0001354457-25-001073.txt
25-NSE	1794846	Atlas Corp.	2025-10-30	edgar/data/1794846/0000876661-25-000810.txt
25-NSE	51143	INTERNATIONAL BUSINESS MACHINES CORP	2025-10-30	edgar/data/51143/0000876661-25-000808.txt
25-NSE	811030	PROFESSIONALLY MANAGED PORTFOLIOS	2025-10-30	edgar/data/811030/0001143362-25-000378.txt
25-NSE	876661	NEW YORK STOCK EXCHANGE LLC	2025-10-30	edgar/data/876661/0000876661-25-000808.txt
25-NSE	876661	NEW YORK STOCK EXCHANGE LLC	2025-10-30	edgar/data/876661/0000876661-25-000810.txt
15-12G	1550695	Performant Healthcare Inc	2025-10-31	edgar/data/1550695/0001140361-25-040031.txt
15-12G	1876588	ZimVie Inc.	2025-10-31	edgar/data/1876588/0001193125-25-260047.txt
15-15D	1971638	GM Financial Automobile Leasing Trust 2023-2	2025-10-31	edgar/data/1971638/0001213900-25-104388.txt
25-NSE	1703079	XAI Octagon Floating Rate & Alternative Income Trust	2025-10-31	edgar/data/1703079/0000876661-25-000819.txt
25-NSE	1825155	TELUS International (Cda) Inc.	2025-10-31	edgar/data/1825155/0000876661-25-000822.txt
25-NSE	320340	CoreCard Corp	2025-10-31	edgar/data/320340/0000876661-25-000817.txt
25-NSE	845379	China Fund, Inc.	2025-10-31	edgar/data/845379/0000876661-25-000824.txt
25-NSE	876661	NEW YORK STOCK EXCHANGE LLC	2025-10-31	edgar/data/876661/0000876661-25-000817.txt
25-NSE	876661	NEW YORK STOCK EXCHANGE LLC	2025-10-31	edgar/data/876661/0000876661-25-000819.txt
25-NSE	876661	NEW YORK STOCK EXCHANGE LLC	2025-10-31	edgar/data/876661/0000876661-25-000822.txt
25-NSE	876661	NEW YORK STOCK EXCHANGE LLC	2025-10-31	edgar/data/876661/0000876661-25-000824.txt
15-12G	1195734	POTBELLY CORP	2025-11-03	edgar/data/1195734/0001193125-25-261592.txt
15-12G	1501570	Veritex Holdings, Inc.	2025-11-03	edgar/data/1501570/0001140361-25-040133.txt
15-12G	1834494	MeridianLink, Inc.	2025-11-03	edgar/data/1834494/0001140361-25-040081.txt
15-12G	797564	HST Global, Inc.	2025-11-03	edgar/data/797564/0000797564-25-000005.txt
25	1494904	Global Indemnity Group, LLC	2025-11-03	edgar/data/1494904/0001193125-25-262565.txt
25	750004	Light & Wonder, Inc.	2025-11-03	edgar/data/750004/0000950157-25-000903.txt
25-NSE	1089113	HSBC HOLDINGS PLC	2025-11-03	edgar/data/1089113/0000876661-25-000834.txt
25-NSE	1354457	Nasdaq Stock Market LLC	2025-11-03	edgar/data/1354457/0001354457-25-001079.txt
25-NSE	1354457	Nasdaq Stock Market LLC	2025-11-03	edgar/data/1354457/0001354457-25-001085.txt
25-NSE	1517767	Carlyle Credit Income Fund	2025-11-03	edgar/data/1517767/0000876661-25-000831.txt
25-NSE	1760903	BONK, INC.	2025-11-03	edgar/data/1760903/0001354457-25-001085.txt
25-NSE	1879103	CFSB Bancorp, Inc. /MA/	2025-11-03	edgar/data/1879103/0001354457-25-001079.txt
25-NSE	312069	BARCLAYS PLC	2025-11-03	edgar/data/312069/0000876661-25-000826.txt
25-NSE	79879	PPG INDUSTRIES INC	2025-11-03	edgar/data/79879/0000876661-25-000829.txt
25-NSE	876661	NEW YORK STOCK EXCHANGE LLC	2025-11-03	edgar/data/876661/0000876661-25-000826.txt
25-NSE	876661	NEW YORK STOCK EXCHANGE LLC	2025-11-03	edgar/data/876661/0000876661-25-000829.txt
25-NSE	876661	NEW YORK STOCK EXCHANGE LLC	2025-11-03	edgar/data/876661/0000876661-25-000831.txt
25-NSE	876661	NEW YORK STOCK EXCHANGE LLC	2025-11-03	edgar/data/876661/0000876661-25-000834.txt
15-15D	2032260	RedHawk Acquisition I Corp.	2025-11-04	edgar/data/2032260/0001477932-25-007890.txt
25-NSE	1820302	Bakkt Holdings, Inc.	2025-11-04	edgar/data/1820302/0000876661-25-000838.txt
25-NSE	876661	NEW YORK STOCK EXCHANGE LLC	2025-11-04	edgar/data/876661/0000876661-25-000838.txt
15-12G	2029023	GSR III Acquisition Corp.	2025-11-05	edgar/data/2029023/0001213900-25-106464.txt
15-15D	1084475	Video River Networks, Inc.	2025-11-05	edgar/data/1084475/0001493152-25-020902.txt
15-15D	1878872	World Omni Select Auto Trust 2021-A	2025-11-05	edgar/data/1878872/0001104659-25-106630.txt
25-NSE	1354457	Nasdaq Stock Market LLC	2025-11-05	edgar/data/1354457/0001354457-25-001096.txt
25-NSE	1690080	ETHZilla Corp	2025-11-05	edgar/data/1690080/0001354457-25-001096.txt
25-NSE	1809158	Kuke Music Holding Ltd	2025-11-05	edgar/data/1809158/0000876661-25-000843.txt
25-NSE	876661	NEW YORK STOCK EXCHANGE LLC	2025-11-05	edgar/data/876661/0000876661-25-000843.txt
25-NSE	1439095	MRC GLOBAL INC.	2025-11-06	edgar/data/1439095/0000876661-25-000846.txt
25-NSE	876661	NEW YORK STOCK EXCHANGE LLC	2025-11-06	edgar/data/876661/0000876661-25-000846.txt
15-12G	1769617	HarborOne Bancorp, Inc.	2025-11-07	edgar/data/1769617/0001104659-25-108340.txt
15-12G	1827506	Tourmaline Bio, Inc.	2025-11-07	edgar/data/1827506/0001104659-25-108172.txt
15-15D	1652884	Wells Fargo Commercial Mortgage Trust 2015-NXS3	2025-11-07	edgar/data/1652884/0001888524-25-019580.txt
25-NSE	51143	INTERNATIONAL BUSINESS MACHINES CORP	2025-11-07	edgar/data/51143/0000876661-25-000849.txt
25-NSE	876661	NEW YORK STOCK EXCHANGE LLC	2025-11-07	edgar/data/876661/0000876661-25-000849.txt
15-12G	1785173	89bio, Inc.	2025-11-10	edgar/data/1785173/0001193125-25-273168.txt
15-12G	1794846	Atlas Corp.	2025-11-10	edgar/data/1794846/0001193125-25-273550.txt
15F-12B	1825155	TELUS International (Cda) Inc.	2025-11-10	edgar/data/1825155/0000947871-25-000972.txt
25	1757064	Genfit S.A.	2025-11-10	edgar/data/1757064/0001757064-25-000013.txt
25	1815620	Opthea Ltd	2025-11-10	edgar/data/1815620/0001193125-25-273377.txt
25	2065659	FISERV FUNDING UNLIMITED Co	2025-11-10	edgar/data/2065659/0001193125-25-274239.txt
25	798354	FISERV INC	2025-11-10	edgar/data/798354/0001193125-25-274239.txt
25-NSE	1704299	TORTOISE SUSTAINABLE & SOCIAL IMPACT TERM FUND	2025-11-10	edgar/data/1704299/0000876661-25-000854.txt
25-NSE	844150	NatWest Group plc	2025-11-10	edgar/data/844150/0000876661-25-000857.txt
25-NSE	876661	NEW YORK STOCK EXCHANGE LLC	2025-11-10	edgar/data/876661/0000876661-25-000854.txt
25-NSE	876661	NEW YORK STOCK EXCHANGE LLC	2025-11-10	edgar/data/876661/0000876661-25-000857.txt
15-12G	1064722	GIVEMEPOWER CORP	2025-11-12	edgar/data/1064722/0001493152-25-021637.txt
25-NSE	1354457	Nasdaq Stock Market LLC	2025-11-12	edgar/data/1354457/0001354457-25-001123.txt
25-NSE	1843477	Spring Valley Acquisition Corp. II	2025-11-12	edgar/data/1843477/0001354457-25-001123.txt
15-12G	1621227	Adaptimmune Therapeutics PLC	2025-11-13	edgar/data/1621227/0001104659-25-110847.txt
15-12G	1860879	Rigel Resource Acquisition Corp.	2025-11-13	edgar/data/1860879/0001829126-25-009133.txt
15-12G	1879103	CFSB Bancorp, Inc. /MA/	2025-11-13	edgar/data/1879103/0000943374-25-000468.txt
15-15D	2035156	XCF Global Capital, Inc.	2025-11-13	edgar/data/2035156/0001493152-25-022180.txt
25-NSE	1143313	NYSE AMERICAN LLC	2025-11-13	edgar/data/1143313/0001143313-25-000088.txt
25-NSE	1285786	EMX Royalty Corp	2025-11-13	edgar/data/1285786/0001143313-25-000088.txt
25-NSE	1354457	Nasdaq Stock Market LLC	2025-11-13	edgar/data/1354457/0001354457-25-001124.txt
25-NSE	1354457	Nasdaq Stock Market LLC	2025-11-13	edgar/data/1354457/0001354457-25-001126.txt
25-NSE	2040807	Metsera, Inc.	2025-11-13	edgar/data/2040807/0001354457-25-001124.txt
25-NSE	883569	Fossil Group, Inc.	2025-11-13	edgar/data/883569/0001354457-25-001126.txt
15-15D	2027582	Terrestrial Energy Development Inc.	2025-11-14	edgar/data/2027582/0001213900-25-111036.txt
25	1616543	Senseonics Holdings, Inc.	2025-11-14	edgar/data/1616543/0001104659-25-111913.txt
25-NSE	1354457	Nasdaq Stock Market LLC	2025-11-14	edgar/data/1354457/0001354457-25-001127.txt
25-NSE	1354457	Nasdaq Stock Market LLC	2025-11-14	edgar/data/1354457/0001354457-25-001129.txt
25-NSE	1354457	Nasdaq Stock Market LLC	2025-11-14	edgar/data/1354457/0001354457-25-001131.txt
25-NSE	1354457	Nasdaq Stock Market LLC	2025-11-14	edgar/data/1354457/0001354457-25-001132.txt
25-NSE	1354457	Nasdaq Stock Market LLC	2025-11-14	edgar/data/1354457/0001354457-25-001137.txt
25-NSE	1354457	Nasdaq Stock Market LLC	2025-11-14	edgar/data/1354457/0001354457-25-001138.txt
25-NSE	1354457	Nasdaq Stock Market LLC	2025-11-14	edgar/data/1354457/0001354457-25-001140.txt
25-NSE	1397047	FlexShopper, Inc.	2025-11-14	edgar/data/1397047/0001354457-25-001131.txt
25-NSE	1456772	OFFICE PROPERTIES INCOME TRUST	2025-11-14	edgar/data/1456772/0001354457-25-001127.txt
25-NSE	1879848	PHOENIX MOTOR INC.	2025-11-14	edgar/data/1879848/0001354457-25-001132.txt
25-NSE	1946399	LakeShore Biopharma Co., Ltd.	2025-11-14	edgar/data/1946399/0001354457-25-001129.txt
25-NSE	203596	WESBANCO INC	2025-11-14	edgar/data/203596/0001354457-25-001140.txt
25-NSE	320193	Apple Inc.	2025-11-14	edgar/data/320193/0001354457-25-001138.txt
25-NSE	901832	ASTRAZENECA PLC	2025-11-14	edgar/data/901832/0001354457-25-001137.txt
15-12G	1279695	UNIVERSAL BIOSENSORS INC	2025-11-17	edgar/data/1279695/0001279695-25-000005.txt
15-12G	1439095	MRC GLOBAL INC.	2025-11-17	edgar/data/1439095/0001193125-25-283903.txt
15-12G	1509223	Moatable, Inc.	2025-11-17	edgar/data/1509223/0001104659-25-113278.txt
15-12G	1820302	Bakkt Holdings, Inc.	2025-11-17	edgar/data/1820302/0001193125-25-284713.txt
25-NSE	1090727	UNITED PARCEL SERVICE INC	2025-11-17	edgar/data/1090727/0000876661-25-000870.txt
25-NSE	1354457	Nasdaq Stock Market LLC	2025-11-17	edgar/data/1354457/0001354457-25-001147.txt
25-NSE	1725123	Cango Inc.	2025-11-17	edgar/data/1725123/0000876661-25-000872.txt
25-NSE	1805077	Eos Energy Enterprises, Inc.	2025-11-17	edgar/data/1805077/0001354457-25-001147.txt
25-NSE	1833835	Paysafe Ltd	2025-11-17	edgar/data/1833835/0000876661-25-000876.txt
25-NSE	876661	NEW YORK STOCK EXCHANGE LLC	2025-11-17	edgar/data/876661/0000876661-25-000870.txt
25-NSE	876661	NEW YORK STOCK EXCHANGE LLC	2025-11-17	edgar/data/876661/0000876661-25-000872.txt
25-NSE	876661	NEW YORK STOCK EXCHANGE LLC	2025-11-17	edgar/data/876661/0000876661-25-000874.txt
25-NSE	876661	NEW YORK STOCK EXCHANGE LLC	2025-11-17	edgar/data/876661/0000876661-25-000876.txt
25-NSE	927653	MCKESSON CORP	2025-11-17	edgar/data/927653/0000876661-25-000874.txt
15-12G	1622879	Medicine Man Technologies, Inc.	2025-11-18	edgar/data/1622879/0001104659-25-113297.txt
15-12G	320340	CoreCard Corp	2025-11-18	edgar/data/320340/0001437749-25-035520.txt
25	1721741	Lazydays Holdings, Inc.	2025-11-18	edgar/data/1721741/0001493152-25-024060.txt
25-NSE	1354457	Nasdaq Stock Market LLC	2025-11-18	edgar/data/1354457/0001354457-25-001150.txt
25-NSE	1354457	Nasdaq Stock Market LLC	2025-11-18	edgar/data/1354457/0001354457-25-001151.txt
25-NSE	1819796	GCM Grosvenor Inc.	2025-11-18	edgar/data/1819796/0001354457-25-001151.txt
25-NSE	1821424	Ucommune International Ltd	2025-11-18	edgar/data/1821424/0001354457-25-001150.txt
25-NSE	1868778	Informatica Inc.	2025-11-18	edgar/data/1868778/0000876661-25-000882.txt
25-NSE	40704	GENERAL MILLS INC	2025-11-18	edgar/data/40704/0000876661-25-000878.txt
25-NSE	732717	AT&T INC.	2025-11-18	edgar/data/732717/0000876661-25-000880.txt
25-NSE	876661	NEW YORK STOCK EXCHANGE LLC	2025-11-18	edgar/data/876661/0000876661-25-000878.txt
25-NSE	876661	NEW YORK STOCK EXCHANGE LLC	2025-11-18	edgar/data/876661/0000876661-25-000880.txt
25-NSE	876661	NEW YORK STOCK EXCHANGE LLC	2025-11-18	edgar/data/876661/0000876661-25-000882.txt
25-NSE	1354457	Nasdaq Stock Market LLC	2025-11-19	edgar/data/1354457/0001354457-25-001154.txt
25-NSE	1653985	Santander Issuances, S.A. Unipersonal	2025-11-19	edgar/data/1653985/0000876661-25-000901.txt
25-NSE	1907982	D-Wave Quantum Inc.	2025-11-19	edgar/data/1907982/0000876661-25-000895.txt
25-NSE	876661	NEW YORK STOCK EXCHANGE LLC	2025-11-19	edgar/data/876661/0000876661-25-000895.txt
25-NSE	876661	NEW YORK STOCK EXCHANGE LLC	2025-11-19	edgar/data/876661/0000876661-25-000899.txt
25-NSE	876661	NEW YORK STOCK EXCHANGE LLC	2025-11-19	edgar/data/876661/0000876661-25-000901.txt
25-NSE	891478	Banco Santander, S.A.	2025-11-19	edgar/data/891478/0000876661-25-000899.txt
25-NSE	924717	SURMODICS INC	2025-11-19	edgar/data/924717/0001354457-25-001154.txt
15F-12B	1757064	Genfit S.A.	2025-11-20	edgar/data/1757064/0001757064-25-000023.txt
15F-12B	1815620	Opthea Ltd	2025-11-20	edgar/data/1815620/0001193125-25-289744.txt
25-NSE	1143362	NYSE ARCA, INC.	2025-11-20	edgar/data/1143362/0001143362-25-000410.txt
25-NSE	1143362	NYSE ARCA, INC.	2025-11-20	edgar/data/1143362/0001143362-25-000412.txt
25-NSE	1300734	SHINECO, INC.	2025-11-20	edgar/data/1300734/0001354457-25-001165.txt
25-NSE	1354457	Nasdaq Stock Market LLC	2025-11-20	edgar/data/1354457/0001354457-25-001163.txt
25-NSE	1354457	Nasdaq Stock Market LLC	2025-11-20	edgar/data/1354457/0001354457-25-001165.txt
25-NSE	1562565	Fidelity Merrimack Street Trust	2025-11-20	edgar/data/1562565/0001143362-25-000412.txt
25-NSE	1815903	Petros Pharmaceuticals, Inc.	2025-11-20	edgar/data/1815903/0001354457-25-001163.txt
25-NSE	945908	FIDELITY COVINGTON TRUST	2025-11-20	edgar/data/945908/0001143362-25-000410.txt
15-15D	1830976	Santander Drive Auto Receivables Trust 2020-4	2025-11-21	edgar/data/1830976/0001193125-25-291543.txt
25-NSE	1143362	NYSE ARCA, INC.	2025-11-21	edgar/data/1143362/0001143362-25-000414.txt
25-NSE	1354457	Nasdaq Stock Market LLC	2025-11-21	edgar/data/1354457/0001354457-25-001166.txt
25-NSE	1354457	Nasdaq Stock Market LLC	2025-11-21	edgar/data/1354457/0001354457-25-001167.txt
25-NSE	1354457	Nasdaq Stock Market LLC	2025-11-21	edgar/data/1354457/0001354457-25-001170.txt
25-NSE	1354457	Nasdaq Stock Market LLC	2025-11-21	edgar/data/1354457/0001354457-25-001171.txt
25-NSE	1649373	SANTANDER UK GROUP HOLDINGS PLC	2025-11-21	edgar/data/1649373/0000876661-25-000907.txt
25-NSE	1780531	ONECONNECT FINANCIAL TECHNOLOGY CO., LTD.	2025-11-21	edgar/data/1780531/0000876661-25-000905.txt
25-NSE	1842939	Longevity Health Holdings, Inc.	2025-11-21	edgar/data/1842939/0001354457-25-001167.txt
25-NSE	1845809	Putnam ETF Trust	2025-11-21	edgar/data/1845809/0001143362-25-000414.txt
25-NSE	1888151	Femto Technologies Inc.	2025-11-21	edgar/data/1888151/0001354457-25-001170.txt
25-NSE	1899658	WANG & LEE GROUP, Inc.	2025-11-21	edgar/data/1899658/0001354457-25-001166.txt
25-NSE	72444	Vaxart, Inc.	2025-11-21	edgar/data/72444/0001354457-25-001171.txt
25-NSE	876661	NEW YORK STOCK EXCHANGE LLC	2025-11-21	edgar/data/876661/0000876661-25-000905.txt
25-NSE	876661	NEW YORK STOCK EXCHANGE LLC	2025-11-21	edgar/data/876661/0000876661-25-000907.txt
15-12G	203596	WESBANCO INC	2025-11-24	edgar/data/203596/0001193125-25-293644.txt
15-12G	2040807	Metsera, Inc.	2025-11-24	edgar/data/2040807/0001193125-25-292197.txt
15-15D	1911818	John Deere Owner Trust 2022	2025-11-24	edgar/data/1911818/0001104659-25-115189.txt
25	942126	TAITRON COMPONENTS INC	2025-11-24	edgar/data/942126/0001185185-25-001844.txt
25-NSE	1143362	NYSE ARCA, INC.	2025-11-24	edgar/data/1143362/0001143362-25-000419.txt
25-NSE	1354457	Nasdaq Stock Market LLC	2025-11-24	edgar/data/1354457/0001354457-25-001175.txt
25-NSE	1354457	Nasdaq Stock Market LLC	2025-11-24	edgar/data/1354457/0001354457-25-001176.txt
25-NSE	1644419	Northern Lights Fund Trust IV	2025-11-24	edgar/data/1644419/0001143362-25-000419.txt
25-NSE	1837686	Vimeo, Inc.	2025-11-24	edgar/data/1837686/0001354457-25-001175.txt
25-NSE	1837686	Vimeo, Inc.	2025-11-24	edgar/data/1837686/0001354457-25-001176.txt
25-NSE	1922446	Diversified Energy Co PLC	2025-11-24	edgar/data/1922446/0000876661-25-000910.txt
25-NSE	876661	NEW YORK STOCK EXCHANGE LLC	2025-11-24	edgar/data/876661/0000876661-25-000910.txt
25	1975218	Nabors Energy Transition Corp. II	2025-11-25	edgar/data/1975218/0001104659-25-115956.txt
25-NSE	1354457	Nasdaq Stock Market LLC	2025-11-25	edgar/data/1354457/0001354457-25-001186.txt
25-NSE	1577916	Premier, Inc.	2025-11-25	edgar/data/1577916/0001354457-25-001186.txt
25-NSE	38009	FORD MOTOR CREDIT CO LLC	2025-11-25	edgar/data/38009/0000876661-25-000912.txt
25-NSE	876661	NEW YORK STOCK EXCHANGE LLC	2025-11-25	edgar/data/876661/0000876661-25-000912.txt
15-12G	1512717	Theratechnologies Inc.	2025-11-26	edgar/data/1512717/0001193125-25-297751.txt
15-15D	1878610	Toyota Auto Receivables 2021-C Owner Trust	2025-11-26	edgar/data/1878610/0000929638-25-004382.txt
25-NSE	1166388	VERINT SYSTEMS INC	2025-11-26	edgar/data/1166388/0001354457-25-001189.txt
25-NSE	1354457	Nasdaq Stock Market LLC	2025-11-26	edgar/data/1354457/0001354457-25-001189.txt
25-NSE	1417835	Cboe BZX Exchange, Inc.	2025-11-26	edgar/data/1417835/0001417835-25-000261.txt
25-NSE	945908	FIDELITY COVINGTON TRUST	2025-11-26	edgar/data/945908/0001417835-25-000261.txt
15-12G	1868778	Informatica Inc.	2025-11-28	edgar/data/1868778/0001104659-25-116958.txt
15-15D	1606442	Morgan Stanley Bank of America Merrill Lynch Trust 2014-C16	2025-11-28	edgar/data/1606442/0001853620-25-000302.txt
25	1016178	CARVER BANCORP INC	2025-11-28	edgar/data/1016178/0000943374-25-000491.txt
25	1298946	DiamondRock Hospitality Co	2025-11-28	edgar/data/1298946/0001298946-25-000097.txt
25-NSE	1354457	Nasdaq Stock Market LLC	2025-11-28	edgar/data/1354457/0001354457-25-001191.txt
25-NSE	1544206	Carlyle Secured Lending, Inc.	2025-11-28	edgar/data/1544206/0001354457-25-001191.txt
25-NSE	1628369	Cushman & Wakefield plc	2025-11-28	edgar/data/1628369/0000876661-25-000920.txt
25-NSE	1821160	Guild Holdings Co	2025-11-28	edgar/data/1821160/0000876661-25-000916.txt
25-NSE	51644	INTERPUBLIC GROUP OF COMPANIES, INC.	2025-11-28	edgar/data/51644/0000876661-25-000918.txt
25-NSE	876661	NEW YORK STOCK EXCHANGE LLC	2025-11-28	edgar/data/876661/0000876661-25-000916.txt
25-NSE	876661	NEW YORK STOCK EXCHANGE LLC	2025-11-28	edgar/data/876661/0000876661-25-000918.txt
25-NSE	876661	NEW YORK STOCK EXCHANGE LLC	2025-11-28	edgar/data/876661/0000876661-25-000920.txt
15-12G	1780531	ONECONNECT FINANCIAL TECHNOLOGY CO., LTD.	2025-12-01	edgar/data/1780531/0001104659-25-117063.txt
15-12G	924717	SURMODICS INC	2025-12-01	edgar/data/924717/0001193125-25-303949.txt
25	1591588	A-Mark Precious Metals, Inc.	2025-12-01	edgar/data/1591588/0001193125-25-303957.txt
25-NSE	1354457	Nasdaq Stock Market LLC	2025-12-01	edgar/data/1354457/0001354457-25-001195.txt
25-NSE	1359841	Hanesbrands Inc.	2025-12-01	edgar/data/1359841/0000876661-25-000928.txt
25-NSE	14930	BRUNSWICK CORP	2025-12-01	edgar/data/14930/0000876661-25-000926.txt
25-NSE	1611702	BrightSphere Investment Group plc	2025-12-01	edgar/data/1611702/0000876661-25-000924.txt
25-NSE	1970622	USA Rare Earth, Inc.	2025-12-01	edgar/data/1970622/0001354457-25-001195.txt
25-NSE	876661	NEW YORK STOCK EXCHANGE LLC	2025-12-01	edgar/data/876661/0000876661-25-000924.txt
25-NSE	876661	NEW YORK STOCK EXCHANGE LLC	2025-12-01	edgar/data/876661/0000876661-25-000926.txt
25-NSE	876661	NEW YORK STOCK EXCHANGE LLC	2025-12-01	edgar/data/876661/0000876661-25-000928.txt
15-15D	1837985	Exeter Automobile Receivables Trust 2021-1	2025-12-02	edgar/data/1837985/0000929638-25-004480.txt
15-15D	1866796	CNH Equipment Trust 2021-B	2025-12-02	edgar/data/1866796/0001104659-25-117614.txt
25-NSE	1106838	Sonnet BioTherapeutics Holdings, Inc.	2025-12-02	edgar/data/1106838/0001354457-25-001201.txt
25-NSE	1354457	Nasdaq Stock Market LLC	2025-12-02	edgar/data/1354457/0001354457-25-001201.txt
15-12G	1872812	TC BioPharm (Holdings) plc	2025-12-03	edgar/data/1872812/0001493152-25-025891.txt
15-15D	1978414	Nissan Auto Lease Trust 2023-B	2025-12-03	edgar/data/1978414/0001193125-25-306810.txt
25-NSE	1136893	Fidelity National Information Services, Inc.	2025-12-03	edgar/data/1136893/0000876661-25-000932.txt
25-NSE	1354457	Nasdaq Stock Market LLC	2025-12-03	edgar/data/1354457/0001354457-25-001210.txt
25-NSE	1823144	CompoSecure, Inc.	2025-12-03	edgar/data/1823144/0001354457-25-001210.txt
25-NSE	1845097	Ardagh Metal Packaging S.A.	2025-12-03	edgar/data/1845097/0000876661-25-000937.txt
25-NSE	876661	NEW YORK STOCK EXCHANGE LLC	2025-12-03	edgar/data/876661/0000876661-25-000932.txt
25-NSE	876661	NEW YORK STOCK EXCHANGE LLC	2025-12-03	edgar/data/876661/0000876661-25-000937.txt
15-12G	1804591	Chrome Holding Co.	2025-12-04	edgar/data/1804591/0001193125-25-308143.txt
15-12G	1922446	Diversified Energy Co	2025-12-04	edgar/data/1922446/0001140361-25-044255.txt
25-NSE	1100663	iSHARES TRUST	2025-12-04	edgar/data/1100663/0001417835-25-000270.txt
25-NSE	1417835	Cboe BZX Exchange, Inc.	2025-12-04	edgar/data/1417835/0001417835-25-000270.txt
25-NSE	1417835	Cboe BZX Exchange, Inc.	2025-12-04	edgar/data/1417835/0001417835-25-000272.txt
25-NSE	1719812	Collaborative Investment Series Trust	2025-12-04	edgar/data/1719812/0001417835-25-000272.txt
15-12G	1577916	Premier, Inc.	2025-12-05	edgar/data/1577916/0001193125-25-309298.txt
25-NSE	1143362	NYSE ARCA, INC.	2025-12-05	edgar/data/1143362/0001143362-25-000434.txt
25-NSE	1143362	NYSE ARCA, INC.	2025-12-05	edgar/data/1143362/0001143362-25-000437.txt
25-NSE	1354457	Nasdaq Stock Market LLC	2025-12-05	edgar/data/1354457/0001354457-25-001216.txt
25-NSE	1354457	Nasdaq Stock Market LLC	2025-12-05	edgar/data/1354457/0001354457-25-001220.txt
25-NSE	1593547	Advisors' Inner Circle Fund III	2025-12-05	edgar/data/1593547/0001143362-25-000437.txt
25-NSE	1597934	abrdn ETFs	2025-12-05	edgar/data/1597934/0001143362-25-000434.txt
25-NSE	1630805	Babcock & Wilcox Enterprises, Inc.	2025-12-05	edgar/data/1630805/0000876661-25-000939.txt
25-NSE	1971543	Mural Oncology plc	2025-12-05	edgar/data/1971543/0001354457-25-001216.txt
25-NSE	2056263	Columbus Circle Capital Corp. I	2025-12-05	edgar/data/2056263/0001354457-25-001220.txt
25-NSE	876661	NEW YORK STOCK EXCHANGE LLC	2025-12-05	edgar/data/876661/0000876661-25-000939.txt
15-12G	1016178	CARVER BANCORP INC	2025-12-08	edgar/data/1016178/0000943374-25-000501.txt
15-12G	1166388	VERINT SYSTEMS INC	2025-12-08	edgar/data/1166388/0001193125-25-310720.txt
15-12G	1285786	EMX Royalty Corp	2025-12-08	edgar/data/1285786/0001104659-25-119328.txt
15-12G	1628369	Cushman & Wakefield Ltd.	2025-12-08	edgar/data/1628369/0001193125-25-311382.txt
15-12G	1821160	Guild Holdings Co	2025-12-08	edgar/data/1821160/0001104659-25-119229.txt
15-12G	1837686	Vimeo, Inc.	2025-12-08	edgar/data/1837686/0001104659-25-119319.txt
15-12G	51644	INTERPUBLIC GROUP OF COMPANIES, INC.	2025-12-08	edgar/data/51644/0001193125-25-311425.txt
15-12G	942126	TAITRON COMPONENTS INC	2025-12-08	edgar/data/942126/0001185185-25-001963.txt
15-15D	1623916	Morgan Stanley Bank of America Merrill Lynch Trust 2014-C19	2025-12-08	edgar/data/1623916/0001888524-25-021434.txt
25	104169	Walmart Inc.	2025-12-08	edgar/data/104169/0000104169-25-000201.txt
25	1517413	Fastly, Inc.	2025-12-08	edgar/data/1517413/0001140361-25-044854.txt
25	1539029	Clearside Biomedical, Inc.	2025-12-08	edgar/data/1539029/0001193125-25-311252.txt
25-NSE	1143362	NYSE ARCA, INC.	2025-12-08	edgar/data/1143362/0001143362-25-000442.txt
25-NSE	1143362	NYSE ARCA, INC.	2025-12-08	edgar/data/1143362/0001143362-25-000444.txt
25-NSE	1354457	Nasdaq Stock Market LLC	2025-12-08	edgar/data/1354457/0001354457-25-001228.txt
25-NSE	1354457	Nasdaq Stock Market LLC	2025-12-08	edgar/data/1354457/0001354457-25-001229.txt
25-NSE	1364885	Spirit AeroSystems Holdings, Inc.	2025-12-08	edgar/data/1364885/0000876661-25-000941.txt
25-NSE	1821080	Humankind Benefit Corp	2025-12-08	edgar/data/1821080/0001143362-25-000444.txt
25-NSE	1865602	Cantor Equity Partners, Inc.	2025-12-08	edgar/data/1865602/0001354457-25-001229.txt
25-NSE	1873280	Strategic Trust	2025-12-08	edgar/data/1873280/0001143362-25-000442.txt
25-NSE	1972459	Texas Capital Funds Trust	2025-12-08	edgar/data/1972459/0001354457-25-001228.txt
25-NSE	876661	NEW YORK STOCK EXCHANGE LLC	2025-12-08	edgar/data/876661/0000876661-25-000941.txt
25-NSE	876661	NEW YORK STOCK EXCHANGE LLC	2025-12-08	edgar/data/876661/0000876661-25-000945.txt
25-NSE	879764	TotalEnergies SE	2025-12-08	edgar/data/879764/0000876661-25-000945.txt
25-NSE	1354457	Nasdaq Stock Market LLC	2025-12-09	edgar/data/1354457/0001354457-25-001233.txt
25-NSE	1354457	Nasdaq Stock Market LLC	2025-12-09	edgar/data/1354457/0001354457-25-001236.txt
25-NSE	1354457	Nasdaq Stock Market LLC	2025-12-09	edgar/data/1354457/0001354457-25-001238.txt
25-NSE	1392972	PROS Holdings, Inc.	2025-12-09	edgar/data/1392972/0000876661-25-000950.txt
25-NSE	1501756	Adverum Biotechnologies, Inc.	2025-12-09	edgar/data/1501756/0001354457-25-001236.txt
25-NSE	1744659	Akero Therapeutics, Inc.	2025-12-09	edgar/data/1744659/0001354457-25-001233.txt
25-NSE	1937891	AlphaVest Acquisition Corp.	2025-12-09	edgar/data/1937891/0001354457-25-001238.txt
25-NSE	876661	NEW YORK STOCK EXCHANGE LLC	2025-12-09	edgar/data/876661/0000876661-25-000950.txt
15-15D	1885500	World Omni Auto Receivables Trust 2021-D	2025-12-10	edgar/data/1885500/0001104659-25-119848.txt
25-NSE	1050825	STEELCASE INC	2025-12-10	edgar/data/1050825/0000876661-25-000952.txt
25-NSE	1066605	HEIDRICK & STRUGGLES INTERNATIONAL INC	2025-12-10	edgar/data/1066605/0001354457-25-001242.txt
25-NSE	1160106	Lloyds Banking Group plc	2025-12-10	edgar/data/1160106/0000876661-25-000955.txt
25-NSE	1354457	Nasdaq Stock Market LLC	2025-12-10	edgar/data/1354457/0001354457-25-001240.txt
25-NSE	1354457	Nasdaq Stock Market LLC	2025-12-10	edgar/data/1354457/0001354457-25-001242.txt
25-NSE	1354457	Nasdaq Stock Market LLC	2025-12-10	edgar/data/1354457/0001354457-25-001250.txt
25-NSE	1819794	Fusion Fuel Green PLC	2025-12-10	edgar/data/1819794/0001354457-25-001250.txt
25-NSE	800240	ODP Corp	2025-12-10	edgar/data/800240/0001354457-25-001240.txt
25-NSE	876661	NEW YORK STOCK EXCHANGE LLC	2025-12-10	edgar/data/876661/0000876661-25-000952.txt
25-NSE	876661	NEW YORK STOCK EXCHANGE LLC	2025-12-10	edgar/data/876661/0000876661-25-000955.txt
15-12G	1359841	Hanesbrands Inc.	2025-12-11	edgar/data/1359841/0001104659-25-120123.txt
15-12G	1892480	Hempacco Co., Inc.	2025-12-11	edgar/data/1892480/0001477932-25-008928.txt
25	1065059	CENTRUS ENERGY CORP	2025-12-11	edgar/data/1065059/0001628280-25-056420.txt
25-NSE	1143313	NYSE AMERICAN LLC	2025-12-11	edgar/data/1143313/0001143313-25-000096.txt
25-NSE	1713863	Rafael Holdings, Inc.	2025-12-11	edgar/data/1713863/0001143313-25-000096.txt
25-NSE	55067	KELLANOVA	2025-12-11	edgar/data/55067/0000876661-25-000958.txt
25-NSE	876661	NEW YORK STOCK EXCHANGE LLC	2025-12-11	edgar/data/876661/0000876661-25-000958.txt
15-12G	818677	SECURITY FEDERAL CORP	2025-12-12	edgar/data/818677/0000939057-25-000330.txt
15-15D	1055160	MFA FINANCIAL, INC.	2025-12-12	edgar/data/1055160/0001104659-25-120651.txt
15-15D	1055160	MFA FINANCIAL, INC.	2025-12-12	edgar/data/1055160/0001104659-25-120653.txt
15-15D	2070394	Twenty One Assets, LLC	2025-12-12	edgar/data/2070394/0001213900-25-121222.txt
25	1946021	Horizon Space Acquisition I Corp.	2025-12-12	edgar/data/1946021/0001929980-25-000770.txt
25-NSE	1354457	Nasdaq Stock Market LLC	2025-12-12	edgar/data/1354457/0001354457-25-001258.txt
25-NSE	1354457	Nasdaq Stock Market LLC	2025-12-12	edgar/data/1354457/0001354457-25-001259.txt
25-NSE	1742927	REVIVA PHARMACEUTICALS HOLDINGS, INC.	2025-12-12	edgar/data/1742927/0001354457-25-001259.txt
25-NSE	1841675	Argo Blockchain Plc	2025-12-12	edgar/data/1841675/0001354457-25-001258.txt
15-12G	1971543	Mural Oncology plc	2025-12-15	edgar/data/1971543/0001193125-25-319281.txt
25	1485003	Carisma Therapeutics Inc.	2025-12-15	edgar/data/1485003/0001104659-25-121109.txt
25	1771146	ETF Opportunities Trust	2025-12-15	edgar/data/1771146/0001999371-25-020292.txt
25	1771146	ETF Opportunities Trust	2025-12-15	edgar/data/1771146/0001999371-25-020293.txt
25-NSE	1100663	iSHARES TRUST	2025-12-15	edgar/data/1100663/0001354457-25-001267.txt
25-NSE	1143313	NYSE AMERICAN LLC	2025-12-15	edgar/data/1143313/0001143313-25-000099.txt
25-NSE	1321741	GLADSTONE INVESTMENT CORPORATION\DE	2025-12-15	edgar/data/1321741/0001354457-25-001271.txt
25-NSE	1354457	Nasdaq Stock Market LLC	2025-12-15	edgar/data/1354457/0001354457-25-001265.txt
25-NSE	1354457	Nasdaq Stock Market LLC	2025-12-15	edgar/data/1354457/0001354457-25-001266.txt
25-NSE	1354457	Nasdaq Stock Market LLC	2025-12-15	edgar/data/1354457/0001354457-25-001267.txt
25-NSE	1354457	Nasdaq Stock Market LLC	2025-12-15	edgar/data/1354457/0001354457-25-001270.txt
25-NSE	1354457	Nasdaq Stock Market LLC	2025-12-15	edgar/data/1354457/0001354457-25-001271.txt
25-NSE	1417892	Emeren Group Ltd	2025-12-15	edgar/data/1417892/0000876661-25-000961.txt
25-NSE	1488813	Customers Bancorp, Inc.	2025-12-15	edgar/data/1488813/0000876661-25-000965.txt
25-NSE	1528129	Vital Energy, Inc.	2025-12-15	edgar/data/1528129/0000876661-25-000963.txt
25-NSE	1556748	Aon Corp	2025-12-15	edgar/data/1556748/0000876661-25-000974.txt
25-NSE	1560385	Liberty Media Corp	2025-12-15	edgar/data/1560385/0001354457-25-001270.txt
25-NSE	1657201	Invesco Exchange-Traded Self-Indexed Fund Trust	2025-12-15	edgar/data/1657201/0001354457-25-001265.txt
25-NSE	1664740	MBC FUNDING II CORP.	2025-12-15	edgar/data/1664740/0001143313-25-000099.txt
25-NSE	1877493	Valkyrie ETF Trust II	2025-12-15	edgar/data/1877493/0001354457-25-001266.txt
25-NSE	315293	Aon plc	2025-12-15	edgar/data/315293/0000876661-25-000973.txt
25-NSE	66756	ALLETE INC	2025-12-15	edgar/data/66756/0000876661-25-000967.txt
25-NSE	876661	NEW YORK STOCK EXCHANGE LLC	2025-12-15	edgar/data/876661/0000876661-25-000961.txt
25-NSE	876661	NEW YORK STOCK EXCHANGE LLC	2025-12-15	edgar/data/876661/0000876661-25-000963.txt
25-NSE	876661	NEW YORK STOCK EXCHANGE LLC	2025-12-15	edgar/data/876661/0000876661-25-000965.txt
25-NSE	876661	NEW YORK STOCK EXCHANGE LLC	2025-12-15	edgar/data/876661/0000876661-25-000967.txt
25-NSE	876661	NEW YORK STOCK EXCHANGE LLC	2025-12-15	edgar/data/876661/0000876661-25-000969.txt
25-NSE	876661	NEW YORK STOCK EXCHANGE LLC	2025-12-15	edgar/data/876661/0000876661-25-000973.txt
25-NSE	876661	NEW YORK STOCK EXCHANGE LLC	2025-12-15	edgar/data/876661/0000876661-25-000974.txt
25-NSE	892553	CHART INDUSTRIES INC	2025-12-15	edgar/data/892553/0000876661-25-000969.txt
15-12G	1106838	Sonnet BioTherapeutics Holdings, Inc.	2025-12-16	edgar/data/1106838/0001493152-25-027980.txt
15-12G	1840748	LAVA Therapeutics NV	2025-12-16	edgar/data/1840748/0001104659-25-121581.txt
15-15D	1879747	CarMax Auto Owner Trust 2021-4	2025-12-16	edgar/data/1879747/0001879747-25-000060.txt
25-NSE	1696355	Bright Scholar Education Holdings Ltd	2025-12-16	edgar/data/1696355/0000876661-25-000978.txt
25-NSE	876661	NEW YORK STOCK EXCHANGE LLC	2025-12-16	edgar/data/876661/0000876661-25-000978.txt
25	1552800	TILE SHOP HOLDINGS, INC.	2025-12-17	edgar/data/1552800/0001140361-25-045845.txt
25	1797318	AIM ETF Products Trust	2025-12-17	edgar/data/1797318/0001133228-25-013492.txt
25-NSE	1143313	NYSE AMERICAN LLC	2025-12-17	edgar/data/1143313/0001143313-25-000101.txt
25-NSE	1354457	Nasdaq Stock Market LLC	2025-12-17	edgar/data/1354457/0001354457-25-001277.txt
25-NSE	1354457	Nasdaq Stock Market LLC	2025-12-17	edgar/data/1354457/0001354457-25-001278.txt
25-NSE	1354457	Nasdaq Stock Market LLC	2025-12-17	edgar/data/1354457/0001354457-25-001280.txt
25-NSE	1403708	Evoke Pharma Inc	2025-12-17	edgar/data/1403708/0001354457-25-001278.txt
25-NSE	1812173	Vicarious Surgical Inc.	2025-12-17	edgar/data/1812173/0000876661-25-000980.txt
25-NSE	2057463	GCI Liberty, Inc.	2025-12-17	edgar/data/2057463/0001354457-25-001280.txt
25-NSE	4281	Howmet Aerospace Inc.	2025-12-17	edgar/data/4281/0001143313-25-000101.txt
25-NSE	732717	AT&T INC.	2025-12-17	edgar/data/732717/0000876661-25-000982.txt
25-NSE	876661	NEW YORK STOCK EXCHANGE LLC	2025-12-17	edgar/data/876661/0000876661-25-000980.txt
25-NSE	876661	NEW YORK STOCK EXCHANGE LLC	2025-12-17	edgar/data/876661/0000876661-25-000982.txt
25-NSE	885740	SAPIENS INTERNATIONAL CORP N V	2025-12-17	edgar/data/885740/0001354457-25-001277.txt
15-12G	1364885	Spirit AeroSystems Holdings, Inc.	2025-12-18	edgar/data/1364885/0001193125-25-324804.txt
15-12G	1865602	Cantor Equity Partners, Inc.	2025-12-18	edgar/data/1865602/0001213900-25-123263.txt
15-15D	1839893	Santander Drive Auto Receivables Trust 2021-1	2025-12-18	edgar/data/1839893/0001193125-25-324336.txt
25-NSE	1100663	iSHARES TRUST	2025-12-18	edgar/data/1100663/0001143362-25-000467.txt
25-NSE	1143362	NYSE ARCA, INC.	2025-12-18	edgar/data/1143362/0001143362-25-000467.txt
25-NSE	1167583	BP CAPITAL MARKETS AMERICA INC	2025-12-18	edgar/data/1167583/0000876661-25-000991.txt
25-NSE	1167583	BP CAPITAL MARKETS AMERICA INC	2025-12-18	edgar/data/1167583/0000876661-25-000996.txt
25-NSE	1354457	Nasdaq Stock Market LLC	2025-12-18	edgar/data/1354457/0001354457-25-001285.txt
25-NSE	1627425	SCE Trust IV	2025-12-18	edgar/data/1627425/0000876661-25-000989.txt
25-NSE	1705873	Berry Corp (bry)	2025-12-18	edgar/data/1705873/0001354457-25-001285.txt
25-NSE	313807	BP PLC	2025-12-18	edgar/data/313807/0000876661-25-000994.txt
25-NSE	876661	NEW YORK STOCK EXCHANGE LLC	2025-12-18	edgar/data/876661/0000876661-25-000987.txt
25-NSE	876661	NEW YORK STOCK EXCHANGE LLC	2025-12-18	edgar/data/876661/0000876661-25-000989.txt
25-NSE	876661	NEW YORK STOCK EXCHANGE LLC	2025-12-18	edgar/data/876661/0000876661-25-000991.txt
25-NSE	876661	NEW YORK STOCK EXCHANGE LLC	2025-12-18	edgar/data/876661/0000876661-25-000994.txt
25-NSE	876661	NEW YORK STOCK EXCHANGE LLC	2025-12-18	edgar/data/876661/0000876661-25-000996.txt
25-NSE	92103	SOUTHERN CALIFORNIA EDISON Co	2025-12-18	edgar/data/92103/0000876661-25-000987.txt
15-12G	1392972	PROS Holdings, Inc.	2025-12-19	edgar/data/1392972/0001193125-25-325857.txt
15-12G	1501756	Adverum Biotechnologies, Inc.	2025-12-19	edgar/data/1501756/0001193125-25-326766.txt
15-12G	1744659	Akero Therapeutics, Inc.	2025-12-19	edgar/data/1744659/0001140361-25-046189.txt
15-12G	894329	DISCOVER CARD MASTER TRUST I	2025-12-19	edgar/data/894329/0001193125-25-326508.txt
15-12G	95552	SUPERIOR INDUSTRIES INTERNATIONAL INC	2025-12-19	edgar/data/95552/0001140361-25-046196.txt
25	1414040	ALPS ETF Trust	2025-12-19	edgar/data/1414040/0001398344-25-022719.txt
25	1414040	ALPS ETF Trust	2025-12-19	edgar/data/1414040/0001398344-25-022722.txt
25	1414040	ALPS ETF Trust	2025-12-19	edgar/data/1414040/0001398344-25-022724.txt
25	1414040	ALPS ETF Trust	2025-12-19	edgar/data/1414040/0001398344-25-022726.txt
25-NSE	1354457	Nasdaq Stock Market LLC	2025-12-19	edgar/data/1354457/0001354457-25-001288.txt
25-NSE	1605607	Paramount Group, Inc.	2025-12-19	edgar/data/1605607/0000876661-25-000998.txt
25-NSE	1819574	Bark, Inc.	2025-12-19	edgar/data/1819574/0000876661-25-001000.txt
25-NSE	1823794	ARKO Corp.	2025-12-19	edgar/data/1823794/0001354457-25-001288.txt
25-NSE	876661	NEW YORK STOCK EXCHANGE LLC	2025-12-19	edgar/data/876661/0000876661-25-000998.txt
25-NSE	876661	NEW YORK STOCK EXCHANGE LLC	2025-12-19	edgar/data/876661/0000876661-25-001000.txt
15-12G	1050825	STEELCASE INC	2025-12-22	edgar/data/1050825/0001193125-25-327599.txt
15-12G	1066605	HEIDRICK & STRUGGLES INTERNATIONAL INC	2025-12-22	edgar/data/1066605/0001193125-25-328707.txt
15-12G	1276531	SCIENTIFIC ENERGY, INC	2025-12-22	edgar/data/1276531/0001276531-25-000012.txt
15-12G	1954705	Fuxing China Group Ltd	2025-12-22	edgar/data/1954705/0001929980-25-000786.txt
15-12G	2056263	Columbus Circle Capital Corp. I	2025-12-22	edgar/data/2056263/0001213900-25-124163.txt
15-12G	55067	KELLANOVA	2025-12-22	edgar/data/55067/0001193125-25-327851.txt
15-12G	800240	ODP Corp	2025-12-22	edgar/data/800240/0000899140-25-001452.txt
15-15D	8947	AZZ INC	2025-12-22	edgar/data/8947/0000008947-25-000201.txt
15F-12G	2048914	Geely Automobile Holdings Ltd	2025-12-22	edgar/data/2048914/0001104659-25-123531.txt
25	1000045	OLD MARKET CAPITAL Corp	2025-12-22	edgar/data/1000045/0001437749-25-038479.txt
25	1564538	GRANITE REAL ESTATE INVESTMENT TRUST	2025-12-22	edgar/data/1564538/0001193125-25-327459.txt
25	1811414	QuantumScape Corp	2025-12-22	edgar/data/1811414/0001193125-25-328830.txt
25	1954705	Fuxing China Group Ltd	2025-12-22	edgar/data/1954705/0001929980-25-000785.txt
25	890066	GLEN BURNIE BANCORP	2025-12-22	edgar/data/890066/0001552781-25-000467.txt
25-NSE	1219601	CROWN HOLDINGS, INC.	2025-12-22	edgar/data/1219601/0000876661-25-001002.txt
25-NSE	1354457	Nasdaq Stock Market LLC	2025-12-22	edgar/data/1354457/0001354457-25-001291.txt
25-NSE	1924868	Tidal Trust II	2025-12-22	edgar/data/1924868/0001354457-25-001291.txt
25-NSE	1954042	ZEEKR Intelligent Technology Holding Ltd	2025-12-22	edgar/data/1954042/0000876661-25-001004.txt
25-NSE	876661	NEW YORK STOCK EXCHANGE LLC	2025-12-22	edgar/data/876661/0000876661-25-001002.txt
25-NSE	876661	NEW YORK STOCK EXCHANGE LLC	2025-12-22	edgar/data/876661/0000876661-25-001004.txt
15-12G	1664740	MBC FUNDING II CORP.	2025-12-23	edgar/data/1664740/0001493152-25-029055.txt
15-12G	847942	STRATEGIC ACQUISITIONS INC /NV/	2025-12-23	edgar/data/847942/0001493152-25-029016.txt
15-15D	1878122	Mercedes-Benz Auto Receivables Trust 2021-1	2025-12-23	edgar/data/1878122/0001140361-25-046479.txt
15-15D	1974300	Mercedes-Benz Auto Lease Trust 2023-A	2025-12-23	edgar/data/1974300/0001140361-25-046481.txt
25-NSE	1100663	iSHARES TRUST	2025-12-23	edgar/data/1100663/0001417835-25-000291.txt
25-NSE	1354457	Nasdaq Stock Market LLC	2025-12-23	edgar/data/1354457/0001354457-25-001293.txt
25-NSE	1354457	Nasdaq Stock Market LLC	2025-12-23	edgar/data/1354457/0001354457-25-001294.txt
25-NSE	1417835	Cboe BZX Exchange, Inc.	2025-12-23	edgar/data/1417835/0001417835-25-000289.txt
25-NSE	1417835	Cboe BZX Exchange, Inc.	2025-12-23	edgar/data/1417835/0001417835-25-000291.txt
25-NSE	1417835	Cboe BZX Exchange, Inc.	2025-12-23	edgar/data/1417835/0001417835-25-000293.txt
25-NSE	1722388	Tidal Trust III	2025-12-23	edgar/data/1722388/0001417835-25-000289.txt
25-NSE	1796383	Siren ETF Trust	2025-12-23	edgar/data/1796383/0001417835-25-000293.txt
25-NSE	1842718	INTEGRAL AD SCIENCE HOLDING CORP.	2025-12-23	edgar/data/1842718/0001354457-25-001293.txt
25-NSE	1924868	Tidal Trust II	2025-12-23	edgar/data/1924868/0001354457-25-001294.txt
15-12G	1220754	ModivCare Inc	2025-12-29	edgar/data/1220754/0001437749-25-038832.txt
15-12G	1417892	Emeren Group Ltd	2025-12-29	edgar/data/1417892/0001104659-25-124526.txt
15-12G	1485003	Carisma Therapeutics Inc.	2025-12-29	edgar/data/1485003/0001104659-25-124513.txt
15-12G	1528129	Vital Energy, Inc.	2025-12-29	edgar/data/1528129/0001628280-25-058879.txt
15-12G	1605607	Paramount Group, Inc.	2025-12-29	edgar/data/1605607/0001193125-25-335295.txt
15-12G	1696355	Bright Scholar Education Holdings Ltd	2025-12-29	edgar/data/1696355/0001213900-25-125577.txt
15-12G	66756	ALLETE INC	2025-12-29	edgar/data/66756/0001140361-25-046705.txt
15-15D	1869889	Hyundai Auto Receivables Trust 2021-B	2025-12-29	edgar/data/1869889/0001104659-25-124760.txt
25	1591939	Absolute Shares Trust	2025-12-29	edgar/data/1591939/0000894189-25-019177.txt
25	1814287	Abacus Global Management, Inc.	2025-12-29	edgar/data/1814287/0001628280-25-059005.txt
25-NSE	1041792	ENERGY CO OF PARANA	2025-12-29	edgar/data/1041792/0000876661-25-001018.txt
25-NSE	1119639	PETROBRAS - PETROLEO BRASILEIRO SA	2025-12-29	edgar/data/1119639/0000876661-25-001012.txt
25-NSE	1143313	NYSE AMERICAN LLC	2025-12-29	edgar/data/1143313/0001143313-25-000103.txt
25-NSE	1143362	NYSE ARCA, INC.	2025-12-29	edgar/data/1143362/0001143362-25-000474.txt
25-NSE	1354457	Nasdaq Stock Market LLC	2025-12-29	edgar/data/1354457/0001354457-25-001295.txt
25-NSE	1439124	BRAZILIAN ELECTRIC POWER CO	2025-12-29	edgar/data/1439124/0000876661-25-001021.txt
25-NSE	1557157	Petrobras Global Finance B.V.	2025-12-29	edgar/data/1557157/0000876661-25-001009.txt
25-NSE	1688568	DXC Technology Co	2025-12-29	edgar/data/1688568/0000876661-25-001014.txt
25-NSE	1754836	Eagle Point Income Co Inc.	2025-12-29	edgar/data/1754836/0000876661-25-001023.txt
25-NSE	1807486	Alger ETF Trust	2025-12-29	edgar/data/1807486/0001143362-25-000474.txt
25-NSE	1819989	Cipher Mining Inc.	2025-12-29	edgar/data/1819989/0001354457-25-001295.txt
25-NSE	1902314	M-tron Industries, Inc.	2025-12-29	edgar/data/1902314/0001143313-25-000103.txt
25-NSE	876661	NEW YORK STOCK EXCHANGE LLC	2025-12-29	edgar/data/876661/0000876661-25-001009.txt
25-NSE	876661	NEW YORK STOCK EXCHANGE LLC	2025-12-29	edgar/data/876661/0000876661-25-001012.txt
25-NSE	876661	NEW YORK STOCK EXCHANGE LLC	2025-12-29	edgar/data/876661/0000876661-25-001014.txt
25-NSE	876661	NEW YORK STOCK EXCHANGE LLC	2025-12-29	edgar/data/876661/0000876661-25-001018.txt
25-NSE	876661	NEW YORK STOCK EXCHANGE LLC	2025-12-29	edgar/data/876661/0000876661-25-001021.txt
25-NSE	876661	NEW YORK STOCK EXCHANGE LLC	2025-12-29	edgar/data/876661/0000876661-25-001023.txt
15-12G	1403708	Evoke Pharma Inc	2025-12-30	edgar/data/1403708/0001193125-25-336315.txt
15-15D	1612518	Citigroup Commercial Mortgage Trust 2014-GC23	2025-12-30	edgar/data/1612518/0001193125-25-336252.txt
15-15D	1629716	Citigroup Commercial Mortgage Trust 2015-GC27	2025-12-30	edgar/data/1629716/0001193125-25-336216.txt
15-15D	1648439	Citigroup Commercial Mortgage Trust 2015-P1	2025-12-30	edgar/data/1648439/0001193125-25-336277.txt
15-15D	1882961	GM Financial Consumer Automobile Receivables Trust 2021-4	2025-12-30	edgar/data/1882961/0001213900-25-126329.txt
25-NSE	1354457	Nasdaq Stock Market LLC	2025-12-30	edgar/data/1354457/0001354457-25-001298.txt
25-NSE	1354457	Nasdaq Stock Market LLC	2025-12-30	edgar/data/1354457/0001354457-25-001301.txt
25-NSE	1822791	Clene Inc.	2025-12-30	edgar/data/1822791/0001354457-25-001298.txt
25-NSE	2076192	Westin Acquisition Corp	2025-12-30	edgar/data/2076192/0001354457-25-001301.txt
15-12G	1485074	Freeze Tag, Inc.	2025-12-31	edgar/data/1485074/0001477932-25-009274.txt
15-12G	1708176	Hall of Fame Resort & Entertainment Co	2025-12-31	edgar/data/1708176/0001140361-25-047095.txt
15-12G	1761510	TILT Holdings Inc.	2025-12-31	edgar/data/1761510/0001104659-25-125663.txt
15-12G	1840904	Atai Beckley N.V.	2025-12-31	edgar/data/1840904/0001140361-25-046932.txt
15-15D	1543042	COMM 2012-LC4 Mortgage Trust	2025-12-31	edgar/data/1543042/0001020242-25-000169.txt
15-15D	1589804	COMM 2013-CCRE13 Mortgage Trust	2025-12-31	edgar/data/1589804/0001020242-25-000170.txt
25	1860434	Harbor ETF Trust	2025-12-31	edgar/data/1860434/0001193125-25-337830.txt
25-NSE	1143313	NYSE AMERICAN LLC	2025-12-31	edgar/data/1143313/0001143313-25-000105.txt
25-NSE	1298946	DiamondRock Hospitality Co	2025-12-31	edgar/data/1298946/0000876661-25-001025.txt
25-NSE	1417835	Cboe BZX Exchange, Inc.	2025-12-31	edgar/data/1417835/0001417835-25-000301.txt
25-NSE	1701051	WideOpenWest, Inc.	2025-12-31	edgar/data/1701051/0000876661-25-001028.txt
25-NSE	1919700	Touchstone ETF Trust	2025-12-31	edgar/data/1919700/0001417835-25-000301.txt
25-NSE	61004	LGL GROUP INC	2025-12-31	edgar/data/61004/0001143313-25-000105.txt
25-NSE	876661	NEW YORK STOCK EXCHANGE LLC	2025-12-31	edgar/data/876661/0000876661-25-001025.txt
25-NSE	876661	NEW YORK STOCK EXCHANGE LLC	2025-12-31	edgar/data/876661/0000876661-25-001028.txt
15-12G	1463361	Unity Biotechnology, Inc.	2026-01-02	edgar/data/1463361/0001193125-26-000373.txt
15-12G	1552800	TILE SHOP HOLDINGS, INC.	2026-01-02	edgar/data/1552800/0001140361-26-000152.txt
15-12G	1842718	INTEGRAL AD SCIENCE HOLDING CORP.	2026-01-02	edgar/data/1842718/0001140361-26-000141.txt
15-12G	1954042	ZEEKR Intelligent Technology Holding Ltd	2026-01-02	edgar/data/1954042/0001104659-26-000029.txt
15-12G	885740	SAPIENS INTERNATIONAL CORP N V	2026-01-02	edgar/data/885740/0001213900-25-127165.txt
25	1833141	CYBIN INC.	2026-01-02	edgar/data/1833141/0001062993-26-000002.txt
25-NSE	1143362	NYSE ARCA, INC.	2026-01-02	edgar/data/1143362/0001143362-26-000002.txt
25-NSE	1303942	BankFinancial CORP	2026-01-02	edgar/data/1303942/0001354457-26-000002.txt
25-NSE	1354457	Nasdaq Stock Market LLC	2026-01-02	edgar/data/1354457/0001354457-26-000002.txt
25-NSE	18349	SYNOVUS FINANCIAL CORP	2026-01-02	edgar/data/18349/0000876661-26-000005.txt
25-NSE	1848758	NEOS ETF Trust	2026-01-02	edgar/data/1848758/0001143362-26-000002.txt
25-NSE	720005	RAYMOND JAMES FINANCIAL INC	2026-01-02	edgar/data/720005/0000876661-26-000003.txt
25-NSE	876661	NEW YORK STOCK EXCHANGE LLC	2026-01-02	edgar/data/876661/0000876661-26-000003.txt
25-NSE	876661	NEW YORK STOCK EXCHANGE LLC	2026-01-02	edgar/data/876661/0000876661-26-000005.txt
15F-12B	1564538	GRANITE REAL ESTATE INVESTMENT TRUST	2026-01-05	edgar/data/1564538/0001193125-26-002170.txt
25-NSE	1475260	CENOVUS ENERGY INC.	2026-01-05	edgar/data/1475260/0000876661-26-000008.txt
25-NSE	876661	NEW YORK STOCK EXCHANGE LLC	2026-01-05	edgar/data/876661/0000876661-26-000008.txt
15-12G	1705873	Berry Corp (bry)	2026-01-06	edgar/data/1705873/0001609253-26-000007.txt
15-15D	2043020	Evolution Metals LLC	2026-01-06	edgar/data/2043020/0001213900-26-001487.txt
15-15D	2043022	Handa Lab Co., Ltd.	2026-01-06	edgar/data/2043022/0001213900-26-001488.txt
15-15D	2043030	KCM Industry Co., Ltd.	2026-01-06	edgar/data/2043030/0001213900-26-001495.txt
15-15D	2043033	KMMI Inc.	2026-01-06	edgar/data/2043033/0001213900-26-001490.txt
15-15D	2043041	NS World Co., Ltd.	2026-01-06	edgar/data/2043041/0001213900-26-001496.txt
25-NSE	1354457	Nasdaq Stock Market LLC	2026-01-06	edgar/data/1354457/0001354457-26-000008.txt
25-NSE	1354457	Nasdaq Stock Market LLC	2026-01-06	edgar/data/1354457/0001354457-26-000010.txt
25-NSE	1354457	Nasdaq Stock Market LLC	2026-01-06	edgar/data/1354457/0001354457-26-000012.txt
25-NSE	1442836	Mersana Therapeutics, Inc.	2026-01-06	edgar/data/1442836/0001354457-26-000008.txt
25-NSE	1809122	CureVac N.V.	2026-01-06	edgar/data/1809122/0001354457-26-000010.txt
25-NSE	2076192	Westin Acquisition Corp	2026-01-06	edgar/data/2076192/0001354457-26-000012.txt
15-12G	1539029	Clearside Biomedical, Inc.	2026-01-07	edgar/data/1539029/0001193125-26-005412.txt
15-15D	1801738	Carvana Auto Receivables Trust 2020-P1	2026-01-07	edgar/data/1801738/0001801738-26-000003.txt
25-NSE	1354457	Nasdaq Stock Market LLC	2026-01-07	edgar/data/1354457/0001354457-26-000017.txt
25-NSE	1610618	Cidara Therapeutics, Inc.	2026-01-07	edgar/data/1610618/0001354457-26-000017.txt
25-NSE	1658566	Permian Resources Corp	2026-01-07	edgar/data/1658566/0000876661-26-000011.txt
25-NSE	876661	NEW YORK STOCK EXCHANGE LLC	2026-01-07	edgar/data/876661/0000876661-26-000011.txt
15-12G	772263	NITCHES INC	2026-01-08	edgar/data/772263/0000772263-26-000002.txt
15-15D	1900656	Ford Credit Auto Owner Trust 2022-A	2026-01-08	edgar/data/1900656/0001900656-26-000003.txt
15-15D	1991884	BMW Vehicle Lease Trust 2023-2	2026-01-08	edgar/data/1991884/0000929638-26-000087.txt
25	1406468	Telefonica Emisiones, S.A.U.	2026-01-08	edgar/data/1406468/0001193125-26-006931.txt
25	814052	TELEFONICA S A	2026-01-08	edgar/data/814052/0001193125-26-006936.txt
25	814052	TELEFONICA S A	2026-01-08	edgar/data/814052/0001193125-26-007168.txt
25-NSE	1015820	QIAGEN N.V.	2026-01-08	edgar/data/1015820/0000876661-26-000016.txt
25-NSE	1354457	Nasdaq Stock Market LLC	2026-01-08	edgar/data/1354457/0001354457-26-000021.txt
25-NSE	1354457	Nasdaq Stock Market LLC	2026-01-08	edgar/data/1354457/0001354457-26-000023.txt
25-NSE	1499961	BOLLINGER INNOVATIONS, INC.	2026-01-08	edgar/data/1499961/0001354457-26-000021.txt
25-NSE	1655589	Franklin Templeton ETF Trust	2026-01-08	edgar/data/1655589/0001354457-26-000023.txt
25-NSE	1783398	UWM Holdings Corp	2026-01-08	edgar/data/1783398/0000876661-26-000013.txt
25-NSE	876661	NEW YORK STOCK EXCHANGE LLC	2026-01-08	edgar/data/876661/0000876661-26-000013.txt
25-NSE	876661	NEW YORK STOCK EXCHANGE LLC	2026-01-08	edgar/data/876661/0000876661-26-000016.txt
15-12G	1651311	Merus N.V.	2026-01-09	edgar/data/1651311/0001193125-26-008212.txt
15-12G	1902314	M-tron Industries, Inc.	2026-01-09	edgar/data/1902314/0001437749-26-001009.txt
15-15D	1655153	CSAIL 2015-C4 Commercial Mortgage Trust	2026-01-09	edgar/data/1655153/0001888524-26-000126.txt
15-15D	1659329	WELLS FARGO COMMERCIAL MORTGAGE TRUST 2015-P2	2026-01-09	edgar/data/1659329/0001888524-26-000124.txt
25-NSE	1045609	Prologis, Inc.	2026-01-09	edgar/data/1045609/0000876661-26-000024.txt
25-NSE	1045610	Prologis, L.P.	2026-01-09	edgar/data/1045610/0000876661-26-000022.txt
25-NSE	1354457	Nasdaq Stock Market LLC	2026-01-09	edgar/data/1354457/0001354457-26-000031.txt
25-NSE	1398987	Anywhere Real Estate Inc.	2026-01-09	edgar/data/1398987/0000876661-26-000018.txt
25-NSE	1424212	FIRST TRUST EXCHANGE-TRADED FUND III	2026-01-09	edgar/data/1424212/0001354457-26-000031.txt
25-NSE	1593222	City Office REIT, Inc.	2026-01-09	edgar/data/1593222/0000876661-26-000027.txt
25-NSE	1593222	City Office REIT, Inc.	2026-01-09	edgar/data/1593222/0000876661-26-000029.txt
25-NSE	1944057	Cool Co Ltd.	2026-01-09	edgar/data/1944057/0000876661-26-000020.txt
25-NSE	876661	NEW YORK STOCK EXCHANGE LLC	2026-01-09	edgar/data/876661/0000876661-26-000018.txt
25-NSE	876661	NEW YORK STOCK EXCHANGE LLC	2026-01-09	edgar/data/876661/0000876661-26-000020.txt
25-NSE	876661	NEW YORK STOCK EXCHANGE LLC	2026-01-09	edgar/data/876661/0000876661-26-000022.txt
25-NSE	876661	NEW YORK STOCK EXCHANGE LLC	2026-01-09	edgar/data/876661/0000876661-26-000024.txt
25-NSE	876661	NEW YORK STOCK EXCHANGE LLC	2026-01-09	edgar/data/876661/0000876661-26-000027.txt
25-NSE	876661	NEW YORK STOCK EXCHANGE LLC	2026-01-09	edgar/data/876661/0000876661-26-000029.txt
15-12G	1115055	PINNACLE FINANCIAL PARTNERS INC	2026-01-12	edgar/data/1115055/0001140361-26-000923.txt
15-12G	1303942	BankFinancial CORP	2026-01-12	edgar/data/1303942/0001437749-26-001100.txt
15-12G	1537561	Arch Therapeutics, Inc.	2026-01-12	edgar/data/1537561/0001537561-26-000002.txt
15-12G	1624517	Frequency Holdings, Inc	2026-01-12	edgar/data/1624517/0001829126-26-000250.txt
15-12G	18349	SYNOVUS FINANCIAL CORP	2026-01-12	edgar/data/18349/0001140361-26-000920.txt
15-15D	1115055	PINNACLE FINANCIAL PARTNERS INC	2026-01-12	edgar/data/1115055/0001140361-26-000924.txt
15-15D	18349	SYNOVUS FINANCIAL CORP	2026-01-12	edgar/data/18349/0001140361-26-000921.txt
15-15D	18349	SYNOVUS FINANCIAL CORP	2026-01-12	edgar/data/18349/0001140361-26-000922.txt
15F-12B	1834048	Sendas Distributor S.A.	2026-01-12	edgar/data/1834048/0001292814-26-000076.txt
25-NSE	312069	BARCLAYS PLC	2026-01-12	edgar/data/312069/0000876661-26-000036.txt
25-NSE	876661	NEW YORK STOCK EXCHANGE LLC	2026-01-12	edgar/data/876661/0000876661-26-000036.txt
25-NSE	876661	NEW YORK STOCK EXCHANGE LLC	2026-01-12	edgar/data/876661/0000876661-26-000038.txt
25-NSE	876661	NEW YORK STOCK EXCHANGE LLC	2026-01-12	edgar/data/876661/0000876661-26-000040.txt
25-NSE	885731	NUVEEN NEW YORK SELECT TAX -FREE INCOME PORTFOLIO	2026-01-12	edgar/data/885731/0000876661-26-000038.txt
25-NSE	885732	NUVEEN CALIFORNIA SELECT TAX FREE INCOME PORTFOLIO	2026-01-12	edgar/data/885732/0000876661-26-000040.txt
15-12G	890066	GLEN BURNIE BANCORP	2026-01-13	edgar/data/890066/0001552781-26-000011.txt
25	1742912	Tidal Trust I	2026-01-13	edgar/data/1742912/0001999371-26-000724.txt
25	1742912	Tidal Trust I	2026-01-13	edgar/data/1742912/0001999371-26-000728.txt
15-12G	1701051	WideOpenWest, Inc.	2026-01-14	edgar/data/1701051/0001104659-26-003475.txt
25-NSE	1348362	Lexaria Bioscience Corp.	2026-01-14	edgar/data/1348362/0001354457-26-000039.txt
25-NSE	1354457	Nasdaq Stock Market LLC	2026-01-14	edgar/data/1354457/0001354457-26-000039.txt
25-NSE	1398453	Xinyuan Real Estate Co., Ltd.	2026-01-14	edgar/data/1398453/0000876661-26-000044.txt
25-NSE	876661	NEW YORK STOCK EXCHANGE LLC	2026-01-14	edgar/data/876661/0000876661-26-000044.txt
25-NSE	1159167	IROBOT CORP	2026-01-15	edgar/data/1159167/0001354457-26-000045.txt
25-NSE	1354457	Nasdaq Stock Market LLC	2026-01-15	edgar/data/1354457/0001354457-26-000043.txt
25-NSE	1354457	Nasdaq Stock Market LLC	2026-01-15	edgar/data/1354457/0001354457-26-000044.txt
25-NSE	1354457	Nasdaq Stock Market LLC	2026-01-15	edgar/data/1354457/0001354457-26-000045.txt
25-NSE	1889106	ALPHATIME ACQUISITION CORP	2026-01-15	edgar/data/1889106/0001354457-26-000044.txt
25-NSE	1944212	DT Cloud Acquisition Corp	2026-01-15	edgar/data/1944212/0001354457-26-000043.txt
25-NSE	40704	GENERAL MILLS INC	2026-01-15	edgar/data/40704/0000876661-26-000046.txt
25-NSE	876661	NEW YORK STOCK EXCHANGE LLC	2026-01-15	edgar/data/876661/0000876661-26-000046.txt
25-NSE	876661	NEW YORK STOCK EXCHANGE LLC	2026-01-15	edgar/data/876661/0000876661-26-000048.txt
25-NSE	914208	Invesco Ltd.	2026-01-15	edgar/data/914208/0000876661-26-000048.txt
15-12G	1442836	Mersana Therapeutics, Inc.	2026-01-16	edgar/data/1442836/0001104659-26-004556.txt
15-12G	1809122	CureVac N.V.	2026-01-16	edgar/data/1809122/0001193125-26-014663.txt
15-15D	1883955	Santander Drive Auto Receivables Trust 2021-4	2026-01-16	edgar/data/1883955/0001193125-26-014938.txt
25-NSE	1031623	GULF ISLAND FABRICATION INC	2026-01-16	edgar/data/1031623/0001354457-26-000053.txt
25-NSE	1143362	NYSE ARCA, INC.	2026-01-16	edgar/data/1143362/0001143362-26-000011.txt
25-NSE	1354457	Nasdaq Stock Market LLC	2026-01-16	edgar/data/1354457/0001354457-26-000049.txt
25-NSE	1354457	Nasdaq Stock Market LLC	2026-01-16	edgar/data/1354457/0001354457-26-000051.txt
25-NSE	1354457	Nasdaq Stock Market LLC	2026-01-16	edgar/data/1354457/0001354457-26-000052.txt
25-NSE	1354457	Nasdaq Stock Market LLC	2026-01-16	edgar/data/1354457/0001354457-26-000053.txt
25-NSE	1554859	Semler Scientific, Inc.	2026-01-16	edgar/data/1554859/0001354457-26-000049.txt
25-NSE	1667919	FIRST TRUST EXCHANGE-TRADED FUND VIII	2026-01-16	edgar/data/1667919/0001143362-26-000011.txt
25-NSE	1701963	Versus Systems Inc.	2026-01-16	edgar/data/1701963/0001354457-26-000052.txt
25-NSE	852772	DENNY'S Corp	2026-01-16	edgar/data/852772/0001354457-26-000051.txt
15-12G	1398987	Anywhere Real Estate Inc.	2026-01-20	edgar/data/1398987/0001398987-26-000047.txt
15-12G	1610618	Cidara Therapeutics, Inc.	2026-01-20	edgar/data/1610618/0001193125-26-015957.txt
15-12G	1658566	Permian Resources Corp	2026-01-20	edgar/data/1658566/0001193125-26-016554.txt
15-12G	1944057	Cool Co Ltd.	2026-01-20	edgar/data/1944057/0001944057-26-000015.txt
15-15D	1642727	Morgan Stanley Bank of America Merrill Lynch Trust 2015-C23	2026-01-20	edgar/data/1642727/0001888524-26-000213.txt
15-15D	1974913	World Omni Automobile Lease Securitization Trust 2023-A	2026-01-20	edgar/data/1974913/0001104659-26-004786.txt
15F-12B	1406468	Telefonica Emisiones, S.A.U.	2026-01-20	edgar/data/1406468/0001193125-26-015970.txt
15F-12B	814052	TELEFONICA S A	2026-01-20	edgar/data/814052/0001193125-26-015973.txt
15F-15D	1122529	TELEFONICA EUROPE BV	2026-01-20	edgar/data/1122529/0001193125-26-015967.txt
25	1792829	Vasta Platform Ltd	2026-01-20	edgar/data/1792829/0000950103-26-000644.txt
25-NSE	1143362	NYSE ARCA, INC.	2026-01-20	edgar/data/1143362/0001143362-26-000015.txt
25-NSE	1354457	Nasdaq Stock Market LLC	2026-01-20	edgar/data/1354457/0001354457-26-000054.txt
25-NSE	1354457	Nasdaq Stock Market LLC	2026-01-20	edgar/data/1354457/0001354457-26-000058.txt
25-NSE	1722388	Tidal Trust III	2026-01-20	edgar/data/1722388/0001143362-26-000015.txt
25-NSE	1819395	Sonder Holdings Inc.	2026-01-20	edgar/data/1819395/0001354457-26-000058.txt
25-NSE	20520	Frontier Communications Parent, Inc.	2026-01-20	edgar/data/20520/0001354457-26-000054.txt
15-12G	1041792	ENERGY CO OF PARANA	2026-01-21	edgar/data/1041792/0001292814-26-000150.txt
15-12G	1593222	City Office REIT, Inc.	2026-01-21	edgar/data/1593222/0001193125-26-018150.txt
15-12G	1854795	INTEGRATED RAIL & RESOURCES ACQUISITION CORP	2026-01-21	edgar/data/1854795/0001213900-26-005878.txt
15-15D	1990353	Volkswagen Auto Lease Trust 2023-A	2026-01-21	edgar/data/1990353/0001104659-26-005346.txt
25-NSE	1327318	TrueCar, Inc.	2026-01-21	edgar/data/1327318/0001354457-26-000067.txt
25-NSE	1354457	Nasdaq Stock Market LLC	2026-01-21	edgar/data/1354457/0001354457-26-000060.txt
25-NSE	1354457	Nasdaq Stock Market LLC	2026-01-21	edgar/data/1354457/0001354457-26-000061.txt
25-NSE	1354457	Nasdaq Stock Market LLC	2026-01-21	edgar/data/1354457/0001354457-26-000062.txt
25-NSE	1354457	Nasdaq Stock Market LLC	2026-01-21	edgar/data/1354457/0001354457-26-000064.txt
25-NSE	1354457	Nasdaq Stock Market LLC	2026-01-21	edgar/data/1354457/0001354457-26-000067.txt
25-NSE	1744494	ADVENT TECHNOLOGIES HOLDINGS, INC.	2026-01-21	edgar/data/1744494/0001354457-26-000062.txt
25-NSE	1744494	ADVENT TECHNOLOGIES HOLDINGS, INC.	2026-01-21	edgar/data/1744494/0001354457-26-000064.txt
25-NSE	1915328	Israel Acquisitions Corp	2026-01-21	edgar/data/1915328/0001354457-26-000061.txt
25-NSE	1936255	Four Leaf Acquisition Corp	2026-01-21	edgar/data/1936255/0001354457-26-000060.txt
25-NSE	876661	NEW YORK STOCK EXCHANGE LLC	2026-01-21	edgar/data/876661/0000876661-26-000051.txt
25-NSE	97745	THERMO FISHER SCIENTIFIC INC.	2026-01-21	edgar/data/97745/0000876661-26-000051.txt
15-12G	1389122	Frontier Balanced Fund	2026-01-22	edgar/data/1389122/0001213900-26-006355.txt
15-12G	1389123	Frontier Heritage Fund	2026-01-22	edgar/data/1389123/0001213900-26-006358.txt
15-12G	1389124	Frontier Global Fund	2026-01-22	edgar/data/1389124/0001213900-26-006357.txt
15-12G	1389125	Frontier Select Fund	2026-01-22	edgar/data/1389125/0001213900-26-006361.txt
15-12G	1389128	Frontier Long/Short Commodity Fund	2026-01-22	edgar/data/1389128/0001213900-26-006359.txt
15-12G	1450720	Frontier Diversified Fund	2026-01-22	edgar/data/1450720/0001213900-26-006356.txt
15-12G	1450722	Frontier Masters Fund	2026-01-22	edgar/data/1450722/0001213900-26-006360.txt
15-12G	61004	LGL GROUP INC	2026-01-22	edgar/data/61004/0001437749-26-001762.txt
25-NSE	1354457	Nasdaq Stock Market LLC	2026-01-22	edgar/data/1354457/0001354457-26-000071.txt
25-NSE	1655589	Franklin Templeton ETF Trust	2026-01-22	edgar/data/1655589/0001354457-26-000071.txt
15-12G	1872066	MIAMI BREEZE CAR CARE INC	2026-01-23	edgar/data/1872066/0001520138-26-000040.txt
25-NSE	1022899	Protagenic Therapeutics, Inc.\new	2026-01-23	edgar/data/1022899/0001354457-26-000085.txt
25-NSE	1354457	Nasdaq Stock Market LLC	2026-01-23	edgar/data/1354457/0001354457-26-000075.txt
25-NSE	1354457	Nasdaq Stock Market LLC	2026-01-23	edgar/data/1354457/0001354457-26-000079.txt
25-NSE	1354457	Nasdaq Stock Market LLC	2026-01-23	edgar/data/1354457/0001354457-26-000080.txt
25-NSE	1354457	Nasdaq Stock Market LLC	2026-01-23	edgar/data/1354457/0001354457-26-000083.txt
25-NSE	1354457	Nasdaq Stock Market LLC	2026-01-23	edgar/data/1354457/0001354457-26-000084.txt
25-NSE	1354457	Nasdaq Stock Market LLC	2026-01-23	edgar/data/1354457/0001354457-26-000085.txt
25-NSE	1454789	Astria Therapeutics, Inc.	2026-01-23	edgar/data/1454789/0001354457-26-000075.txt
25-NSE	1758057	Luminar Technologies, Inc./DE	2026-01-23	edgar/data/1758057/0001354457-26-000083.txt
25-NSE	1883788	DIH HOLDING US, INC.	2026-01-23	edgar/data/1883788/0001354457-26-000079.txt
25-NSE	846475	ZYNEX INC	2026-01-23	edgar/data/846475/0001354457-26-000080.txt
25-NSE	868278	ProPhase Labs, Inc.	2026-01-23	edgar/data/868278/0001354457-26-000084.txt
25-NSE	876661	NEW YORK STOCK EXCHANGE LLC	2026-01-23	edgar/data/876661/0000876661-26-000058.txt
25-NSE	876661	NEW YORK STOCK EXCHANGE LLC	2026-01-23	edgar/data/876661/0000876661-26-000060.txt
25-NSE	912463	GUESS INC	2026-01-23	edgar/data/912463/0000876661-26-000060.txt
25-NSE	97745	THERMO FISHER SCIENTIFIC INC.	2026-01-23	edgar/data/97745/0000876661-26-000058.txt
15-12G	1031623	GULF ISLAND FABRICATION INC	2026-01-26	edgar/data/1031623/0001140361-26-002306.txt
15-12G	1159167	IROBOT CORP	2026-01-26	edgar/data/1159167/0001159167-26-000007.txt
15-12G	1554859	Semler Scientific, Inc.	2026-01-26	edgar/data/1554859/0000950103-26-000946.txt
15-12G	1625297	Indivior Pharmaceuticals, Inc.	2026-01-26	edgar/data/1625297/0001625297-26-000002.txt
15-12G	1634293	Exceed World, Inc.	2026-01-26	edgar/data/1634293/0001634293-26-000005.txt
15-12G	852772	DENNY'S Corp	2026-01-26	edgar/data/852772/0001193125-26-022736.txt
15-15D	1031623	GULF ISLAND FABRICATION INC	2026-01-26	edgar/data/1031623/0001140361-26-002307.txt
15-15D	1828793	Gulf Island Services, L.L.C.	2026-01-26	edgar/data/1828793/0001140361-26-002307.txt
15-15D	1828794	Gulf Island, L.L.C.	2026-01-26	edgar/data/1828794/0001140361-26-002307.txt
25-NSE	1354457	Nasdaq Stock Market LLC	2026-01-26	edgar/data/1354457/0001354457-26-000090.txt
25-NSE	1924868	Tidal Trust II	2026-01-26	edgar/data/1924868/0001354457-26-000090.txt
25-NSE	1354457	Nasdaq Stock Market LLC	2026-01-28	edgar/data/1354457/0001354457-26-000100.txt
25-NSE	1515816	Plymouth Industrial REIT, Inc.	2026-01-28	edgar/data/1515816/0000876661-26-000063.txt
25-NSE	1808158	Repare Therapeutics Inc.	2026-01-28	edgar/data/1808158/0001354457-26-000100.txt
25-NSE	876661	NEW YORK STOCK EXCHANGE LLC	2026-01-28	edgar/data/876661/0000876661-26-000063.txt
15-12G	930775	ENCISION INC	2026-01-29	edgar/data/930775/0001079973-26-000133.txt
25-NSE	1354457	Nasdaq Stock Market LLC	2026-01-29	edgar/data/1354457/0001354457-26-000112.txt
25-NSE	1354457	Nasdaq Stock Market LLC	2026-01-29	edgar/data/1354457/0001354457-26-000114.txt
25-NSE	1487428	Horizon Technology Finance Corp	2026-01-29	edgar/data/1487428/0000876661-26-000068.txt
25-NSE	1495240	GLADSTONE LAND Corp	2026-01-29	edgar/data/1495240/0001354457-26-000112.txt
25-NSE	1547580	Victory Portfolios II	2026-01-29	edgar/data/1547580/0001354457-26-000114.txt
25-NSE	1846510	Soho House & Co Inc.	2026-01-29	edgar/data/1846510/0000876661-26-000066.txt
25-NSE	876661	NEW YORK STOCK EXCHANGE LLC	2026-01-29	edgar/data/876661/0000876661-26-000066.txt
25-NSE	876661	NEW YORK STOCK EXCHANGE LLC	2026-01-29	edgar/data/876661/0000876661-26-000068.txt
15-12G	1388658	iRhythm Holdings, Inc.	2026-01-30	edgar/data/1388658/0001104659-26-008634.txt
15-12G	1792829	Vasta Platform Ltd	2026-01-30	edgar/data/1792829/0000950103-26-001349.txt
15-12G	1819794	Fusion Fuel Green PLC	2026-01-30	edgar/data/1819794/0001493152-26-004549.txt
15-12G	20520	Frontier Communications Parent, Inc.	2026-01-30	edgar/data/20520/0001193125-26-030616.txt
15-15D	1861570	AmeriCredit Automobile Receivables Trust 2021-2	2026-01-30	edgar/data/1861570/0001213900-26-009863.txt
15-15D	1886967	Toyota Auto Receivables 2021-D Owner Trust	2026-01-30	edgar/data/1886967/0000929638-26-000414.txt
15-15D	2035964	SFIDA X, Inc.	2026-01-30	edgar/data/2035964/0001493152-26-004380.txt
15F-12B	1957146	Almacenes Exito S.A.	2026-01-30	edgar/data/1957146/0001213900-26-009685.txt
25	1409269	Venus Concept Inc.	2026-01-30	edgar/data/1409269/0001140361-26-002892.txt
25	1862005	AstraZeneca Finance LLC	2026-01-30	edgar/data/1862005/0001104659-26-008613.txt
25	901832	ASTRAZENECA PLC	2026-01-30	edgar/data/901832/0001104659-26-008613.txt
25-NSE	1354457	Nasdaq Stock Market LLC	2026-01-30	edgar/data/1354457/0001354457-26-000116.txt
25-NSE	1509589	CIVITAS RESOURCES, INC.	2026-01-30	edgar/data/1509589/0000876661-26-000073.txt
25-NSE	1604174	Eagle Point Credit Co Inc.	2026-01-30	edgar/data/1604174/0000876661-26-000071.txt
25-NSE	1721947	Jamf Holding Corp.	2026-01-30	edgar/data/1721947/0001354457-26-000116.txt
25-NSE	876661	NEW YORK STOCK EXCHANGE LLC	2026-01-30	edgar/data/876661/0000876661-26-000071.txt
25-NSE	876661	NEW YORK STOCK EXCHANGE LLC	2026-01-30	edgar/data/876661/0000876661-26-000073.txt
15-12G	1327318	TrueCar, Inc.	2026-02-02	edgar/data/1327318/0001104659-26-008995.txt
15-12G	1454789	Astria Therapeutics, Inc.	2026-02-02	edgar/data/1454789/0001140361-26-003219.txt
15-12G	912463	GUESS INC	2026-02-02	edgar/data/912463/0001193125-26-033400.txt
15F-12B	1166834	SHL TELEMEDICINE LTD	2026-02-02	edgar/data/1166834/0001178913-26-000276.txt
25-NSE	1354457	Nasdaq Stock Market LLC	2026-02-02	edgar/data/1354457/0001354457-26-000121.txt
25-NSE	1417835	Cboe BZX Exchange, Inc.	2026-02-02	edgar/data/1417835/0001417835-26-000026.txt
25-NSE	1435508	First Savings Financial Group, Inc.	2026-02-02	edgar/data/1435508/0001354457-26-000121.txt
25-NSE	1687221	REV Group, Inc.	2026-02-02	edgar/data/1687221/0000876661-26-000076.txt
25-NSE	1804176	Butterfly Network, Inc.	2026-02-02	edgar/data/1804176/0000876661-26-000081.txt
25-NSE	1884021	Volatility Shares Trust	2026-02-02	edgar/data/1884021/0001417835-26-000026.txt
25-NSE	28412	COMERICA INC	2026-02-02	edgar/data/28412/0000876661-26-000079.txt
25-NSE	876661	NEW YORK STOCK EXCHANGE LLC	2026-02-02	edgar/data/876661/0000876661-26-000076.txt
25-NSE	876661	NEW YORK STOCK EXCHANGE LLC	2026-02-02	edgar/data/876661/0000876661-26-000079.txt
25-NSE	876661	NEW YORK STOCK EXCHANGE LLC	2026-02-02	edgar/data/876661/0000876661-26-000081.txt
15-12G	812152	RIDGEFIELD ACQUISITION CORP	2026-02-03	edgar/data/812152/0001104659-26-009717.txt
25-NSE	1354457	Nasdaq Stock Market LLC	2026-02-03	edgar/data/1354457/0001354457-26-000130.txt
25-NSE	1354457	Nasdaq Stock Market LLC	2026-02-03	edgar/data/1354457/0001354457-26-000133.txt
25-NSE	1697532	Applied Therapeutics, Inc.	2026-02-03	edgar/data/1697532/0001354457-26-000130.txt
25-NSE	1820566	Inspirato Inc	2026-02-03	edgar/data/1820566/0001354457-26-000133.txt
15-12G	1975218	Nabors Energy Transition Corp. II	2026-02-04	edgar/data/1975218/0001104659-26-010308.txt
15-15D	1566543	WFRBS Commercial Mortgage Trust 2013-C11	2026-02-04	edgar/data/1566543/0001888524-26-001990.txt
25-NSE	1725057	Dayforce, Inc.	2026-02-04	edgar/data/1725057/0000876661-26-000087.txt
25-NSE	876661	NEW YORK STOCK EXCHANGE LLC	2026-02-04	edgar/data/876661/0000876661-26-000087.txt
15-12G	1849670	PB Bankshares, Inc.	2026-02-05	edgar/data/1849670/0000943374-26-000056.txt
25-NSE	1417835	Cboe BZX Exchange, Inc.	2026-02-05	edgar/data/1417835/0001417835-26-000030.txt
25-NSE	1532286	Nine Energy Service, Inc.	2026-02-05	edgar/data/1532286/0000876661-26-000091.txt
25-NSE	1587982	Investment Managers Series Trust II	2026-02-05	edgar/data/1587982/0001417835-26-000030.txt
25-NSE	876661	NEW YORK STOCK EXCHANGE LLC	2026-02-05	edgar/data/876661/0000876661-26-000091.txt
15-12G	1515816	Plymouth Industrial REIT, Inc.	2026-02-06	edgar/data/1515816/0001193125-26-040255.txt
15-15D	1420368	DLT Resolution Inc.	2026-02-06	edgar/data/1420368/0001477932-26-000675.txt
15-15D	1646924	Morgan Stanley Bank of America Merrill Lynch Trust 2015-C24	2026-02-06	edgar/data/1646924/0001888524-26-002004.txt
15-15D	1655591	Morgan Stanley Bank of America Merrill Lynch Trust 2015-C26	2026-02-06	edgar/data/1655591/0001888524-26-002003.txt
25-NSE	1354457	Nasdaq Stock Market LLC	2026-02-06	edgar/data/1354457/0001354457-26-000148.txt
25-NSE	895126	EXPAND ENERGY Corp	2026-02-06	edgar/data/895126/0001354457-26-000148.txt
15-12G	1409269	Venus Concept Inc.	2026-02-09	edgar/data/1409269/0001140361-26-004292.txt
15-12G	1721947	Jamf Holding Corp.	2026-02-09	edgar/data/1721947/0001104659-26-011953.txt
15-12G	1846510	Soho House & Co Inc.	2026-02-09	edgar/data/1846510/0001140361-26-004404.txt
15-12G	2082015	Augusta SpinCo Corp	2026-02-09	edgar/data/2082015/0001193125-26-042948.txt
25-NSE	103379	V F CORP	2026-02-09	edgar/data/103379/0000876661-26-000097.txt
25-NSE	1038186	BLACKROCK MUNIHOLDINGS NEW YORK QUALITY FUND, INC.	2026-02-09	edgar/data/1038186/0000876661-26-000101.txt
25-NSE	1071899	BLACKROCK MUNIHOLDINGS QUALITY FUND II, INC.	2026-02-09	edgar/data/1071899/0000876661-26-000112.txt
25-NSE	1137390	BLACKROCK NEW YORK MUNICIPAL INCOME TRUST	2026-02-09	edgar/data/1137390/0000876661-26-000103.txt
25-NSE	1137391	BLACKROCK CALIFORNIA MUNICIPAL INCOME TRUST	2026-02-09	edgar/data/1137391/0000876661-26-000099.txt
25-NSE	1137393	BLACKROCK MUNICIPAL INCOME TRUST	2026-02-09	edgar/data/1137393/0000876661-26-000110.txt
25-NSE	1143313	NYSE AMERICAN LLC	2026-02-09	edgar/data/1143313/0001143313-26-000008.txt
25-NSE	1176194	BLACKROCK MUNICIPAL INCOME TRUST II	2026-02-09	edgar/data/1176194/0000876661-26-000106.txt
25-NSE	1181187	BLACKROCK MUNICIPAL INCOME QUALITY TRUST	2026-02-09	edgar/data/1181187/0000876661-26-000108.txt
25-NSE	1354457	Nasdaq Stock Market LLC	2026-02-09	edgar/data/1354457/0001354457-26-000149.txt
25-NSE	1354457	Nasdaq Stock Market LLC	2026-02-09	edgar/data/1354457/0001354457-26-000152.txt
25-NSE	1691421	Lemonade, Inc.	2026-02-09	edgar/data/1691421/0001143313-26-000008.txt
25-NSE	1733294	Generation Bio Co.	2026-02-09	edgar/data/1733294/0001354457-26-000149.txt
25-NSE	1812727	Reliance Global Group, Inc.	2026-02-09	edgar/data/1812727/0001354457-26-000152.txt
25-NSE	876661	NEW YORK STOCK EXCHANGE LLC	2026-02-09	edgar/data/876661/0000876661-26-000097.txt
25-NSE	876661	NEW YORK STOCK EXCHANGE LLC	2026-02-09	edgar/data/876661/0000876661-26-000099.txt
25-NSE	876661	NEW YORK STOCK EXCHANGE LLC	2026-02-09	edgar/data/876661/0000876661-26-000101.txt
25-NSE	876661	NEW YORK STOCK EXCHANGE LLC	2026-02-09	edgar/data/876661/0000876661-26-000103.txt
25-NSE	876661	NEW YORK STOCK EXCHANGE LLC	2026-02-09	edgar/data/876661/0000876661-26-000106.txt
25-NSE	876661	NEW YORK STOCK EXCHANGE LLC	2026-02-09	edgar/data/876661/0000876661-26-000108.txt
25-NSE	876661	NEW YORK STOCK EXCHANGE LLC	2026-02-09	edgar/data/876661/0000876661-26-000110.txt
25-NSE	876661	NEW YORK STOCK EXCHANGE LLC	2026-02-09	edgar/data/876661/0000876661-26-000112.txt
15-12G	1509589	CIVITAS RESOURCES, INC.	2026-02-10	edgar/data/1509589/0001104659-26-012376.txt
25-NSE	1029142	DYNAVAX TECHNOLOGIES CORP	2026-02-10	edgar/data/1029142/0001354457-26-000154.txt
25-NSE	1354457	Nasdaq Stock Market LLC	2026-02-10	edgar/data/1354457/0001354457-26-000154.txt
25-NSE	1417398	Hillenbrand, Inc.	2026-02-10	edgar/data/1417398/0000876661-26-000115.txt
25-NSE	1417835	Cboe BZX Exchange, Inc.	2026-02-10	edgar/data/1417835/0001417835-26-000034.txt
25-NSE	1479026	Goldman Sachs ETF Trust	2026-02-10	edgar/data/1479026/0001417835-26-000034.txt
25-NSE	1811063	Nuvation Bio Inc.	2026-02-10	edgar/data/1811063/0000876661-26-000118.txt
25-NSE	876661	NEW YORK STOCK EXCHANGE LLC	2026-02-10	edgar/data/876661/0000876661-26-000115.txt
25-NSE	876661	NEW YORK STOCK EXCHANGE LLC	2026-02-10	edgar/data/876661/0000876661-26-000118.txt
15-12G	1687221	REV Group, Inc.	2026-02-11	edgar/data/1687221/0001140361-26-004792.txt
15F-12B	1472619	Loncor Gold Inc.	2026-02-11	edgar/data/1472619/0001062993-26-000797.txt
25-NSE	1320695	TreeHouse Foods, Inc.	2026-02-11	edgar/data/1320695/0000876661-26-000121.txt
25-NSE	1354457	Nasdaq Stock Market LLC	2026-02-11	edgar/data/1354457/0001354457-26-000164.txt
25-NSE	1598110	CyberArk Software Ltd.	2026-02-11	edgar/data/1598110/0001354457-26-000164.txt
25-NSE	876661	NEW YORK STOCK EXCHANGE LLC	2026-02-11	edgar/data/876661/0000876661-26-000121.txt
15-12G	1338749	POTLATCHDELTIC CORP	2026-02-12	edgar/data/1338749/0001193125-26-048878.txt
15-12G	1435508	First Savings Financial Group, Inc.	2026-02-12	edgar/data/1435508/0001193125-26-048155.txt
15-12G	28412	COMERICA INC	2026-02-12	edgar/data/28412/0001193125-26-047629.txt
15-12G	28412	COMERICA INC	2026-02-12	edgar/data/28412/0001193125-26-047635.txt
15-15D	1785493	RHINO BITCOIN INC.	2026-02-12	edgar/data/1785493/0001493152-26-006387.txt
25-NSE	1012477	AVADEL PHARMACEUTICALS PLC	2026-02-12	edgar/data/1012477/0001354457-26-000172.txt
25-NSE	1301236	Sotherly Hotels Inc.	2026-02-12	edgar/data/1301236/0001354457-26-000174.txt
25-NSE	1354457	Nasdaq Stock Market LLC	2026-02-12	edgar/data/1354457/0001354457-26-000172.txt
25-NSE	1354457	Nasdaq Stock Market LLC	2026-02-12	edgar/data/1354457/0001354457-26-000174.txt
15-12G	1697532	Applied Therapeutics, Inc.	2026-02-13	edgar/data/1697532/0001193125-26-049942.txt
15-12G	1820566	Inspirato Inc	2026-02-13	edgar/data/1820566/0001820566-26-000040.txt
15-12G	768408	CYANOTECH CORP	2026-02-13	edgar/data/768408/0000947871-26-000144.txt
25	2007825	Churchill Capital Corp X/Cayman	2026-02-13	edgar/data/2007825/0001193125-26-050159.txt
25-NSE	1126956	SPIRE INC	2026-02-13	edgar/data/1126956/0000876661-26-000129.txt
25-NSE	1131554	SYNCHRONOSS TECHNOLOGIES INC	2026-02-13	edgar/data/1131554/0001354457-26-000179.txt
25-NSE	1354457	Nasdaq Stock Market LLC	2026-02-13	edgar/data/1354457/0001354457-26-000179.txt
25-NSE	1354457	Nasdaq Stock Market LLC	2026-02-13	edgar/data/1354457/0001354457-26-000183.txt
25-NSE	1354457	Nasdaq Stock Market LLC	2026-02-13	edgar/data/1354457/0001354457-26-000184.txt
25-NSE	1354457	Nasdaq Stock Market LLC	2026-02-13	edgar/data/1354457/0001354457-26-000185.txt
25-NSE	1412665	MidWestOne Financial Group, Inc.	2026-02-13	edgar/data/1412665/0001354457-26-000184.txt
25-NSE	1659166	Fortive Corp	2026-02-13	edgar/data/1659166/0000876661-26-000127.txt
25-NSE	1766526	Tectonic Financial, Inc.	2026-02-13	edgar/data/1766526/0001354457-26-000185.txt
25-NSE	2012964	AA Mission Acquisition Corp.	2026-02-13	edgar/data/2012964/0000876661-26-000125.txt
25-NSE	876661	NEW YORK STOCK EXCHANGE LLC	2026-02-13	edgar/data/876661/0000876661-26-000125.txt
25-NSE	876661	NEW YORK STOCK EXCHANGE LLC	2026-02-13	edgar/data/876661/0000876661-26-000127.txt
25-NSE	876661	NEW YORK STOCK EXCHANGE LLC	2026-02-13	edgar/data/876661/0000876661-26-000129.txt
25-NSE	917470	OLYMPIC STEEL INC	2026-02-13	edgar/data/917470/0001354457-26-000183.txt
15-12G	1725057	Dayforce, Inc.	2026-02-17	edgar/data/1725057/0001140361-26-005618.txt
15-15D	1850351	Liftoff Mobile, Inc.	2026-02-17	edgar/data/1850351/0001193125-26-054011.txt
25	1815974	Anebulo Pharmaceuticals, Inc.	2026-02-17	edgar/data/1815974/0001493152-26-007168.txt
25-NSE	1143362	NYSE ARCA, INC.	2026-02-17	edgar/data/1143362/0001143362-26-000041.txt
25-NSE	1499655	Precidian ETFs Trust	2026-02-17	edgar/data/1499655/0001143362-26-000041.txt
25-NSE	1527590	Ready Capital Corp	2026-02-17	edgar/data/1527590/0000876661-26-000132.txt
25-NSE	1556748	Aon Corp	2026-02-17	edgar/data/1556748/0000876661-26-000140.txt
25-NSE	315293	Aon plc	2026-02-17	edgar/data/315293/0000876661-26-000139.txt
25-NSE	38009	FORD MOTOR CREDIT CO LLC	2026-02-17	edgar/data/38009/0000876661-26-000134.txt
25-NSE	833444	Johnson Controls International plc	2026-02-17	edgar/data/833444/0000876661-26-000136.txt
25-NSE	876661	NEW YORK STOCK EXCHANGE LLC	2026-02-17	edgar/data/876661/0000876661-26-000132.txt
25-NSE	876661	NEW YORK STOCK EXCHANGE LLC	2026-02-17	edgar/data/876661/0000876661-26-000134.txt
25-NSE	876661	NEW YORK STOCK EXCHANGE LLC	2026-02-17	edgar/data/876661/0000876661-26-000136.txt
25-NSE	876661	NEW YORK STOCK EXCHANGE LLC	2026-02-17	edgar/data/876661/0000876661-26-000139.txt
25-NSE	876661	NEW YORK STOCK EXCHANGE LLC	2026-02-17	edgar/data/876661/0000876661-26-000140.txt
15-12G	895126	EXPAND ENERGY Corp	2026-02-18	edgar/data/895126/0001104659-26-017042.txt
25-NSE	1354457	Nasdaq Stock Market LLC	2026-02-18	edgar/data/1354457/0001354457-26-000193.txt
25-NSE	1354457	Nasdaq Stock Market LLC	2026-02-18	edgar/data/1354457/0001354457-26-000196.txt
25-NSE	1354457	Nasdaq Stock Market LLC	2026-02-18	edgar/data/1354457/0001354457-26-000197.txt
25-NSE	1518461	AmpliTech Group, Inc.	2026-02-18	edgar/data/1518461/0001354457-26-000196.txt
25-NSE	1554818	AUDDIA INC.	2026-02-18	edgar/data/1554818/0001354457-26-000197.txt
25-NSE	1578987	ArrowMark Financial Corp.	2026-02-18	edgar/data/1578987/0001354457-26-000193.txt
15-12G	1733294	Generation Bio Co.	2026-02-19	edgar/data/1733294/0001104659-26-017534.txt
15-12G	1808158	Repare Therapeutics Inc.	2026-02-19	edgar/data/1808158/0001193125-26-057875.txt
25	1051514	STRATA Skin Sciences, Inc.	2026-02-19	edgar/data/1051514/0001213900-26-018397.txt
15-12G	1029142	DYNAVAX TECHNOLOGIES CORP	2026-02-20	edgar/data/1029142/0001193125-26-060219.txt
15-12G	1417398	Hillenbrand, Inc.	2026-02-20	edgar/data/1417398/0001193125-26-060217.txt
15-15D	1922474	Ally Auto Receivables Trust 2022-1	2026-02-20	edgar/data/1922474/0001922474-26-000015.txt
25	1100663	iSHARES TRUST	2026-02-20	edgar/data/1100663/0001193125-26-061435.txt
25	1761055	BlackRock ETF Trust	2026-02-20	edgar/data/1761055/0001193125-26-061644.txt
25	1964504	Aris Mining Corp	2026-02-20	edgar/data/1964504/0001104659-26-017695.txt
15-12G	1012477	AVADEL PHARMACEUTICALS PLC	2026-02-23	edgar/data/1012477/0001104659-26-018282.txt
15-12G	1131554	SYNCHRONOSS TECHNOLOGIES INC	2026-02-23	edgar/data/1131554/0001628280-26-010392.txt
15-12G	1320695	TreeHouse Foods, Inc.	2026-02-23	edgar/data/1320695/0001320695-26-000031.txt
15-12G	1598110	CyberArk Software Ltd.	2026-02-23	edgar/data/1598110/0001104659-26-018360.txt
15-12G	917470	OLYMPIC STEEL INC	2026-02-23	edgar/data/917470/0001193125-26-063593.txt
25-NSE	1143362	NYSE ARCA, INC.	2026-02-23	edgar/data/1143362/0000876661-26-000162.txt
25-NSE	1143362	NYSE ARCA, INC.	2026-02-23	edgar/data/1143362/0001143362-26-000061.txt
25-NSE	1343793	BlackRock Long-Term Municipal Advantage Trust	2026-02-23	edgar/data/1343793/0000876661-26-000146.txt
25-NSE	1354457	Nasdaq Stock Market LLC	2026-02-23	edgar/data/1354457/0001354457-26-000209.txt
25-NSE	1378872	Invesco Exchange-Traded Fund Trust II	2026-02-23	edgar/data/1378872/0001354457-26-000209.txt
25-NSE	1593547	Advisors' Inner Circle Fund III	2026-02-23	edgar/data/1593547/0001143362-26-000061.txt
25-NSE	1666268	Morgan Stanley Finance LLC	2026-02-23	edgar/data/1666268/0000876661-26-000158.txt
25-NSE	1848758	NEOS ETF Trust	2026-02-23	edgar/data/1848758/0000876661-26-000162.txt
25-NSE	835948	BLACKROCK MUNIVEST FUND, INC.	2026-02-23	edgar/data/835948/0000876661-26-000156.txt
25-NSE	876661	NEW YORK STOCK EXCHANGE LLC	2026-02-23	edgar/data/876661/0000876661-26-000146.txt
25-NSE	876661	NEW YORK STOCK EXCHANGE LLC	2026-02-23	edgar/data/876661/0000876661-26-000148.txt
25-NSE	876661	NEW YORK STOCK EXCHANGE LLC	2026-02-23	edgar/data/876661/0000876661-26-000150.txt
25-NSE	876661	NEW YORK STOCK EXCHANGE LLC	2026-02-23	edgar/data/876661/0000876661-26-000152.txt
25-NSE	876661	NEW YORK STOCK EXCHANGE LLC	2026-02-23	edgar/data/876661/0000876661-26-000154.txt
25-NSE	876661	NEW YORK STOCK EXCHANGE LLC	2026-02-23	edgar/data/876661/0000876661-26-000156.txt
25-NSE	876661	NEW YORK STOCK EXCHANGE LLC	2026-02-23	edgar/data/876661/0000876661-26-000158.txt
25-NSE	876661	NEW YORK STOCK EXCHANGE LLC	2026-02-23	edgar/data/876661/0000876661-26-000160.txt
25-NSE	879361	BLACKROCK MUNIYIELD FUND, INC.	2026-02-23	edgar/data/879361/0000876661-26-000152.txt
25-NSE	887394	BLACKROCK MUNIYIELD QUALITY FUND II, INC.	2026-02-23	edgar/data/887394/0000876661-26-000154.txt
25-NSE	894242	BLACKROCK INVESTMENT QUALITY MUNICIPAL TRUST, INC.	2026-02-23	edgar/data/894242/0000876661-26-000150.txt
25-NSE	895421	MORGAN STANLEY	2026-02-23	edgar/data/895421/0000876661-26-000160.txt
25-NSE	897269	BLACKROCK MUNIVEST FUND II, INC.	2026-02-23	edgar/data/897269/0000876661-26-000148.txt
15-12G	1766526	Tectonic Financial, Inc.	2026-02-24	edgar/data/1766526/0001185185-26-000659.txt
25	1945711	Lavoro Ltd	2026-02-24	edgar/data/1945711/0001554855-26-000107.txt
25-NSE	1267395	ASPEN INSURANCE HOLDINGS LTD	2026-02-24	edgar/data/1267395/0000876661-26-000166.txt
25-NSE	1354457	Nasdaq Stock Market LLC	2026-02-24	edgar/data/1354457/0001354457-26-000210.txt
25-NSE	1354457	Nasdaq Stock Market LLC	2026-02-24	edgar/data/1354457/0001354457-26-000212.txt
25-NSE	318154	AMGEN INC	2026-02-24	edgar/data/318154/0001354457-26-000212.txt
25-NSE	876661	NEW YORK STOCK EXCHANGE LLC	2026-02-24	edgar/data/876661/0000876661-26-000166.txt
25-NSE	876779	MAGIC SOFTWARE ENTERPRISES LTD	2026-02-24	edgar/data/876779/0001354457-26-000210.txt
15-12G	1412665	MidWestOne Financial Group, Inc.	2026-02-25	edgar/data/1412665/0001104659-26-019631.txt
15-12G	1848437	Cartica Acquisition Corp	2026-02-25	edgar/data/1848437/0001104659-26-019640.txt
25-NSE	1143362	NYSE ARCA, INC.	2026-02-25	edgar/data/1143362/0001143362-26-000071.txt
25-NSE	1143362	NYSE ARCA, INC.	2026-02-25	edgar/data/1143362/0001143362-26-000074.txt
25-NSE	1378872	Invesco Exchange-Traded Fund Trust II	2026-02-25	edgar/data/1378872/0001143362-26-000071.txt
25-NSE	1413329	Philip Morris International Inc.	2026-02-25	edgar/data/1413329/0000876661-26-000170.txt
25-NSE	1521332	Aptiv PLC	2026-02-25	edgar/data/1521332/0000876661-26-000172.txt
25-NSE	1543198	Aptiv International Holdings (UK) LLP	2026-02-25	edgar/data/1543198/0000876661-26-000174.txt
25-NSE	1543199	Aptiv LLC	2026-02-25	edgar/data/1543199/0000876661-26-000176.txt
25-NSE	1543309	Aptiv Holdings US Ltd	2026-02-25	edgar/data/1543309/0000876661-26-000178.txt
25-NSE	1742912	Tidal Trust I	2026-02-25	edgar/data/1742912/0001143362-26-000074.txt
25-NSE	876661	NEW YORK STOCK EXCHANGE LLC	2026-02-25	edgar/data/876661/0000876661-26-000170.txt
25-NSE	876661	NEW YORK STOCK EXCHANGE LLC	2026-02-25	edgar/data/876661/0000876661-26-000172.txt
25-NSE	876661	NEW YORK STOCK EXCHANGE LLC	2026-02-25	edgar/data/876661/0000876661-26-000174.txt
25-NSE	876661	NEW YORK STOCK EXCHANGE LLC	2026-02-25	edgar/data/876661/0000876661-26-000176.txt
25-NSE	876661	NEW YORK STOCK EXCHANGE LLC	2026-02-25	edgar/data/876661/0000876661-26-000178.txt
15-12G	47307	CRAWFORD UNITED Corp	2026-02-26	edgar/data/47307/0001437749-26-005837.txt
15-15D	1937619	Honda Auto Receivables 2022-2 Owner Trust	2026-02-26	edgar/data/1937619/0001104659-26-019963.txt
25-NSE	1143362	NYSE ARCA, INC.	2026-02-26	edgar/data/1143362/0001143362-26-000077.txt
25-NSE	1354457	Nasdaq Stock Market LLC	2026-02-26	edgar/data/1354457/0001354457-26-000220.txt
25-NSE	1576018	SiriusPoint Ltd	2026-02-26	edgar/data/1576018/0000876661-26-000181.txt
25-NSE	1610820	BriaCell Therapeutics Corp.	2026-02-26	edgar/data/1610820/0001354457-26-000220.txt
25-NSE	1860434	Harbor ETF Trust	2026-02-26	edgar/data/1860434/0001143362-26-000077.txt
25-NSE	876661	NEW YORK STOCK EXCHANGE LLC	2026-02-26	edgar/data/876661/0000876661-26-000181.txt
15-12G	1601936	Altamira Therapeutics Ltd.	2026-02-27	edgar/data/1601936/0001213900-26-021580.txt
15-12G	1843477	Spring Valley Acquisition Corp. II	2026-02-27	edgar/data/1843477/0001104659-26-021634.txt
15-12G	1870267	Redwood Enhanced Income Corp.	2026-02-27	edgar/data/1870267/0001104659-26-021453.txt
15-15D	1896310	GM Financial Consumer Automobile Receivables Trust 2022-1	2026-02-27	edgar/data/1896310/0001213900-26-021172.txt
15-15D	1984297	GM Financial Automobile Leasing Trust 2023-3	2026-02-27	edgar/data/1984297/0001213900-26-021174.txt
25-NSE	1354457	Nasdaq Stock Market LLC	2026-02-27	edgar/data/1354457/0001354457-26-000224.txt
25-NSE	1411342	Ellington Financial Inc.	2026-02-27	edgar/data/1411342/0000876661-26-000184.txt
25-NSE	1599901	Avidity Biosciences, Inc.	2026-02-27	edgar/data/1599901/0001354457-26-000224.txt
25-NSE	876661	NEW YORK STOCK EXCHANGE LLC	2026-02-27	edgar/data/876661/0000876661-26-000184.txt
15-12G	1051514	STRATA Skin Sciences, Inc.	2026-03-02	edgar/data/1051514/0001213900-26-022339.txt
15-12G	1815974	Anebulo Pharmaceuticals, Inc.	2026-03-02	edgar/data/1815974/0001493152-26-008559.txt
15-12G	2012964	AA Mission Acquisition Corp.	2026-03-02	edgar/data/2012964/0001213900-26-022172.txt
25	1841125	Bolt Projects Holdings, Inc.	2026-03-02	edgar/data/1841125/0001841125-26-000015.txt
25	1970751	Advisor Managed Portfolios	2026-03-02	edgar/data/1970751/0000894189-26-007260.txt
25-NSE	1143362	NYSE ARCA, INC.	2026-03-02	edgar/data/1143362/0001143362-26-000081.txt
25-NSE	1354457	Nasdaq Stock Market LLC	2026-03-02	edgar/data/1354457/0001354457-26-000225.txt
25-NSE	1761055	BlackRock ETF Trust	2026-03-02	edgar/data/1761055/0001143362-26-000081.txt
25-NSE	1827821	Forge Global Holdings, Inc.	2026-03-02	edgar/data/1827821/0000876661-26-000186.txt
25-NSE	804269	General Motors Financial Company, Inc.	2026-03-02	edgar/data/804269/0000876661-26-000190.txt
25-NSE	836147	MIDDLEFIELD BANC CORP	2026-03-02	edgar/data/836147/0001354457-26-000225.txt
25-NSE	844150	NatWest Group plc	2026-03-02	edgar/data/844150/0000876661-26-000188.txt
25-NSE	876661	NEW YORK STOCK EXCHANGE LLC	2026-03-02	edgar/data/876661/0000876661-26-000186.txt
25-NSE	876661	NEW YORK STOCK EXCHANGE LLC	2026-03-02	edgar/data/876661/0000876661-26-000188.txt
25-NSE	876661	NEW YORK STOCK EXCHANGE LLC	2026-03-02	edgar/data/876661/0000876661-26-000190.txt
25-NSE	1354457	Nasdaq Stock Market LLC	2026-03-03	edgar/data/1354457/0001354457-26-000226.txt
25-NSE	1413329	Philip Morris International Inc.	2026-03-03	edgar/data/1413329/0000876661-26-000196.txt
25-NSE	1673772	RAPT Therapeutics, Inc.	2026-03-03	edgar/data/1673772/0001354457-26-000226.txt
25-NSE	876661	NEW YORK STOCK EXCHANGE LLC	2026-03-03	edgar/data/876661/0000876661-26-000196.txt
15-15D	1596958	WFRBS Commercial Mortgage Trust 2014-LC14	2026-03-04	edgar/data/1596958/0001888524-26-003846.txt
15-15D	1640052	COMM 2015-CCRE23 Mortgage Trust	2026-03-04	edgar/data/1640052/0001888524-26-003864.txt
25-NSE	1354457	Nasdaq Stock Market LLC	2026-03-04	edgar/data/1354457/0001354457-26-000227.txt
25-NSE	1354457	Nasdaq Stock Market LLC	2026-03-04	edgar/data/1354457/0001354457-26-000229.txt
25-NSE	1653384	Runway Growth Finance Corp.	2026-03-04	edgar/data/1653384/0001354457-26-000229.txt
25-NSE	1851194	Ventyx Biosciences, Inc.	2026-03-04	edgar/data/1851194/0001354457-26-000227.txt
25-NSE	732717	AT&T INC.	2026-03-04	edgar/data/732717/0000876661-26-000208.txt
25-NSE	876661	NEW YORK STOCK EXCHANGE LLC	2026-03-04	edgar/data/876661/0000876661-26-000208.txt
25	1881567	Clear Street Group Inc.	2026-03-05	edgar/data/1881567/0001193125-26-092625.txt
25	723603	CULP INC	2026-03-05	edgar/data/723603/0001193125-26-094076.txt
25-NSE	1378872	Invesco Exchange-Traded Fund Trust II	2026-03-05	edgar/data/1378872/0001417835-26-000049.txt
25-NSE	1417835	Cboe BZX Exchange, Inc.	2026-03-05	edgar/data/1417835/0001417835-26-000047.txt
25-NSE	1417835	Cboe BZX Exchange, Inc.	2026-03-05	edgar/data/1417835/0001417835-26-000049.txt
25-NSE	1417835	Cboe BZX Exchange, Inc.	2026-03-05	edgar/data/1417835/0001417835-26-000051.txt
25-NSE	1418144	INVESCO ACTIVELY MANAGED EXCHANGE-TRADED FUND TRUST	2026-03-05	edgar/data/1418144/0001417835-26-000047.txt
25-NSE	1587982	Investment Managers Series Trust II	2026-03-05	edgar/data/1587982/0001417835-26-000051.txt
25-NSE	2021042	EQV Ventures Acquisition Corp.	2026-03-05	edgar/data/2021042/0000876661-26-000210.txt
25-NSE	876661	NEW YORK STOCK EXCHANGE LLC	2026-03-05	edgar/data/876661/0000876661-26-000210.txt
15-12G	1267395	ASPEN INSURANCE HOLDINGS LTD	2026-03-06	edgar/data/1267395/0001628280-26-015477.txt
15-12G	1945711	Lavoro Ltd	2026-03-06	edgar/data/1945711/0001554855-26-000204.txt
15-15D	1921318	BMW Vehicle Owner Trust 2022-A	2026-03-06	edgar/data/1921318/0000929638-26-000930.txt
25-NSE	1143362	NYSE ARCA, INC.	2026-03-06	edgar/data/1143362/0001143362-26-000087.txt
25-NSE	1545440	Ultimus Managers Trust	2026-03-06	edgar/data/1545440/0001143362-26-000087.txt
25-NSE	21665	COLGATE PALMOLIVE CO	2026-03-06	edgar/data/21665/0000876661-26-000215.txt
25-NSE	876661	NEW YORK STOCK EXCHANGE LLC	2026-03-06	edgar/data/876661/0000876661-26-000215.txt
15-12G	1599901	Avidity Biosciences, Inc.	2026-03-09	edgar/data/1599901/0001193125-26-097470.txt
15-15D	2084824	Presidio Investment Holdings LLC	2026-03-09	edgar/data/2084824/0001213900-26-024884.txt
15-15D	2101944	EQV Resources LLC	2026-03-09	edgar/data/2101944/0001213900-26-024885.txt
25	1836934	Zenvia Inc.	2026-03-09	edgar/data/1836934/0001292814-26-000729.txt
25-NSE	1034957	CRESUD INC	2026-03-09	edgar/data/1034957/0001354457-26-000237.txt
25-NSE	1089113	HSBC HOLDINGS PLC	2026-03-09	edgar/data/1089113/0000876661-26-000217.txt
25-NSE	1354457	Nasdaq Stock Market LLC	2026-03-09	edgar/data/1354457/0001354457-26-000237.txt
25-NSE	876661	NEW YORK STOCK EXCHANGE LLC	2026-03-09	edgar/data/876661/0000876661-26-000217.txt
25-NSE	1475115	Eventbrite, Inc.	2026-03-10	edgar/data/1475115/0000876661-26-000219.txt
25-NSE	876661	NEW YORK STOCK EXCHANGE LLC	2026-03-10	edgar/data/876661/0000876661-26-000219.txt
15-12G	1496454	CNL Healthcare Properties, Inc.	2026-03-11	edgar/data/1496454/0001193125-26-102254.txt
25-NSE	1354457	Nasdaq Stock Market LLC	2026-03-11	edgar/data/1354457/0001354457-26-000244.txt
25-NSE	1354457	Nasdaq Stock Market LLC	2026-03-11	edgar/data/1354457/0001354457-26-000245.txt
25-NSE	1789029	Aeva Technologies, Inc.	2026-03-11	edgar/data/1789029/0001354457-26-000245.txt
25-NSE	1816581	Ouster, Inc.	2026-03-11	edgar/data/1816581/0001354457-26-000244.txt
15-12G	1827821	Forge Global Holdings, Inc.	2026-03-12	edgar/data/1827821/0001140361-26-009227.txt
15-12G	1841125	Bolt Projects Holdings, Inc.	2026-03-12	edgar/data/1841125/0001841125-26-000025.txt
15-12G	836147	MIDDLEFIELD BANC CORP	2026-03-12	edgar/data/836147/0001437749-26-007835.txt
15-15D	1498710	Spirit Aviation Holdings, Inc.	2026-03-12	edgar/data/1498710/0000950103-26-003704.txt
15-12G	876779	MAGIC SOFTWARE ENTERPRISES LTD	2026-03-13	edgar/data/876779/0001213900-26-027576.txt
25-NSE	1354457	Nasdaq Stock Market LLC	2026-03-13	edgar/data/1354457/0001354457-26-000251.txt
25-NSE	1514743	IF Bancorp, Inc.	2026-03-13	edgar/data/1514743/0001354457-26-000251.txt
25-NSE	1545654	Alexander & Baldwin, Inc.	2026-03-13	edgar/data/1545654/0000876661-26-000229.txt
25-NSE	876661	NEW YORK STOCK EXCHANGE LLC	2026-03-13	edgar/data/876661/0000876661-26-000229.txt
15-12G	1851194	Ventyx Biosciences, Inc.	2026-03-16	edgar/data/1851194/0001193125-26-107754.txt
15-12G	1863362	Sofgen Pharma S.A.	2026-03-16	edgar/data/1863362/0001213900-26-028339.txt
15-12G	1881567	Clear Street Group Inc.	2026-03-16	edgar/data/1881567/0001193125-26-107284.txt
25	101538	UNITED STATES ANTIMONY CORP	2026-03-16	edgar/data/101538/0001104659-26-028500.txt
25-NSE	1143313	NYSE AMERICAN LLC	2026-03-16	edgar/data/1143313/0000876661-26-000231.txt
25-NSE	1354457	Nasdaq Stock Market LLC	2026-03-16	edgar/data/1354457/0001354457-26-000255.txt
25-NSE	1354457	Nasdaq Stock Market LLC	2026-03-16	edgar/data/1354457/0001354457-26-000257.txt
25-NSE	1417835	Cboe BZX Exchange, Inc.	2026-03-16	edgar/data/1417835/0001417835-26-000057.txt
25-NSE	1479026	Goldman Sachs ETF Trust	2026-03-16	edgar/data/1479026/0001417835-26-000057.txt
25-NSE	1540013	Quipt Home Medical Corp.	2026-03-16	edgar/data/1540013/0001354457-26-000255.txt
25-NSE	1852353	Dakota Gold Corp.	2026-03-16	edgar/data/1852353/0000876661-26-000231.txt
25-NSE	2028707	INFLECTION POINT ACQUISITION CORP. IV	2026-03-16	edgar/data/2028707/0001354457-26-000257.txt
25-NSE	1143313	NYSE AMERICAN LLC	2026-03-17	edgar/data/1143313/0001143313-26-000015.txt
25-NSE	1354457	Nasdaq Stock Market LLC	2026-03-17	edgar/data/1354457/0001354457-26-000262.txt
25-NSE	1627426	SCE Trust V	2026-03-17	edgar/data/1627426/0000876661-26-000236.txt
25-NSE	1627426	SCE Trust V	2026-03-17	edgar/data/1627426/0000876661-26-000237.txt
25-NSE	1699838	Confluent, Inc.	2026-03-17	edgar/data/1699838/0001354457-26-000262.txt
25-NSE	1898474	Signing Day Sports, Inc.	2026-03-17	edgar/data/1898474/0001143313-26-000015.txt
25-NSE	876661	NEW YORK STOCK EXCHANGE LLC	2026-03-17	edgar/data/876661/0000876661-26-000236.txt
25-NSE	876661	NEW YORK STOCK EXCHANGE LLC	2026-03-17	edgar/data/876661/0000876661-26-000237.txt
25-NSE	876661	NEW YORK STOCK EXCHANGE LLC	2026-03-17	edgar/data/876661/0000876661-26-000238.txt
25-NSE	92103	SOUTHERN CALIFORNIA EDISON Co	2026-03-17	edgar/data/92103/0000876661-26-000238.txt
15-12G	1673772	RAPT Therapeutics, Inc.	2026-03-18	edgar/data/1673772/0001193125-26-112753.txt
15-15D	1602813	FRONTERA GROUP INC.	2026-03-18	edgar/data/1602813/0001683168-26-001958.txt
25-NSE	1519061	Trinseo PLC	2026-03-18	edgar/data/1519061/0000876661-26-000266.txt
25-NSE	1780990	DH Europe Finance II S.a.r.l.	2026-03-18	edgar/data/1780990/0000876661-26-000271.txt
25-NSE	313616	DANAHER CORP /DE/	2026-03-18	edgar/data/313616/0000876661-26-000268.txt
25-NSE	876661	NEW YORK STOCK EXCHANGE LLC	2026-03-18	edgar/data/876661/0000876661-26-000266.txt
25-NSE	876661	NEW YORK STOCK EXCHANGE LLC	2026-03-18	edgar/data/876661/0000876661-26-000268.txt
25-NSE	876661	NEW YORK STOCK EXCHANGE LLC	2026-03-18	edgar/data/876661/0000876661-26-000271.txt
15-12G	1836934	Zenvia Inc.	2026-03-19	edgar/data/1836934/0001292814-26-001415.txt
25-NSE	1812173	Vicarious Surgical Inc.	2026-03-19	edgar/data/1812173/0000876661-26-000276.txt
25-NSE	876661	NEW YORK STOCK EXCHANGE LLC	2026-03-19	edgar/data/876661/0000876661-26-000276.txt
15-12G	1475115	Eventbrite, Inc.	2026-03-20	edgar/data/1475115/0001140361-26-010461.txt
15-12G	1915380	dMY Squared Technology Group, Inc.	2026-03-20	edgar/data/1915380/0001829126-26-002592.txt
15-12G	2021042	Presidio MidCo Inc.	2026-03-20	edgar/data/2021042/0001213900-26-032413.txt
15-15D	2088257	Horizon Quantum Computing Pte. Ltd.	2026-03-20	edgar/data/2088257/0001213900-26-032075.txt
25	1922858	ECD Automotive Design, Inc.	2026-03-20	edgar/data/1922858/0001437749-26-009200.txt
25-NSE	1143313	NYSE AMERICAN LLC	2026-03-20	edgar/data/1143313/0001143313-26-000018.txt
25-NSE	1143362	NYSE ARCA, INC.	2026-03-20	edgar/data/1143362/0001143362-26-000102.txt
25-NSE	1547576	Krane Shares Trust	2026-03-20	edgar/data/1547576/0001143362-26-000102.txt
25-NSE	39899	TEGNA INC	2026-03-20	edgar/data/39899/0000876661-26-000273.txt
25-NSE	800166	New Gold Inc. /FI	2026-03-20	edgar/data/800166/0001143313-26-000018.txt
25-NSE	876661	NEW YORK STOCK EXCHANGE LLC	2026-03-20	edgar/data/876661/0000876661-26-000273.txt
15-12G	1514743	IF Bancorp, Inc.	2026-03-23	edgar/data/1514743/0000943374-26-000139.txt
15-12G	1545654	Alexander & Baldwin, Inc.	2026-03-23	edgar/data/1545654/0001104659-26-033131.txt
25-NSE	1124140	EXACT SCIENCES CORP	2026-03-23	edgar/data/1124140/0001354457-26-000277.txt
25-NSE	1354457	Nasdaq Stock Market LLC	2026-03-23	edgar/data/1354457/0001354457-26-000277.txt
25-NSE	1160106	Lloyds Banking Group plc	2026-03-24	edgar/data/1160106/0000876661-26-000280.txt
25-NSE	1354457	Nasdaq Stock Market LLC	2026-03-24	edgar/data/1354457/0001354457-26-000283.txt
25-NSE	1354457	Nasdaq Stock Market LLC	2026-03-24	edgar/data/1354457/0001354457-26-000284.txt
25-NSE	1836875	Nuvve Holding Corp.	2026-03-24	edgar/data/1836875/0001354457-26-000283.txt
25-NSE	1936157	Elevation Series Trust	2026-03-24	edgar/data/1936157/0001354457-26-000284.txt
25-NSE	876661	NEW YORK STOCK EXCHANGE LLC	2026-03-24	edgar/data/876661/0000876661-26-000280.txt
15-15D	1660851	FireFly Automatix, Inc.	2026-03-25	edgar/data/1660851/0001493152-26-012448.txt
15-15D	1888347	Hyundai Auto Receivables Trust 2021-C	2026-03-25	edgar/data/1888347/0001104659-26-034045.txt
25-NSE	1275283	REYNOLDS AMERICAN INC	2026-03-25	edgar/data/1275283/0000876661-26-000289.txt
25-NSE	1303523	British American Tobacco p.l.c.	2026-03-25	edgar/data/1303523/0000876661-26-000292.txt
25-NSE	1354457	Nasdaq Stock Market LLC	2026-03-25	edgar/data/1354457/0001354457-26-000297.txt
25-NSE	1354457	Nasdaq Stock Market LLC	2026-03-25	edgar/data/1354457/0001354457-26-000298.txt
25-NSE	1750625	B.A.T. International Finance p.l.c.	2026-03-25	edgar/data/1750625/0000876661-26-000282.txt
25-NSE	1750721	B.A.T Capital Corp	2026-03-25	edgar/data/1750721/0000876661-26-000284.txt
25-NSE	1750736	B.A.T. Netherlands Finance B.V.	2026-03-25	edgar/data/1750736/0000876661-26-000287.txt
25-NSE	2037431	Pelican Acquisition Corp	2026-03-25	edgar/data/2037431/0001354457-26-000298.txt
25-NSE	839923	VODAFONE GROUP PUBLIC LTD CO	2026-03-25	edgar/data/839923/0001354457-26-000297.txt
25-NSE	876661	NEW YORK STOCK EXCHANGE LLC	2026-03-25	edgar/data/876661/0000876661-26-000282.txt
25-NSE	876661	NEW YORK STOCK EXCHANGE LLC	2026-03-25	edgar/data/876661/0000876661-26-000284.txt
25-NSE	876661	NEW YORK STOCK EXCHANGE LLC	2026-03-25	edgar/data/876661/0000876661-26-000287.txt
25-NSE	876661	NEW YORK STOCK EXCHANGE LLC	2026-03-25	edgar/data/876661/0000876661-26-000289.txt
25-NSE	876661	NEW YORK STOCK EXCHANGE LLC	2026-03-25	edgar/data/876661/0000876661-26-000290.txt
25-NSE	876661	NEW YORK STOCK EXCHANGE LLC	2026-03-25	edgar/data/876661/0000876661-26-000292.txt
25-NSE	891478	Banco Santander, S.A.	2026-03-25	edgar/data/891478/0000876661-26-000290.txt
15-12G	1455684	TPI COMPOSITES, INC	2026-03-26	edgar/data/1455684/0001193125-26-126250.txt
15-12G	1540013	Quipt Home Medical Corp.	2026-03-26	edgar/data/1540013/0001104659-26-035039.txt
15-12G	846475	ZYNEX INC	2026-03-26	edgar/data/846475/0001104659-26-035292.txt
15-15D	1881859	CNH Equipment Trust 2021-C	2026-03-26	edgar/data/1881859/0001104659-26-035058.txt
25-NSE	1354457	Nasdaq Stock Market LLC	2026-03-26	edgar/data/1354457/0001354457-26-000303.txt
25-NSE	1396092	World Funds Trust	2026-03-26	edgar/data/1396092/0001417835-26-000069.txt
25-NSE	1417835	Cboe BZX Exchange, Inc.	2026-03-26	edgar/data/1417835/0001417835-26-000065.txt
25-NSE	1417835	Cboe BZX Exchange, Inc.	2026-03-26	edgar/data/1417835/0001417835-26-000067.txt
25-NSE	1417835	Cboe BZX Exchange, Inc.	2026-03-26	edgar/data/1417835/0001417835-26-000069.txt
25-NSE	1587982	Investment Managers Series Trust II	2026-03-26	edgar/data/1587982/0001417835-26-000065.txt
25-NSE	1771146	ETF Opportunities Trust	2026-03-26	edgar/data/1771146/0001417835-26-000067.txt
25-NSE	2054174	Crane Harbor Acquisition Corp.	2026-03-26	edgar/data/2054174/0001354457-26-000303.txt
15-12G	14272	BRISTOL MYERS SQUIBB CO	2026-03-27	edgar/data/14272/0001140361-26-011729.txt
15-12G	1699838	Confluent, Inc.	2026-03-27	edgar/data/1699838/0000950142-26-000892.txt
15-15D	1857355	Exeter Automobile Receivables Trust 2021-2	2026-03-27	edgar/data/1857355/0000929638-26-001183.txt
15-15D	1898474	Signing Day Sports, Inc.	2026-03-27	edgar/data/1898474/0001213900-26-035050.txt
15-15D	1898474	Signing Day Sports, Inc.	2026-03-27	edgar/data/1898474/0001213900-26-035052.txt
15-15D	1898474	Signing Day Sports, Inc.	2026-03-27	edgar/data/1898474/0001213900-26-035055.txt
15-15D	1898474	Signing Day Sports, Inc.	2026-03-27	edgar/data/1898474/0001213900-26-035059.txt
15-15D	1898474	Signing Day Sports, Inc.	2026-03-27	edgar/data/1898474/0001213900-26-035061.txt
15-15D	1898474	Signing Day Sports, Inc.	2026-03-27	edgar/data/1898474/0001213900-26-035064.txt
15-15D	1898474	Signing Day Sports, Inc.	2026-03-27	edgar/data/1898474/0001213900-26-035068.txt
15-15D	1898474	Signing Day Sports, Inc.	2026-03-27	edgar/data/1898474/0001213900-26-035073.txt
15-15D	1898474	Signing Day Sports, Inc.	2026-03-27	edgar/data/1898474/0001213900-26-035078.txt
15-15D	1898474	Signing Day Sports, Inc.	2026-03-27	edgar/data/1898474/0001213900-26-035082.txt
15-15D	1898474	Signing Day Sports, Inc.	2026-03-27	edgar/data/1898474/0001213900-26-035084.txt
15-15D	1898474	Signing Day Sports, Inc.	2026-03-27	edgar/data/1898474/0001213900-26-035089.txt
15-15D	2066659	Beach Acquisition Co Parent, LLC	2026-03-27	edgar/data/2066659/0001193125-26-126691.txt
25-NSE	1143313	NYSE AMERICAN LLC	2026-03-27	edgar/data/1143313/0001143313-26-000021.txt
25-NSE	1143362	NYSE ARCA, INC.	2026-03-27	edgar/data/1143362/0001143362-26-000111.txt
25-NSE	1354457	Nasdaq Stock Market LLC	2026-03-27	edgar/data/1354457/0001354457-26-000305.txt
25-NSE	1542028	DOLLY VARDEN SILVER CORP	2026-03-27	edgar/data/1542028/0001143313-26-000021.txt
25-NSE	1592900	EA Series Trust	2026-03-27	edgar/data/1592900/0000876661-26-000294.txt
25-NSE	1592900	EA Series Trust	2026-03-27	edgar/data/1592900/0000876882-26-000006.txt
25-NSE	1722388	Tidal Trust III	2026-03-27	edgar/data/1722388/0001143362-26-000111.txt
25-NSE	1934945	Trailblazer Merger Corp I	2026-03-27	edgar/data/1934945/0001354457-26-000305.txt
25-NSE	876661	NEW YORK STOCK EXCHANGE LLC	2026-03-27	edgar/data/876661/0000876661-26-000294.txt
25-NSE	876882	NYSE TEXAS, INC.	2026-03-27	edgar/data/876882/0000876882-26-000006.txt
15-12G	1615222	Moody National REIT II, Inc.	2026-03-30	edgar/data/1615222/0001999371-26-007167.txt
15-12G	1733443	5&2 Studios, Inc.	2026-03-30	edgar/data/1733443/0001104659-26-036923.txt
15-12G	2066067	Orielle Acquisition Corp.	2026-03-30	edgar/data/2066067/0001213900-26-036217.txt
15-12G	800166	New Gold Inc. /FI	2026-03-30	edgar/data/800166/0000800166-26-000016.txt
15-15D	1922858	ECD Automotive Design, Inc.	2026-03-30	edgar/data/1922858/0001437749-26-010371.txt
25	1125259	CARNIVAL PLC	2026-03-30	edgar/data/1125259/0000950142-26-000902.txt
25-NSE	1298699	Nuveen S&P 500 BuyWrite Income Fund	2026-03-30	edgar/data/1298699/0000876661-26-000296.txt
25-NSE	1354457	Nasdaq Stock Market LLC	2026-03-30	edgar/data/1354457/0001354457-26-000307.txt
25-NSE	1464790	BRC Group Holdings, Inc.	2026-03-30	edgar/data/1464790/0001354457-26-000307.txt
25-NSE	1608742	Nuveen Dow 30sm Dynamic Overwrite Fund	2026-03-30	edgar/data/1608742/0000876661-26-000298.txt
25-NSE	876661	NEW YORK STOCK EXCHANGE LLC	2026-03-30	edgar/data/876661/0000876661-26-000296.txt
25-NSE	876661	NEW YORK STOCK EXCHANGE LLC	2026-03-30	edgar/data/876661/0000876661-26-000298.txt
15-12G	1001082	DISH Network CORP	2026-03-31	edgar/data/1001082/0001001082-26-000005.txt
15-12G	1101026	Zivo Bioscience, Inc.	2026-03-31	edgar/data/1101026/0001654954-26-002990.txt
15-12G	1729944	IMAC Holdings, Inc.	2026-03-31	edgar/data/1729944/0001493152-26-014258.txt
15-12G	1996210	BLUM HOLDINGS, INC.	2026-03-31	edgar/data/1996210/0001437749-26-010747.txt
15-15D	1042642	DISH DBS CORP	2026-03-31	edgar/data/1042642/0001042642-26-000005.txt
25-NSE	1020425	LITMAN GREGORY FUNDS TRUST	2026-03-31	edgar/data/1020425/0001143362-26-000117.txt
25-NSE	1143362	NYSE ARCA, INC.	2026-03-31	edgar/data/1143362/0001143362-26-000117.txt
25-NSE	1354457	Nasdaq Stock Market LLC	2026-03-31	edgar/data/1354457/0001354457-26-000314.txt
25-NSE	1654795	Brookfield Business Corp	2026-03-31	edgar/data/1654795/0000876661-26-000303.txt
25-NSE	1871130	Brookfield Business Holdings Corp	2026-03-31	edgar/data/1871130/0000876661-26-000304.txt
25-NSE	2025396	Vine Hill Capital Investment Corp.	2026-03-31	edgar/data/2025396/0001354457-26-000314.txt
25-NSE	876661	NEW YORK STOCK EXCHANGE LLC	2026-03-31	edgar/data/876661/0000876661-26-000303.txt
25-NSE	876661	NEW YORK STOCK EXCHANGE LLC	2026-03-31	edgar/data/876661/0000876661-26-000304.txt
25-NSE	1039765	ING GROEP NV	2026-04-01	edgar/data/1039765/0000876661-26-000310.txt
25-NSE	1110611	ON24 INC.	2026-04-01	edgar/data/1110611/0000876661-26-000313.txt
25-NSE	1137547	UNITED SECURITY BANCSHARES	2026-04-01	edgar/data/1137547/0001354457-26-000318.txt
25-NSE	1354457	Nasdaq Stock Market LLC	2026-04-01	edgar/data/1354457/0001354457-26-000315.txt
25-NSE	1354457	Nasdaq Stock Market LLC	2026-04-01	edgar/data/1354457/0001354457-26-000316.txt
25-NSE	1354457	Nasdaq Stock Market LLC	2026-04-01	edgar/data/1354457/0001354457-26-000317.txt
25-NSE	1354457	Nasdaq Stock Market LLC	2026-04-01	edgar/data/1354457/0001354457-26-000318.txt
25-NSE	1372020	Great Lakes Dredge & Dock CORP	2026-04-01	edgar/data/1372020/0001354457-26-000316.txt
25-NSE	1413837	First Foundation Inc.	2026-04-01	edgar/data/1413837/0000876661-26-000308.txt
25-NSE	1577134	Terra Income Fund 6, LLC	2026-04-01	edgar/data/1577134/0000876661-26-000315.txt
25-NSE	1846017	Blue Foundry Bancorp	2026-04-01	edgar/data/1846017/0001354457-26-000317.txt
25-NSE	1889956	OneStream, Inc.	2026-04-01	edgar/data/1889956/0001354457-26-000315.txt
25-NSE	876661	NEW YORK STOCK EXCHANGE LLC	2026-04-01	edgar/data/876661/0000876661-26-000308.txt
25-NSE	876661	NEW YORK STOCK EXCHANGE LLC	2026-04-01	edgar/data/876661/0000876661-26-000310.txt
25-NSE	876661	NEW YORK STOCK EXCHANGE LLC	2026-04-01	edgar/data/876661/0000876661-26-000313.txt
25-NSE	876661	NEW YORK STOCK EXCHANGE LLC	2026-04-01	edgar/data/876661/0000876661-26-000315.txt
15-12G	1124140	EXACT SCIENCES CORP	2026-04-02	edgar/data/1124140/0001193125-26-138856.txt
15-12G	1651944	DermTech, Inc.	2026-04-02	edgar/data/1651944/0001193125-26-138426.txt
25-NSE	1056285	BRAND HOUSE COLLECTIVE, INC.	2026-04-02	edgar/data/1056285/0001354457-26-000324.txt
25-NSE	1354457	Nasdaq Stock Market LLC	2026-04-02	edgar/data/1354457/0001354457-26-000324.txt
15-12G	1575048	ATEL 16, LLC	2026-04-03	edgar/data/1575048/0001104659-26-039606.txt
15-15D	1640982	ATEL 17, LLC	2026-04-03	edgar/data/1640982/0001104659-26-039607.txt
25-NSE	1823466	FiscalNote Holdings, Inc.	2026-04-03	edgar/data/1823466/0000876661-26-000323.txt
25-NSE	876661	NEW YORK STOCK EXCHANGE LLC	2026-04-03	edgar/data/876661/0000876661-26-000323.txt
25	1485894	J.P. Morgan Exchange-Traded Fund Trust	2026-04-06	edgar/data/1485894/0001193125-26-143079.txt
25	1485894	J.P. Morgan Exchange-Traded Fund Trust	2026-04-06	edgar/data/1485894/0001193125-26-143080.txt
25	1485894	J.P. Morgan Exchange-Traded Fund Trust	2026-04-06	edgar/data/1485894/0001193125-26-143082.txt
25	1485894	J.P. Morgan Exchange-Traded Fund Trust	2026-04-06	edgar/data/1485894/0001193125-26-143084.txt
25	1485894	J.P. Morgan Exchange-Traded Fund Trust	2026-04-06	edgar/data/1485894/0001193125-26-143088.txt
25	1485894	J.P. Morgan Exchange-Traded Fund Trust	2026-04-06	edgar/data/1485894/0001193125-26-143094.txt
25	1485894	J.P. Morgan Exchange-Traded Fund Trust	2026-04-06	edgar/data/1485894/0001193125-26-143097.txt
25	1485894	J.P. Morgan Exchange-Traded Fund Trust	2026-04-06	edgar/data/1485894/0001193125-26-143101.txt
25	1485894	J.P. Morgan Exchange-Traded Fund Trust	2026-04-06	edgar/data/1485894/0001193125-26-143106.txt
25	1485894	J.P. Morgan Exchange-Traded Fund Trust	2026-04-06	edgar/data/1485894/0001193125-26-143110.txt
25	1485894	J.P. Morgan Exchange-Traded Fund Trust	2026-04-06	edgar/data/1485894/0001193125-26-143113.txt
25	1485894	J.P. Morgan Exchange-Traded Fund Trust	2026-04-06	edgar/data/1485894/0001193125-26-143116.txt
25	1485894	J.P. Morgan Exchange-Traded Fund Trust	2026-04-06	edgar/data/1485894/0001193125-26-143119.txt
25	1485894	J.P. Morgan Exchange-Traded Fund Trust	2026-04-06	edgar/data/1485894/0001193125-26-143123.txt
25	846617	Dime Community Bancshares, Inc. /NY/	2026-04-06	edgar/data/846617/0000943374-26-000159.txt
25-NSE	1089907	SWK Holdings Corp	2026-04-06	edgar/data/1089907/0001354457-26-000325.txt
25-NSE	1354457	Nasdaq Stock Market LLC	2026-04-06	edgar/data/1354457/0001354457-26-000325.txt
25-NSE	1354457	Nasdaq Stock Market LLC	2026-04-06	edgar/data/1354457/0001354457-26-000326.txt
25-NSE	1354457	Nasdaq Stock Market LLC	2026-04-06	edgar/data/1354457/0001354457-26-000327.txt
25-NSE	1635073	Nushares ETF Trust	2026-04-06	edgar/data/1635073/0001354457-26-000326.txt
25-NSE	1754836	Eagle Point Income Co Inc.	2026-04-06	edgar/data/1754836/0000876661-26-000327.txt
25-NSE	1835654	Innoviz Technologies Ltd.	2026-04-06	edgar/data/1835654/0001354457-26-000327.txt
25-NSE	844150	NatWest Group plc	2026-04-06	edgar/data/844150/0000876661-26-000325.txt
25-NSE	876661	NEW YORK STOCK EXCHANGE LLC	2026-04-06	edgar/data/876661/0000876661-26-000325.txt
25-NSE	876661	NEW YORK STOCK EXCHANGE LLC	2026-04-06	edgar/data/876661/0000876661-26-000327.txt
15-12G	1758057	Luminar Technologies, Inc./DE	2026-04-07	edgar/data/1758057/0001140361-26-013407.txt
15-15D	1931934	Ford Credit Auto Owner Trust 2022-B	2026-04-07	edgar/data/1931934/0001931934-26-000016.txt
25-NSE	104169	Walmart Inc.	2026-04-07	edgar/data/104169/0001354457-26-000333.txt
25-NSE	1354457	Nasdaq Stock Market LLC	2026-04-07	edgar/data/1354457/0001354457-26-000329.txt
25-NSE	1354457	Nasdaq Stock Market LLC	2026-04-07	edgar/data/1354457/0001354457-26-000333.txt
25-NSE	1417835	Cboe BZX Exchange, Inc.	2026-04-07	edgar/data/1417835/0001417835-26-000082.txt
25-NSE	1521332	Aptiv PLC	2026-04-07	edgar/data/1521332/0000876661-26-000333.txt
25-NSE	1540305	ETF Series Solutions	2026-04-07	edgar/data/1540305/0001417835-26-000082.txt
25-NSE	1543199	Aptiv LLC	2026-04-07	edgar/data/1543199/0000876661-26-000332.txt
25-NSE	1909799	Aptiv Global Financing Designated Activity Co	2026-04-07	edgar/data/1909799/0000876661-26-000331.txt
25-NSE	859737	HOLOGIC INC	2026-04-07	edgar/data/859737/0001354457-26-000329.txt
25-NSE	876661	NEW YORK STOCK EXCHANGE LLC	2026-04-07	edgar/data/876661/0000876661-26-000331.txt
25-NSE	876661	NEW YORK STOCK EXCHANGE LLC	2026-04-07	edgar/data/876661/0000876661-26-000332.txt
25-NSE	876661	NEW YORK STOCK EXCHANGE LLC	2026-04-07	edgar/data/876661/0000876661-26-000333.txt
15-12G	39899	TEGNA INC	2026-04-08	edgar/data/39899/0001104659-26-040834.txt
15-15D	1621368	COMM 2014-UBS6 Mortgage Trust	2026-04-08	edgar/data/1621368/0001888524-26-006731.txt
15-15D	1841341	Carvana Auto Receivables Trust 2021-P1	2026-04-08	edgar/data/1841341/0001841341-26-000016.txt
15-15D	1905216	World Omni Auto Receivables Trust 2022-A	2026-04-08	edgar/data/1905216/0001104659-26-040636.txt
15-15D	39899	TEGNA INC	2026-04-08	edgar/data/39899/0001104659-26-040836.txt
25	1301236	Sotherly Hotels Inc.	2026-04-08	edgar/data/1301236/0001193125-26-147572.txt
25-NSE	1487712	AIR LEASE CORP	2026-04-08	edgar/data/1487712/0000876661-26-000339.txt
25-NSE	1862005	AstraZeneca Finance LLC	2026-04-08	edgar/data/1862005/0000876661-26-000341.txt
25-NSE	876661	NEW YORK STOCK EXCHANGE LLC	2026-04-08	edgar/data/876661/0000876661-26-000339.txt
25-NSE	876661	NEW YORK STOCK EXCHANGE LLC	2026-04-08	edgar/data/876661/0000876661-26-000341.txt
25-NSE	876661	NEW YORK STOCK EXCHANGE LLC	2026-04-08	edgar/data/876661/0000876661-26-000343.txt
25-NSE	901832	ASTRAZENECA PLC	2026-04-08	edgar/data/901832/0000876661-26-000343.txt
25-NSE	1012100	SEALED AIR CORP/DE	2026-04-09	edgar/data/1012100/0000876661-26-000345.txt
25-NSE	1970509	Haymaker Acquisition Corp. 4	2026-04-09	edgar/data/1970509/0000876661-26-000347.txt
25-NSE	876661	NEW YORK STOCK EXCHANGE LLC	2026-04-09	edgar/data/876661/0000876661-26-000345.txt
25-NSE	876661	NEW YORK STOCK EXCHANGE LLC	2026-04-09	edgar/data/876661/0000876661-26-000347.txt
25-NSE	1354457	Nasdaq Stock Market LLC	2026-04-10	edgar/data/1354457/0001354457-26-000336.txt
25-NSE	1354457	Nasdaq Stock Market LLC	2026-04-10	edgar/data/1354457/0001354457-26-000337.txt
25-NSE	1354457	Nasdaq Stock Market LLC	2026-04-10	edgar/data/1354457/0001354457-26-000338.txt
25-NSE	1424958	Direxion Shares ETF Trust	2026-04-10	edgar/data/1424958/0001354457-26-000337.txt
25-NSE	1884021	Volatility Shares Trust	2026-04-10	edgar/data/1884021/0001354457-26-000336.txt
25-NSE	773840	HONEYWELL INTERNATIONAL INC	2026-04-10	edgar/data/773840/0001354457-26-000338.txt
15-12G	1056285	BRAND HOUSE COLLECTIVE, INC.	2026-04-13	edgar/data/1056285/0001140361-26-014431.txt
15-12G	1110611	ON24 INC.	2026-04-13	edgar/data/1110611/0001193125-26-152887.txt
15-12G	1137547	UNITED SECURITY BANCSHARES	2026-04-13	edgar/data/1137547/0001137547-26-000018.txt
15-12G	1372020	Great Lakes Dredge & Dock CORP	2026-04-13	edgar/data/1372020/0001193125-26-152759.txt
15-12G	1413837	First Foundation Inc.	2026-04-13	edgar/data/1413837/0001552781-26-000243.txt
15-12G	1542028	DOLLY VARDEN SILVER CORP	2026-04-13	edgar/data/1542028/0001062993-26-001946.txt
15-12G	1654795	Brookfield Business Corp	2026-04-13	edgar/data/1654795/0001104659-26-042297.txt
15-12G	1846017	Blue Foundry Bancorp	2026-04-13	edgar/data/1846017/0001193125-26-152831.txt
15-12G	1871130	Brookfield Business Holdings Corp	2026-04-13	edgar/data/1871130/0001104659-26-042300.txt
15-12G	1889956	OneStream, Inc.	2026-04-13	edgar/data/1889956/0001193125-26-151965.txt
15-15D	2092707	Concrete Partners Holding, LLC	2026-04-13	edgar/data/2092707/0001104659-26-042700.txt
25-NSE	1143362	NYSE ARCA, INC.	2026-04-13	edgar/data/1143362/0001143362-26-000126.txt
25-NSE	1354457	Nasdaq Stock Market LLC	2026-04-13	edgar/data/1354457/0001354457-26-000340.txt
25-NSE	1635073	Nushares ETF Trust	2026-04-13	edgar/data/1635073/0001143362-26-000126.txt
25-NSE	1771146	ETF Opportunities Trust	2026-04-13	edgar/data/1771146/0001354457-26-000340.txt
15-12G	1970509	Haymaker Acquisition Corp. 4	2026-04-14	edgar/data/1970509/0001104659-26-043243.txt
15-15D	1687919	FORGE INNOVATION DEVELOPMENT CORP.	2026-04-14	edgar/data/1687919/0001493152-26-016435.txt
25-NSE	1354457	Nasdaq Stock Market LLC	2026-04-14	edgar/data/1354457/0001354457-26-000347.txt
25-NSE	1512931	MONROE CAPITAL Corp	2026-04-14	edgar/data/1512931/0001354457-26-000347.txt
15-12G	1338929	Authentic Holdings, Inc.	2026-04-15	edgar/data/1338929/0001477932-26-002266.txt
15-15D	1663240	Wells Fargo Commercial Mortgage Trust 2016-C32	2026-04-15	edgar/data/1663240/0001888524-26-006765.txt
15-15D	1924168	Capital One Prime Auto Receivables Trust 2022-1	2026-04-15	edgar/data/1924168/0001193125-26-157195.txt
25	1572661	Principal Exchange-Traded Funds	2026-04-15	edgar/data/1572661/0001572661-26-000019.txt
25-NSE	1417835	Cboe BZX Exchange, Inc.	2026-04-15	edgar/data/1417835/0001417835-26-000089.txt
25-NSE	1479026	Goldman Sachs ETF Trust	2026-04-15	edgar/data/1479026/0001417835-26-000089.txt
15-12G	1089907	SWK Holdings Corp	2026-04-16	edgar/data/1089907/0001552781-26-000247.txt
15-15D	1899236	CarMax Auto Owner Trust 2022-1	2026-04-16	edgar/data/1899236/0001899236-26-000018.txt
25	1829311	BITMINE IMMERSION TECHNOLOGIES, INC.	2026-04-16	edgar/data/1829311/0001493152-26-017105.txt
15-12G	859737	HOLOGIC INC	2026-04-17	edgar/data/859737/0001193125-26-160661.txt
25	1779474	WM TECHNOLOGY, INC.	2026-04-17	edgar/data/1779474/0001104659-26-044966.txt
25-NSE	1143362	NYSE ARCA, INC.	2026-04-17	edgar/data/1143362/0001143362-26-000138.txt
25-NSE	1424958	Direxion Shares ETF Trust	2026-04-17	edgar/data/1424958/0001143362-26-000138.txt
15-12G	1012100	SEALED AIR CORP/DE	2026-04-20	edgar/data/1012100/0001193125-26-162562.txt
15-12G	1737193	Aphoenity International Holdings Inc.	2026-04-20	edgar/data/1737193/0001683168-26-003070.txt
15-12G	2047036	Leoch Energy Inc	2026-04-20	edgar/data/2047036/0001193125-26-162602.txt
25	1327273	Lyra Therapeutics, Inc.	2026-04-20	edgar/data/1327273/0001193125-26-164179.txt
25-NSE	1053352	HERITAGE COMMERCE CORP	2026-04-20	edgar/data/1053352/0001354457-26-000355.txt
25-NSE	1354457	Nasdaq Stock Market LLC	2026-04-20	edgar/data/1354457/0001354457-26-000355.txt
15-12G	1301236	Sotherly Hotels Inc.	2026-04-21	edgar/data/1301236/0001193125-26-166739.txt
25-NSE	1417835	Cboe BZX Exchange, Inc.	2026-04-21	edgar/data/1417835/0001417835-26-000095.txt
25-NSE	1559109	ETFis Series Trust I	2026-04-21	edgar/data/1559109/0001417835-26-000095.txt
15-15D	2087683	CoinShares International Ltd	2026-04-22	edgar/data/2087683/0001213900-26-046697.txt
25-NSE	1354457	Nasdaq Stock Market LLC	2026-04-22	edgar/data/1354457/0001354457-26-000360.txt
25-NSE	1527590	Ready Capital Corp	2026-04-22	edgar/data/1527590/0000876661-26-000352.txt
25-NSE	876661	NEW YORK STOCK EXCHANGE LLC	2026-04-22	edgar/data/876661/0000876661-26-000352.txt
25-NSE	909108	DIAMOND HILL INVESTMENT GROUP INC	2026-04-22	edgar/data/909108/0001354457-26-000360.txt
15-12G	2025396	Odysseus (Cayman) Ltd	2026-04-23	edgar/data/2025396/0001213900-26-046722.txt
15-15D	1661589	CFCRE 2016-C3 Mortgage Trust	2026-04-23	edgar/data/1661589/0001888524-26-007252.txt
25-NSE	1354457	Nasdaq Stock Market LLC	2026-04-23	edgar/data/1354457/0001354457-26-000366.txt
25-NSE	1354457	Nasdaq Stock Market LLC	2026-04-23	edgar/data/1354457/0001354457-26-000367.txt
25-NSE	1354457	Nasdaq Stock Market LLC	2026-04-23	edgar/data/1354457/0001354457-26-000368.txt
25-NSE	1359057	Manager Directed Portfolios	2026-04-23	edgar/data/1359057/0001354457-26-000368.txt
25-NSE	1845337	Day One Biopharmaceuticals, Inc.	2026-04-23	edgar/data/1845337/0001354457-26-000366.txt
25-NSE	1924868	Tidal Trust II	2026-04-23	edgar/data/1924868/0001354457-26-000367.txt
25	1944285	Tema ETF Trust	2026-04-24	edgar/data/1944285/0001999371-26-009048.txt
25-NSE	1354457	Nasdaq Stock Market LLC	2026-04-24	edgar/data/1354457/0001354457-26-000370.txt
25-NSE	1554625	Priority Income Fund, Inc.	2026-04-24	edgar/data/1554625/0000876661-26-000357.txt
25-NSE	1759186	Coeptis Therapeutics Holdings, Inc.	2026-04-24	edgar/data/1759186/0001354457-26-000370.txt
25-NSE	864270	AMERICAN HONDA FINANCE CORP	2026-04-24	edgar/data/864270/0000876661-26-000355.txt
25-NSE	876661	NEW YORK STOCK EXCHANGE LLC	2026-04-24	edgar/data/876661/0000876661-26-000355.txt
25-NSE	876661	NEW YORK STOCK EXCHANGE LLC	2026-04-24	edgar/data/876661/0000876661-26-000357.txt
15-15D	1913196	Hyundai Auto Receivables Trust 2022-A	2026-04-27	edgar/data/1913196/0001104659-26-048981.txt
15-15D	1934741	John Deere Owner Trust 2022-B	2026-04-27	edgar/data/1934741/0001104659-26-049073.txt
25-NSE	1087786	NUVEEN NEW JERSEY QUALITY MUNICIPAL INCOME FUND	2026-04-27	edgar/data/1087786/0000876661-26-000361.txt
25-NSE	1143362	NYSE ARCA, INC.	2026-04-27	edgar/data/1143362/0001143362-26-000150.txt
25-NSE	1178879	AMICUS THERAPEUTICS, INC.	2026-04-27	edgar/data/1178879/0001354457-26-000371.txt
25-NSE	1354457	Nasdaq Stock Market LLC	2026-04-27	edgar/data/1354457/0001354457-26-000371.txt
25-NSE	1354457	Nasdaq Stock Market LLC	2026-04-27	edgar/data/1354457/0001354457-26-000377.txt
25-NSE	1415726	Innovator ETFs Trust	2026-04-27	edgar/data/1415726/0001143362-26-000150.txt
25-NSE	1417835	Cboe BZX Exchange, Inc.	2026-04-27	edgar/data/1417835/0001417835-26-000101.txt
25-NSE	1742912	Tidal Trust I	2026-04-27	edgar/data/1742912/0001417835-26-000101.txt
25-NSE	1836833	Planet Labs PBC	2026-04-27	edgar/data/1836833/0000876661-26-000359.txt
25-NSE	77476	PEPSICO INC	2026-04-27	edgar/data/77476/0001354457-26-000377.txt
25-NSE	870780	NUVEEN PENNSYLVANIA QUALITY MUNICIPAL INCOME FUND	2026-04-27	edgar/data/870780/0000876661-26-000363.txt
25-NSE	876661	NEW YORK STOCK EXCHANGE LLC	2026-04-27	edgar/data/876661/0000876661-26-000359.txt
25-NSE	876661	NEW YORK STOCK EXCHANGE LLC	2026-04-27	edgar/data/876661/0000876661-26-000361.txt
25-NSE	876661	NEW YORK STOCK EXCHANGE LLC	2026-04-27	edgar/data/876661/0000876661-26-000363.txt
25-NSE	876661	NEW YORK STOCK EXCHANGE LLC	2026-04-27	edgar/data/876661/0000876661-26-000365.txt
25-NSE	899782	NUVEEN MISSOURI QUALITY MUNICIPAL INCOME FUND	2026-04-27	edgar/data/899782/0000876661-26-000365.txt
25-NSE	1354457	Nasdaq Stock Market LLC	2026-04-28	edgar/data/1354457/0001354457-26-000381.txt
25-NSE	1354457	Nasdaq Stock Market LLC	2026-04-28	edgar/data/1354457/0001354457-26-000382.txt
25-NSE	1716951	OFS Credit Company, Inc.	2026-04-28	edgar/data/1716951/0001354457-26-000382.txt
25-NSE	1786205	Arcellx, Inc.	2026-04-28	edgar/data/1786205/0001354457-26-000381.txt
25-NSE	1831840	SEMrush Holdings, Inc.	2026-04-28	edgar/data/1831840/0000876661-26-000368.txt
25-NSE	876661	NEW YORK STOCK EXCHANGE LLC	2026-04-28	edgar/data/876661/0000876661-26-000368.txt
15-12G	1377469	PEGASUS TEL, INC.	2026-04-29	edgar/data/1377469/0001017386-26-000054.txt
15-15D	1621466	WFRBS Commercial Mortgage Trust 2014-C24	2026-04-29	edgar/data/1621466/0001888524-26-008008.txt
25-NSE	1354457	Nasdaq Stock Market LLC	2026-04-29	edgar/data/1354457/0001354457-26-000384.txt
25-NSE	1834253	Smart Share Global Ltd	2026-04-29	edgar/data/1834253/0001354457-26-000384.txt
25-NSE	864270	AMERICAN HONDA FINANCE CORP	2026-04-29	edgar/data/864270/0000876661-26-000373.txt
25-NSE	876661	NEW YORK STOCK EXCHANGE LLC	2026-04-29	edgar/data/876661/0000876661-26-000373.txt
15-12G	1053352	HERITAGE COMMERCE CORP	2026-04-30	edgar/data/1053352/0001193125-26-193926.txt
15-12G	1327273	Lyra Therapeutics, Inc.	2026-04-30	edgar/data/1327273/0001193125-26-194908.txt
15-12G	1512931	MONROE CAPITAL Corp	2026-04-30	edgar/data/1512931/0001140361-26-018226.txt
15-15D	1876620	Exeter Automobile Receivables Trust 2021-3	2026-04-30	edgar/data/1876620/0000929638-26-001704.txt
15-15D	1897392	Toyota Auto Receivables 2022-A Owner Trust	2026-04-30	edgar/data/1897392/0000929638-26-001705.txt
25	68622	QWEST CORP	2026-04-30	edgar/data/68622/0001193125-26-197865.txt
25-NSE	1071255	GOLDEN ENTERTAINMENT, INC.	2026-04-30	edgar/data/1071255/0001354457-26-000392.txt
25-NSE	1143362	NYSE ARCA, INC.	2026-04-30	edgar/data/1143362/0001143362-26-000154.txt
25-NSE	1354457	Nasdaq Stock Market LLC	2026-04-30	edgar/data/1354457/0001354457-26-000392.txt
25-NSE	1354457	Nasdaq Stock Market LLC	2026-04-30	edgar/data/1354457/0001354457-26-000396.txt
25-NSE	1354457	Nasdaq Stock Market LLC	2026-04-30	edgar/data/1354457/0001354457-26-000397.txt
25-NSE	1417835	Cboe BZX Exchange, Inc.	2026-04-30	edgar/data/1417835/0001417835-26-000107.txt
25-NSE	1756701	LINKBANCORP, Inc.	2026-04-30	edgar/data/1756701/0001354457-26-000396.txt
25-NSE	1771146	ETF Opportunities Trust	2026-04-30	edgar/data/1771146/0001417835-26-000107.txt
25-NSE	1918661	ESH Acquisition Corp.	2026-04-30	edgar/data/1918661/0001354457-26-000397.txt
25-NSE	1924868	Tidal Trust II	2026-04-30	edgar/data/1924868/0001143362-26-000154.txt
15-12G	855787	TRULEUM, INC.	2026-05-01	edgar/data/855787/0001437749-26-014494.txt
15-15D	2086744	Plus Automation, Inc.	2026-05-01	edgar/data/2086744/0001193125-26-200707.txt
15F-12B	719245	WESTPAC BANKING CORP	2026-05-01	edgar/data/719245/0001104659-26-053346.txt
25-NSE	1354457	Nasdaq Stock Market LLC	2026-05-01	edgar/data/1354457/0001354457-26-000399.txt
25-NSE	1354457	Nasdaq Stock Market LLC	2026-05-01	edgar/data/1354457/0001354457-26-000400.txt
25-NSE	1567683	Clearway Energy, Inc.	2026-05-01	edgar/data/1567683/0000876661-26-000380.txt
25-NSE	1603652	Urgent.ly Inc.	2026-05-01	edgar/data/1603652/0001354457-26-000400.txt
25-NSE	1899830	Perfect Corp.	2026-05-01	edgar/data/1899830/0000876661-26-000378.txt
25-NSE	351834	SunOpta Inc.	2026-05-01	edgar/data/351834/0001354457-26-000399.txt
25-NSE	36966	FIRST HORIZON CORP	2026-05-01	edgar/data/36966/0000876661-26-000382.txt
25-NSE	876661	NEW YORK STOCK EXCHANGE LLC	2026-05-01	edgar/data/876661/0000876661-26-000378.txt
25-NSE	876661	NEW YORK STOCK EXCHANGE LLC	2026-05-01	edgar/data/876661/0000876661-26-000380.txt
25-NSE	876661	NEW YORK STOCK EXCHANGE LLC	2026-05-01	edgar/data/876661/0000876661-26-000382.txt
15-12G	1845337	Day One Biopharmaceuticals, Inc.	2026-05-04	edgar/data/1845337/0001193125-26-202385.txt
15-12G	2054174	XANADU QUANTUM TECHNOLOGIES FORMER SPAC INC.	2026-05-04	edgar/data/2054174/0001213900-26-051082.txt
15-12G	909108	DIAMOND HILL INVESTMENT GROUP INC	2026-05-04	edgar/data/909108/0000899140-26-000409.txt
25-NSE	1254699	QVC INC	2026-05-04	edgar/data/1254699/0000876661-26-000384.txt
25-NSE	1321741	GLADSTONE INVESTMENT CORPORATION\DE	2026-05-04	edgar/data/1321741/0001354457-26-000402.txt
25-NSE	1354457	Nasdaq Stock Market LLC	2026-05-04	edgar/data/1354457/0001354457-26-000401.txt
25-NSE	1354457	Nasdaq Stock Market LLC	2026-05-04	edgar/data/1354457/0001354457-26-000402.txt
25-NSE	1830188	United Homes Group, Inc.	2026-05-04	edgar/data/1830188/0001354457-26-000401.txt
25-NSE	876661	NEW YORK STOCK EXCHANGE LLC	2026-05-04	edgar/data/876661/0000876661-26-000384.txt
25-NSE	1354457	Nasdaq Stock Market LLC	2026-05-05	edgar/data/1354457/0001354457-26-000405.txt
25-NSE	1354457	Nasdaq Stock Market LLC	2026-05-05	edgar/data/1354457/0001354457-26-000407.txt
25-NSE	1417835	Cboe BZX Exchange, Inc.	2026-05-05	edgar/data/1417835/0001417835-26-000115.txt
25-NSE	1417835	Cboe BZX Exchange, Inc.	2026-05-05	edgar/data/1417835/0001417835-26-000117.txt
25-NSE	1529390	Cambria ETF Trust	2026-05-05	edgar/data/1529390/0001417835-26-000115.txt
25-NSE	1587982	Investment Managers Series Trust II	2026-05-05	edgar/data/1587982/0001417835-26-000117.txt
25-NSE	1831363	Terns Pharmaceuticals, Inc.	2026-05-05	edgar/data/1831363/0001354457-26-000405.txt
25-NSE	34563	FARMER BROTHERS CO	2026-05-05	edgar/data/34563/0001354457-26-000407.txt
15-15D	1435508	First Savings Financial Group, Inc.	2026-05-06	edgar/data/1435508/0001193125-26-209366.txt
25	1503123	DBX ETF TRUST	2026-05-06	edgar/data/1503123/0000088053-26-000390.txt
25	1503123	DBX ETF TRUST	2026-05-06	edgar/data/1503123/0000088053-26-000391.txt
25-NSE	1354457	Nasdaq Stock Market LLC	2026-05-06	edgar/data/1354457/0001354457-26-000412.txt
25-NSE	1600626	Peakstone Realty Trust	2026-05-06	edgar/data/1600626/0000876661-26-000389.txt
25-NSE	1779128	Strata Critical Medical, Inc.	2026-05-06	edgar/data/1779128/0001354457-26-000412.txt
25-NSE	876661	NEW YORK STOCK EXCHANGE LLC	2026-05-06	edgar/data/876661/0000876661-26-000389.txt
15-12G	1178879	AMICUS THERAPEUTICS, INC.	2026-05-07	edgar/data/1178879/0001140361-26-019442.txt
15-12G	1939365	INSPIRE VETERINARY PARTNERS, INC.	2026-05-07	edgar/data/1939365/0001213900-26-053377.txt
15-15D	1656047	Morgan Stanley Bank of America Merrill Lynch Trust 2015-C27	2026-05-07	edgar/data/1656047/0001888524-26-008649.txt
15-15D	1991085	Ford Credit Auto Lease Trust 2023-B	2026-05-07	edgar/data/1991085/0001991085-26-000020.txt
25	1956439	Enhanced Group Inc.	2026-05-07	edgar/data/1956439/0001628280-26-031825.txt
25-NSE	1125259	CARNIVAL PLC	2026-05-07	edgar/data/1125259/0000876661-26-000397.txt
25-NSE	1125259	CARNIVAL PLC	2026-05-07	edgar/data/1125259/0000876661-26-000402.txt
25-NSE	1143362	NYSE ARCA, INC.	2026-05-07	edgar/data/1143362/0001143362-26-000163.txt
25-NSE	1354457	Nasdaq Stock Market LLC	2026-05-07	edgar/data/1354457/0001354457-26-000417.txt
25-NSE	1408970	AdvisorShares Trust	2026-05-07	edgar/data/1408970/0001143362-26-000163.txt
25-NSE	1503123	DBX ETF TRUST	2026-05-07	edgar/data/1503123/0001354457-26-000417.txt
25-NSE	768899	TrueBlue, Inc.	2026-05-07	edgar/data/768899/0000876661-26-000394.txt
25-NSE	858470	Coterra Energy Inc.	2026-05-07	edgar/data/858470/0000876661-26-000399.txt
25-NSE	876661	NEW YORK STOCK EXCHANGE LLC	2026-05-07	edgar/data/876661/0000876661-26-000394.txt
25-NSE	876661	NEW YORK STOCK EXCHANGE LLC	2026-05-07	edgar/data/876661/0000876661-26-000397.txt
25-NSE	876661	NEW YORK STOCK EXCHANGE LLC	2026-05-07	edgar/data/876661/0000876661-26-000399.txt
25-NSE	876661	NEW YORK STOCK EXCHANGE LLC	2026-05-07	edgar/data/876661/0000876661-26-000402.txt
15-12G	1786205	Arcellx, Inc.	2026-05-08	edgar/data/1786205/0001104659-26-057932.txt
15-12G	1831840	SEMrush Holdings, Inc.	2026-05-08	edgar/data/1831840/0001140361-26-019747.txt
15-12G	1854270	Senti Biosciences, Inc.	2026-05-08	edgar/data/1854270/0001193125-26-215046.txt
25-NSE	1354457	Nasdaq Stock Market LLC	2026-05-08	edgar/data/1354457/0001354457-26-000419.txt
25-NSE	1354457	Nasdaq Stock Market LLC	2026-05-08	edgar/data/1354457/0001354457-26-000420.txt
25-NSE	1354457	Nasdaq Stock Market LLC	2026-05-08	edgar/data/1354457/0001354457-26-000423.txt
25-NSE	1604174	Eagle Point Credit Co Inc.	2026-05-08	edgar/data/1604174/0000876661-26-000407.txt
25-NSE	1856236	European Wax Center, Inc.	2026-05-08	edgar/data/1856236/0001354457-26-000419.txt
25-NSE	2032379	Willow Lane Acquisition Corp.	2026-05-08	edgar/data/2032379/0001354457-26-000423.txt
25-NSE	876661	NEW YORK STOCK EXCHANGE LLC	2026-05-08	edgar/data/876661/0000876661-26-000407.txt
25-NSE	896429	CANTALOUPE, INC.	2026-05-08	edgar/data/896429/0001354457-26-000420.txt
15-12G	1071255	NEW ROYAL HOLDCO I INC.	2026-05-11	edgar/data/1071255/0001104659-26-058677.txt
15-12G	1603652	Urgent.ly Inc.	2026-05-11	edgar/data/1603652/0001193125-26-216700.txt
15-12G	1756701	LINKBANCORP, Inc.	2026-05-11	edgar/data/1756701/0001104659-26-058529.txt
15-12G	1834253	Smart Share Global Ltd	2026-05-11	edgar/data/1834253/0001104659-26-058212.txt
15-12G	351834	SunOpta Inc.	2026-05-11	edgar/data/351834/0001193125-26-215666.txt
15-15D	1620305	COMM 2014-CCRE20 Mortgage Trust	2026-05-11	edgar/data/1620305/0001888524-26-008659.txt
25	1782999	PureTech Health plc	2026-05-11	edgar/data/1782999/0001193125-26-216746.txt
25-NSE	1306965	Shell plc	2026-05-11	edgar/data/1306965/0000876661-26-000411.txt
25-NSE	1333621	Shell International Finance B.V.	2026-05-11	edgar/data/1333621/0000876661-26-000409.txt
25-NSE	1354457	Nasdaq Stock Market LLC	2026-05-11	edgar/data/1354457/0001354457-26-000431.txt
25-NSE	1354457	Nasdaq Stock Market LLC	2026-05-11	edgar/data/1354457/0001354457-26-000432.txt
25-NSE	1354457	Nasdaq Stock Market LLC	2026-05-11	edgar/data/1354457/0001354457-26-000433.txt
25-NSE	1607939	Udemy, Inc.	2026-05-11	edgar/data/1607939/0001354457-26-000432.txt
25-NSE	1645666	Kezar Life Sciences, Inc.	2026-05-11	edgar/data/1645666/0001354457-26-000433.txt
25-NSE	312069	BARCLAYS PLC	2026-05-11	edgar/data/312069/0000876661-26-000414.txt
25-NSE	731288	PACCAR FINANCIAL CORP	2026-05-11	edgar/data/731288/0001354457-26-000431.txt
25-NSE	876661	NEW YORK STOCK EXCHANGE LLC	2026-05-11	edgar/data/876661/0000876661-26-000409.txt
25-NSE	876661	NEW YORK STOCK EXCHANGE LLC	2026-05-11	edgar/data/876661/0000876661-26-000411.txt
25-NSE	876661	NEW YORK STOCK EXCHANGE LLC	2026-05-11	edgar/data/876661/0000876661-26-000414.txt
15-12G	1918661	ESH Acquisition Corp.	2026-05-12	edgar/data/1918661/0001213900-26-054632.txt
15-12G	2071136	Nuveen Churchill BDC V	2026-05-12	edgar/data/2071136/0002071136-26-000025.txt
15-15D	1668931	Wells Fargo Commercial Mortgage Trust 2016-C33	2026-05-12	edgar/data/1668931/0001888524-26-008661.txt
25-NSE	1064642	SPDR SERIES TRUST	2026-05-12	edgar/data/1064642/0001354457-26-000441.txt
25-NSE	1143362	NYSE ARCA, INC.	2026-05-12	edgar/data/1143362/0001143362-26-000168.txt
25-NSE	1160106	Lloyds Banking Group plc	2026-05-12	edgar/data/1160106/0000876661-26-000419.txt
25-NSE	1354457	Nasdaq Stock Market LLC	2026-05-12	edgar/data/1354457/0001354457-26-000441.txt
25-NSE	1924868	Tidal Trust II	2026-05-12	edgar/data/1924868/0001143362-26-000168.txt
25-NSE	312069	BARCLAYS PLC	2026-05-12	edgar/data/312069/0000876661-26-000425.txt
25-NSE	876661	NEW YORK STOCK EXCHANGE LLC	2026-05-12	edgar/data/876661/0000876661-26-000419.txt
25-NSE	876661	NEW YORK STOCK EXCHANGE LLC	2026-05-12	edgar/data/876661/0000876661-26-000422.txt
25-NSE	876661	NEW YORK STOCK EXCHANGE LLC	2026-05-12	edgar/data/876661/0000876661-26-000425.txt
25-NSE	933267	IRSA INVESTMENTS & REPRESENTATIONS INC	2026-05-12	edgar/data/933267/0000876661-26-000422.txt
15-12G	1902314	M-tron Industries, Inc.	2026-05-13	edgar/data/1902314/0001437749-26-016728.txt
15-12G	1942722	BGO Industrial Real Estate Income Trust, Inc.	2026-05-13	edgar/data/1942722/0001104659-26-060169.txt
25-NSE	1354457	Nasdaq Stock Market LLC	2026-05-13	edgar/data/1354457/0001354457-26-000443.txt
25-NSE	1743907	Sun Country Airlines Holdings, Inc.	2026-05-13	edgar/data/1743907/0001354457-26-000443.txt
15-12G	1782037	MingZhu Logistics Holdings Ltd	2026-05-14	edgar/data/1782037/0001213900-26-056273.txt
15-12G	1830188	United Homes Group, Inc.	2026-05-14	edgar/data/1830188/0001104659-26-060807.txt
15F-12G	1358654	RED METAL RESOURCES, LTD.	2026-05-14	edgar/data/1358654/0001062993-26-002596.txt
25-NSE	1005757	CSG SYSTEMS INTERNATIONAL INC	2026-05-14	edgar/data/1005757/0001354457-26-000450.txt
25-NSE	1075124	THOMSON REUTERS CORP /CAN/	2026-05-14	edgar/data/1075124/0001354457-26-000458.txt
25-NSE	1354457	Nasdaq Stock Market LLC	2026-05-14	edgar/data/1354457/0001354457-26-000449.txt
25-NSE	1354457	Nasdaq Stock Market LLC	2026-05-14	edgar/data/1354457/0001354457-26-000450.txt
25-NSE	1354457	Nasdaq Stock Market LLC	2026-05-14	edgar/data/1354457/0001354457-26-000454.txt
25-NSE	1354457	Nasdaq Stock Market LLC	2026-05-14	edgar/data/1354457/0001354457-26-000457.txt
25-NSE	1354457	Nasdaq Stock Market LLC	2026-05-14	edgar/data/1354457/0001354457-26-000458.txt
25-NSE	1354457	Nasdaq Stock Market LLC	2026-05-14	edgar/data/1354457/0001354457-26-000459.txt
25-NSE	1417835	Cboe BZX Exchange, Inc.	2026-05-14	edgar/data/1417835/0001417835-26-000130.txt
25-NSE	1492422	Apellis Pharmaceuticals, Inc.	2026-05-14	edgar/data/1492422/0001354457-26-000449.txt
25-NSE	1561680	Tri Pointe Homes, Inc.	2026-05-14	edgar/data/1561680/0000876661-26-000432.txt
25-NSE	1582982	CareCloud, Inc.	2026-05-14	edgar/data/1582982/0001354457-26-000457.txt
25-NSE	1582982	CareCloud, Inc.	2026-05-14	edgar/data/1582982/0001354457-26-000459.txt
25-NSE	1705012	Fat Brands, Inc	2026-05-14	edgar/data/1705012/0001354457-26-000454.txt
25-NSE	1771146	ETF Opportunities Trust	2026-05-14	edgar/data/1771146/0001417835-26-000130.txt
25-NSE	876661	NEW YORK STOCK EXCHANGE LLC	2026-05-14	edgar/data/876661/0000876661-26-000432.txt
15-12G	1831363	Terns Pharmaceuticals, Inc.	2026-05-15	edgar/data/1831363/0001193125-26-225474.txt
15-12G	34563	FARMER BROTHERS CO	2026-05-15	edgar/data/34563/0001104659-26-061586.txt
25-NSE	1129155	MARINE PRODUCTS CORP	2026-05-15	edgar/data/1129155/0000876661-26-000437.txt
25-NSE	1143362	NYSE ARCA, INC.	2026-05-15	edgar/data/1143362/0001143362-26-000176.txt
25-NSE	1354457	Nasdaq Stock Market LLC	2026-05-15	edgar/data/1354457/0001354457-26-000464.txt
25-NSE	1354457	Nasdaq Stock Market LLC	2026-05-15	edgar/data/1354457/0001354457-26-000466.txt
25-NSE	1354457	Nasdaq Stock Market LLC	2026-05-15	edgar/data/1354457/0001354457-26-000468.txt
25-NSE	1616668	Pacer Funds Trust	2026-05-15	edgar/data/1616668/0001143362-26-000176.txt
25-NSE	1803737	Enhabit, Inc.	2026-05-15	edgar/data/1803737/0000876661-26-000435.txt
25-NSE	1829280	Forian Inc.	2026-05-15	edgar/data/1829280/0001354457-26-000464.txt
25-NSE	1945422	Oak Woods Acquisition Corp	2026-05-15	edgar/data/1945422/0001354457-26-000468.txt
25-NSE	2034268	Cantor Equity Partners III, Inc.	2026-05-15	edgar/data/2034268/0001354457-26-000466.txt
25-NSE	24741	CORNING INC /NY	2026-05-15	edgar/data/24741/0000876661-26-000439.txt
25-NSE	876661	NEW YORK STOCK EXCHANGE LLC	2026-05-15	edgar/data/876661/0000876661-26-000435.txt
25-NSE	876661	NEW YORK STOCK EXCHANGE LLC	2026-05-15	edgar/data/876661/0000876661-26-000437.txt
25-NSE	876661	NEW YORK STOCK EXCHANGE LLC	2026-05-15	edgar/data/876661/0000876661-26-000439.txt
15-12G	1125259	CARNIVAL PLC	2026-05-18	edgar/data/1125259/0000950142-26-001441.txt
15-12G	1438231	Digimarc CORP	2026-05-18	edgar/data/1438231/0001437749-26-017635.txt
15-12G	1600626	Peakstone Realty Trust	2026-05-18	edgar/data/1600626/0001140361-26-021789.txt
15-12G	1856236	European Wax Center, Inc.	2026-05-18	edgar/data/1856236/0001193125-26-227867.txt
15-12G	896429	CANTALOUPE, INC.	2026-05-18	edgar/data/896429/0001140361-26-021752.txt
25-NSE	1064642	SPDR SERIES TRUST	2026-05-18	edgar/data/1064642/0001143362-26-000178.txt
25-NSE	1143313	NYSE AMERICAN LLC	2026-05-18	edgar/data/1143313/0001143313-26-000027.txt
25-NSE	1143362	NYSE ARCA, INC.	2026-05-18	edgar/data/1143362/0001143362-26-000178.txt
25-NSE	1354457	Nasdaq Stock Market LLC	2026-05-18	edgar/data/1354457/0001354457-26-000469.txt
25-NSE	1354457	Nasdaq Stock Market LLC	2026-05-18	edgar/data/1354457/0001354457-26-000470.txt
25-NSE	1354457	Nasdaq Stock Market LLC	2026-05-18	edgar/data/1354457/0001354457-26-000471.txt
25-NSE	1354457	Nasdaq Stock Market LLC	2026-05-18	edgar/data/1354457/0001354457-26-000472.txt
25-NSE	1354457	Nasdaq Stock Market LLC	2026-05-18	edgar/data/1354457/0001354457-26-000475.txt
25-NSE	1419951	Data Storage Corp	2026-05-18	edgar/data/1419951/0001354457-26-000475.txt
25-NSE	1484565	SOLENO THERAPEUTICS INC	2026-05-18	edgar/data/1484565/0001354457-26-000469.txt
25-NSE	1527599	SYNLOGIC, INC.	2026-05-18	edgar/data/1527599/0001354457-26-000470.txt
25-NSE	1782037	MingZhu Logistics Holdings Ltd	2026-05-18	edgar/data/1782037/0001354457-26-000471.txt
25-NSE	1802450	MSP Recovery, Inc.	2026-05-18	edgar/data/1802450/0001354457-26-000472.txt
25-NSE	876717	ABRDN GLOBAL INCOME FUND, INC.	2026-05-18	edgar/data/876717/0001143313-26-000027.txt
15-12G	858470	Coterra Energy Inc.	2026-05-19	edgar/data/858470/0001193125-26-231109.txt
25-NSE	1354457	Nasdaq Stock Market LLC	2026-05-19	edgar/data/1354457/0001354457-26-000478.txt
25-NSE	1853513	Mister Car Wash, Inc.	2026-05-19	edgar/data/1853513/0001354457-26-000478.txt
25-NSE	1143362	NYSE ARCA, INC.	2026-05-20	edgar/data/1143362/0001143362-26-000180.txt
25-NSE	1503123	DBX ETF TRUST	2026-05-20	edgar/data/1503123/0001143362-26-000180.txt
15-12G	1607939	Udemy, Inc.	2026-05-21	edgar/data/1607939/0001140361-26-022395.txt
15-12G	1645666	Kezar Life Sciences, Inc.	2026-05-21	edgar/data/1645666/0001140361-26-022310.txt
15F-12B	1782999	PureTech Health plc	2026-05-21	edgar/data/1782999/0001193125-26-233582.txt
25-NSE	1029199	EURONET WORLDWIDE, INC.	2026-05-21	edgar/data/1029199/0001354457-26-000490.txt
25-NSE	1354457	Nasdaq Stock Market LLC	2026-05-21	edgar/data/1354457/0001354457-26-000490.txt
15-12G	1095146	Athena Bitcoin Global	2026-05-22	edgar/data/1095146/0001683168-26-004259.txt
15-12G	1133818	BIO-PATH HOLDINGS, INC.	2026-05-22	edgar/data/1133818/0001663577-26-000165.txt
15-15D	1921031	Harley-Davidson Motorcycle Trust 2022-A	2026-05-22	edgar/data/1921031/0001921031-26-000024.txt
25-NSE	1053507	AMERICAN TOWER CORP /MA/	2026-05-22	edgar/data/1053507/0000876661-26-000446.txt
25-NSE	1354457	Nasdaq Stock Market LLC	2026-05-22	edgar/data/1354457/0001354457-26-000491.txt
25-NSE	1354457	Nasdaq Stock Market LLC	2026-05-22	edgar/data/1354457/0001354457-26-000493.txt
25-NSE	1354457	Nasdaq Stock Market LLC	2026-05-22	edgar/data/1354457/0001354457-26-000494.txt
25-NSE	1719406	NRX Pharmaceuticals, Inc.	2026-05-22	edgar/data/1719406/0001354457-26-000493.txt
25-NSE	1947244	U.S. GoldMining Inc.	2026-05-22	edgar/data/1947244/0001354457-26-000491.txt
25-NSE	2023730	GigCapital7 Corp.	2026-05-22	edgar/data/2023730/0001354457-26-000494.txt
25-NSE	876661	NEW YORK STOCK EXCHANGE LLC	2026-05-22	edgar/data/876661/0000876661-26-000446.txt
15-12G	1005757	CSG SYSTEMS INTERNATIONAL INC	2026-05-26	edgar/data/1005757/0001193125-26-237761.txt
15-12G	1129155	MARINE PRODUCTS GROUP, LLC	2026-05-26	edgar/data/1129155/0001104659-26-066303.txt
15-12G	1492422	Apellis Pharmaceuticals, Inc.	2026-05-26	edgar/data/1492422/0000950157-26-000636.txt
15-12G	1518336	Dream Homes & Development Corp.	2026-05-26	edgar/data/1518336/0001663577-26-000167.txt
15-12G	1561680	Tri Pointe Homes, Inc.	2026-05-26	edgar/data/1561680/0001561680-26-000029.txt
15-12G	1743907	Sun Country Airlines Holdings, LLC	2026-05-26	edgar/data/1743907/0001140361-26-022766.txt
15-12G	1803737	Enhabit, Inc.	2026-05-26	edgar/data/1803737/0001193125-26-238109.txt
15-15D	62234	MARCUS CORP	2026-05-26	edgar/data/62234/0001104659-26-066344.txt
25-NSE	1089113	HSBC HOLDINGS PLC	2026-05-26	edgar/data/1089113/0000876661-26-000453.txt
25-NSE	1089113	HSBC HOLDINGS PLC	2026-05-26	edgar/data/1089113/0000876661-26-000455.txt
25-NSE	1633336	Crescent Capital BDC, Inc.	2026-05-26	edgar/data/1633336/0000876661-26-000450.txt
25-NSE	876661	NEW YORK STOCK EXCHANGE LLC	2026-05-26	edgar/data/876661/0000876661-26-000450.txt
25-NSE	876661	NEW YORK STOCK EXCHANGE LLC	2026-05-26	edgar/data/876661/0000876661-26-000453.txt
25-NSE	876661	NEW YORK STOCK EXCHANGE LLC	2026-05-26	edgar/data/876661/0000876661-26-000455.txt
25-NSE	1354457	Nasdaq Stock Market LLC	2026-05-27	edgar/data/1354457/0001354457-26-000501.txt
25-NSE	1417835	Cboe BZX Exchange, Inc.	2026-05-27	edgar/data/1417835/0001417835-26-000141.txt
25-NSE	1516212	SSGA Active Trust	2026-05-27	edgar/data/1516212/0001417835-26-000141.txt
25-NSE	1675033	Great Elm Capital Corp.	2026-05-27	edgar/data/1675033/0001354457-26-000501.txt
25-NSE	876661	NEW YORK STOCK EXCHANGE LLC	2026-05-27	edgar/data/876661/0000876661-26-000458.txt
25-NSE	924901	Veris Residential, Inc.	2026-05-27	edgar/data/924901/0000876661-26-000458.txt
15-12G	1484565	SOLENO THERAPEUTICS INC	2026-05-28	edgar/data/1484565/0001193125-26-245197.txt
25	911216	PALATIN TECHNOLOGIES INC	2026-05-28	edgar/data/911216/0001493152-26-025603.txt
25-NSE	1048911	FEDEX CORP	2026-05-28	edgar/data/1048911/0000876661-26-000461.txt
25-NSE	1133470	CALAVO GROWERS INC	2026-05-28	edgar/data/1133470/0001354457-26-000505.txt
25-NSE	1139191	FEDERAL EXPRESS EUROPE INC	2026-05-28	edgar/data/1139191/0000876661-26-000465.txt
25-NSE	1139193	FEDERAL EXPRESS HOLDINGS S A, LLC	2026-05-28	edgar/data/1139193/0000876661-26-000467.txt
25-NSE	1139197	FEDERAL EXPRESS INTERNATIONAL INC	2026-05-28	edgar/data/1139197/0000876661-26-000469.txt
25-NSE	1139206	FEDEX CORPORATE SERVICES INC	2026-05-28	edgar/data/1139206/0000876661-26-000471.txt
25-NSE	1139208	FEDEX FREIGHT CORP	2026-05-28	edgar/data/1139208/0000876661-26-000473.txt
25-NSE	1139209	FEDEX GROUND PACKAGE SYSTEM INC	2026-05-28	edgar/data/1139209/0000876661-26-000475.txt
25-NSE	1139414	FEDEX FREIGHT INC	2026-05-28	edgar/data/1139414/0000876661-26-000477.txt
25-NSE	1293525	FedEx Office & Print Services, Inc	2026-05-28	edgar/data/1293525/0000876661-26-000479.txt
25-NSE	1354457	Nasdaq Stock Market LLC	2026-05-28	edgar/data/1354457/0001354457-26-000504.txt
25-NSE	1354457	Nasdaq Stock Market LLC	2026-05-28	edgar/data/1354457/0001354457-26-000505.txt
25-NSE	1862005	AstraZeneca Finance LLC	2026-05-28	edgar/data/1862005/0000876661-26-000481.txt
25-NSE	230211	FEDERAL EXPRESS CORP	2026-05-28	edgar/data/230211/0000876661-26-000463.txt
25-NSE	794619	AMERICAN WOODMARK CORP	2026-05-28	edgar/data/794619/0001354457-26-000504.txt
25-NSE	876661	NEW YORK STOCK EXCHANGE LLC	2026-05-28	edgar/data/876661/0000876661-26-000461.txt
25-NSE	876661	NEW YORK STOCK EXCHANGE LLC	2026-05-28	edgar/data/876661/0000876661-26-000463.txt
25-NSE	876661	NEW YORK STOCK EXCHANGE LLC	2026-05-28	edgar/data/876661/0000876661-26-000465.txt
25-NSE	876661	NEW YORK STOCK EXCHANGE LLC	2026-05-28	edgar/data/876661/0000876661-26-000467.txt
25-NSE	876661	NEW YORK STOCK EXCHANGE LLC	2026-05-28	edgar/data/876661/0000876661-26-000469.txt
25-NSE	876661	NEW YORK STOCK EXCHANGE LLC	2026-05-28	edgar/data/876661/0000876661-26-000471.txt
25-NSE	876661	NEW YORK STOCK EXCHANGE LLC	2026-05-28	edgar/data/876661/0000876661-26-000473.txt
25-NSE	876661	NEW YORK STOCK EXCHANGE LLC	2026-05-28	edgar/data/876661/0000876661-26-000475.txt
25-NSE	876661	NEW YORK STOCK EXCHANGE LLC	2026-05-28	edgar/data/876661/0000876661-26-000477.txt
25-NSE	876661	NEW YORK STOCK EXCHANGE LLC	2026-05-28	edgar/data/876661/0000876661-26-000479.txt
25-NSE	876661	NEW YORK STOCK EXCHANGE LLC	2026-05-28	edgar/data/876661/0000876661-26-000481.txt
25-NSE	876661	NEW YORK STOCK EXCHANGE LLC	2026-05-28	edgar/data/876661/0000876661-26-000484.txt
25-NSE	901832	ASTRAZENECA PLC	2026-05-28	edgar/data/901832/0000876661-26-000484.txt
15-12G	1853513	Mister Car Wash, Inc.	2026-05-29	edgar/data/1853513/0001193125-26-246174.txt
15-15D	1916232	GM Financial Consumer Automobile Receivables Trust 2022-2	2026-05-29	edgar/data/1916232/0001916232-26-000023.txt
25-NSE	1143362	NYSE ARCA, INC.	2026-05-29	edgar/data/1143362/0001143362-26-000187.txt
25-NSE	1143362	NYSE ARCA, INC.	2026-05-29	edgar/data/1143362/0001143362-26-000190.txt
25-NSE	1354457	Nasdaq Stock Market LLC	2026-05-29	edgar/data/1354457/0001354457-26-000512.txt
25-NSE	1495222	Oxford Lane Capital Corp.	2026-05-29	edgar/data/1495222/0001354457-26-000512.txt
25-NSE	1879238	BondBloxx ETF Trust	2026-05-29	edgar/data/1879238/0001143362-26-000187.txt
25-NSE	1928561	Bitwise Funds Trust	2026-05-29	edgar/data/1928561/0001143362-26-000190.txt
25-NSE	864270	AMERICAN HONDA FINANCE CORP	2026-05-29	edgar/data/864270/0000876661-26-000486.txt
25-NSE	876661	NEW YORK STOCK EXCHANGE LLC	2026-05-29	edgar/data/876661/0000876661-26-000486.txt
15-12G	1829280	Forian Inc.	2026-06-01	edgar/data/1829280/0001140361-26-023470.txt
15-12G	2034268	Cantor Equity Partners III, Inc.	2026-06-01	edgar/data/2034268/0001213900-26-063547.txt
25-NSE	1354457	Nasdaq Stock Market LLC	2026-06-01	edgar/data/1354457/0001354457-26-000513.txt
25-NSE	1489096	Thermon Group Holdings, Inc.	2026-06-01	edgar/data/1489096/0000876661-26-000492.txt
25-NSE	45876	ENVIRI Corp	2026-06-01	edgar/data/45876/0000876661-26-000489.txt
25-NSE	876661	NEW YORK STOCK EXCHANGE LLC	2026-06-01	edgar/data/876661/0000876661-26-000489.txt
25-NSE	876661	NEW YORK STOCK EXCHANGE LLC	2026-06-01	edgar/data/876661/0000876661-26-000492.txt
25-NSE	923139	FLUSHING FINANCIAL CORP	2026-06-01	edgar/data/923139/0001354457-26-000513.txt
15-15D	2013100	VISTEK LTD	2026-06-02	edgar/data/2013100/0001493152-26-026840.txt
25-NSE	1058307	NextPlat Corp	2026-06-02	edgar/data/1058307/0001354457-26-000517.txt
25-NSE	1354457	Nasdaq Stock Market LLC	2026-06-02	edgar/data/1354457/0001354457-26-000515.txt
25-NSE	1354457	Nasdaq Stock Market LLC	2026-06-02	edgar/data/1354457/0001354457-26-000517.txt
25-NSE	1900720	EPWK Holdings Ltd.	2026-06-02	edgar/data/1900720/0001354457-26-000515.txt
25-NSE	59478	ELI LILLY & Co	2026-06-02	edgar/data/59478/0000876661-26-000494.txt
25-NSE	876661	NEW YORK STOCK EXCHANGE LLC	2026-06-02	edgar/data/876661/0000876661-26-000494.txt
15-15D	1545018	J.P. Morgan Chase Commercial Mortgage Securities Trust 2012-	2026-06-03	edgar/data/1545018/0001888524-26-010543.txt
25-NSE	1354457	Nasdaq Stock Market LLC	2026-06-03	edgar/data/1354457/0001354457-26-000523.txt
25-NSE	355019	FONAR CORP	2026-06-03	edgar/data/355019/0001354457-26-000523.txt
25-NSE	10795	BECTON DICKINSON & CO	2026-06-04	edgar/data/10795/0000876661-26-000501.txt
25-NSE	1354457	Nasdaq Stock Market LLC	2026-06-04	edgar/data/1354457/0001354457-26-000530.txt
25-NSE	1354457	Nasdaq Stock Market LLC	2026-06-04	edgar/data/1354457/0001354457-26-000531.txt
25-NSE	1354457	Nasdaq Stock Market LLC	2026-06-04	edgar/data/1354457/0001354457-26-000532.txt
25-NSE	1939365	INSPIRE VETERINARY PARTNERS, INC.	2026-06-04	edgar/data/1939365/0001354457-26-000531.txt
25-NSE	1960208	Carbon Revolution Public Ltd Co	2026-06-04	edgar/data/1960208/0001354457-26-000532.txt
25-NSE	2011954	Twin Hospitality Group Inc.	2026-06-04	edgar/data/2011954/0001354457-26-000530.txt
25-NSE	876661	NEW YORK STOCK EXCHANGE LLC	2026-06-04	edgar/data/876661/0000876661-26-000501.txt
25-NSE	1231346	SEABRIDGE GOLD INC	2026-06-05	edgar/data/1231346/0000876661-26-000507.txt
25-NSE	1354457	Nasdaq Stock Market LLC	2026-06-05	edgar/data/1354457/0001354457-26-000536.txt
25-NSE	2049662	Factorial Energy Inc.	2026-06-05	edgar/data/2049662/0001354457-26-000536.txt
25-NSE	38009	FORD MOTOR CREDIT CO LLC	2026-06-05	edgar/data/38009/0000876661-26-000504.txt
25-NSE	876661	NEW YORK STOCK EXCHANGE LLC	2026-06-05	edgar/data/876661/0000876661-26-000504.txt
25-NSE	876661	NEW YORK STOCK EXCHANGE LLC	2026-06-05	edgar/data/876661/0000876661-26-000507.txt
15-12G	1559356	Biostax Corp.	2026-06-08	edgar/data/1559356/0001376474-26-000425.txt
15-12G	794619	AMERICAN WOODMARK CORP	2026-06-08	edgar/data/794619/0001193125-26-261700.txt
15-12G	924901	Veris Residential, Inc.	2026-06-08	edgar/data/924901/0001104659-26-071376.txt
15-15D	1067063	Veris Residential, L.P.	2026-06-08	edgar/data/1067063/0001104659-26-071378.txt
25-NSE	1354457	Nasdaq Stock Market LLC	2026-06-08	edgar/data/1354457/0001354457-26-000539.txt
25-NSE	1354457	Nasdaq Stock Market LLC	2026-06-08	edgar/data/1354457/0001354457-26-000540.txt
25-NSE	1354457	Nasdaq Stock Market LLC	2026-06-08	edgar/data/1354457/0001354457-26-000541.txt
25-NSE	1354457	Nasdaq Stock Market LLC	2026-06-08	edgar/data/1354457/0001354457-26-000544.txt
25-NSE	1354457	Nasdaq Stock Market LLC	2026-06-08	edgar/data/1354457/0001354457-26-000545.txt
25-NSE	1355096	QVC Group, Inc.	2026-06-08	edgar/data/1355096/0001354457-26-000540.txt
25-NSE	1785424	Katapult Holdings, Inc.	2026-06-08	edgar/data/1785424/0001354457-26-000544.txt
25-NSE	1865494	IO Biotech, Inc.	2026-06-08	edgar/data/1865494/0001354457-26-000541.txt
25-NSE	1924868	Tidal Trust II	2026-06-08	edgar/data/1924868/0001354457-26-000545.txt
25-NSE	1994624	ScanTech AI Systems Inc.	2026-06-08	edgar/data/1994624/0001354457-26-000539.txt
25-NSE	809844	MFS HIGH YIELD MUNICIPAL TRUST	2026-06-08	edgar/data/809844/0000876661-26-000512.txt
25-NSE	845606	MFS HIGH INCOME MUNICIPAL TRUST	2026-06-08	edgar/data/845606/0000876661-26-000510.txt
25-NSE	847411	MFS INVESTMENT GRADE MUNICIPAL TRUST	2026-06-08	edgar/data/847411/0000876661-26-000514.txt
25-NSE	876661	NEW YORK STOCK EXCHANGE LLC	2026-06-08	edgar/data/876661/0000876661-26-000510.txt
25-NSE	876661	NEW YORK STOCK EXCHANGE LLC	2026-06-08	edgar/data/876661/0000876661-26-000512.txt
25-NSE	876661	NEW YORK STOCK EXCHANGE LLC	2026-06-08	edgar/data/876661/0000876661-26-000514.txt
15-12G	1874999	AG Acquisition Group III, Inc.	2026-06-09	edgar/data/1874999/0001493152-26-027938.txt
15-12G	2032379	Willow Lane Acquisition Corp.	2026-06-09	edgar/data/2032379/0001493152-26-027983.txt
15-15D	1635569	Wells Fargo Commercial Mortgage Trust 2015-LC20	2026-06-09	edgar/data/1635569/0001888524-26-010548.txt
15-15D	1672587	Wells Fargo Commercial Mortgage Trust 2016-C34	2026-06-09	edgar/data/1672587/0001888524-26-010550.txt
25-NSE	1143362	NYSE ARCA, INC.	2026-06-09	edgar/data/1143362/0001143362-26-000200.txt
25-NSE	1354457	Nasdaq Stock Market LLC	2026-06-09	edgar/data/1354457/0001354457-26-000554.txt
25-NSE	1633061	Amplify ETF Trust	2026-06-09	edgar/data/1633061/0001143362-26-000200.txt
25-NSE	2093524	Aperture AC	2026-06-09	edgar/data/2093524/0001354457-26-000554.txt
15-15D	1788013	Factorial Inc.	2026-06-10	edgar/data/1788013/0001104659-26-072043.txt
15-15D	2046954	Ultratrex Inc.	2026-06-10	edgar/data/2046954/0001213900-26-067084.txt
25-NSE	1143313	NYSE AMERICAN LLC	2026-06-10	edgar/data/1143313/0001143313-26-000030.txt
25-NSE	1143362	NYSE ARCA, INC.	2026-06-10	edgar/data/1143362/0001143362-26-000203.txt
25-NSE	1354457	Nasdaq Stock Market LLC	2026-06-10	edgar/data/1354457/0001354457-26-000556.txt
25-NSE	1354457	Nasdaq Stock Market LLC	2026-06-10	edgar/data/1354457/0001354457-26-000558.txt
25-NSE	1354457	Nasdaq Stock Market LLC	2026-06-10	edgar/data/1354457/0001354457-26-000560.txt
25-NSE	1354457	Nasdaq Stock Market LLC	2026-06-10	edgar/data/1354457/0001354457-26-000561.txt
25-NSE	1439124	AXIA Energia S.A.	2026-06-10	edgar/data/1439124/0000876661-26-000521.txt
25-NSE	1479026	Goldman Sachs ETF Trust	2026-06-10	edgar/data/1479026/0001143362-26-000203.txt
25-NSE	1816431	Quantum-Si Inc	2026-06-10	edgar/data/1816431/0001354457-26-000560.txt
25-NSE	2002038	Legato Merger Corp. III	2026-06-10	edgar/data/2002038/0001143313-26-000030.txt
25-NSE	2006815	Voyager Acquisition Corp./Cayman Islands	2026-06-10	edgar/data/2006815/0001354457-26-000558.txt
25-NSE	2095443	Breeze Acquisition Corp. II	2026-06-10	edgar/data/2095443/0001354457-26-000561.txt
25-NSE	876661	NEW YORK STOCK EXCHANGE LLC	2026-06-10	edgar/data/876661/0000876661-26-000521.txt
25-NSE	937556	MASIMO CORP	2026-06-10	edgar/data/937556/0001354457-26-000556.txt
15-12G	1133470	CALAVO GROWERS INC	2026-06-11	edgar/data/1133470/0001193125-26-267002.txt
15-12G	1627041	VISIBER57 CORP.	2026-06-11	edgar/data/1627041/0001493152-26-028211.txt
15-12G	923139	FLUSHING FINANCIAL CORP	2026-06-11	edgar/data/923139/0001104659-26-072920.txt
15-15D	2092445	Avalanche Treasury Company, LLC	2026-06-11	edgar/data/2092445/0001104659-26-072812.txt
25	1439124	AXIA Energia S.A.	2026-06-11	edgar/data/1439124/0001292814-26-003417.txt
25	35527	FIFTH THIRD BANCORP	2026-06-11	edgar/data/35527/0001193125-26-267509.txt
25-NSE	1348911	KalVista Pharmaceuticals, Inc.	2026-06-11	edgar/data/1348911/0001354457-26-000565.txt
25-NSE	1354457	Nasdaq Stock Market LLC	2026-06-11	edgar/data/1354457/0001354457-26-000565.txt
25-NSE	1354457	Nasdaq Stock Market LLC	2026-06-11	edgar/data/1354457/0001354457-26-000567.txt
25-NSE	2029492	Mountain Lake Acquisition Corp.	2026-06-11	edgar/data/2029492/0001354457-26-000567.txt
15-12G	45876	ENVIRI LLC	2026-06-12	edgar/data/45876/0000045876-26-000291.txt
15-12G	68622	QWEST CORP	2026-06-12	edgar/data/68622/0001193125-26-269576.txt
15-15D	1141788	HEALTH DISCOVERY CORP	2026-06-12	edgar/data/1141788/0001683168-26-004795.txt
25-NSE	1354457	Nasdaq Stock Market LLC	2026-06-12	edgar/data/1354457/0001354457-26-000570.txt
25-NSE	1354457	Nasdaq Stock Market LLC	2026-06-12	edgar/data/1354457/0001354457-26-000572.txt
25-NSE	1590364	FTAI Aviation Ltd.	2026-06-12	edgar/data/1590364/0001354457-26-000572.txt
25-NSE	2032950	Horizon Space Acquisition II Corp.	2026-06-12	edgar/data/2032950/0001354457-26-000570.txt
15-12G	355019	FONAR CORP	2026-06-15	edgar/data/355019/0001193125-26-270367.txt
15-15D	1936748	Capital One Prime Auto Receivables Trust 2022-2	2026-06-15	edgar/data/1936748/0001193125-26-270973.txt
25-NSE	1354457	Nasdaq Stock Market LLC	2026-06-15	edgar/data/1354457/0001354457-26-000573.txt
25-NSE	1354457	Nasdaq Stock Market LLC	2026-06-15	edgar/data/1354457/0001354457-26-000578.txt
25-NSE	1403161	VISA INC.	2026-06-15	edgar/data/1403161/0000876661-26-000531.txt
25-NSE	1649373	SANTANDER UK GROUP HOLDINGS PLC	2026-06-15	edgar/data/1649373/0000876661-26-000527.txt
25-NSE	1924868	Tidal Trust II	2026-06-15	edgar/data/1924868/0001354457-26-000578.txt
25-NSE	1984014	Harrison Global Holdings Inc.	2026-06-15	edgar/data/1984014/0001354457-26-000573.txt
25-NSE	844150	NatWest Group plc	2026-06-15	edgar/data/844150/0000876661-26-000533.txt
25-NSE	876661	NEW YORK STOCK EXCHANGE LLC	2026-06-15	edgar/data/876661/0000876661-26-000527.txt
25-NSE	876661	NEW YORK STOCK EXCHANGE LLC	2026-06-15	edgar/data/876661/0000876661-26-000529.txt
25-NSE	876661	NEW YORK STOCK EXCHANGE LLC	2026-06-15	edgar/data/876661/0000876661-26-000531.txt
25-NSE	876661	NEW YORK STOCK EXCHANGE LLC	2026-06-15	edgar/data/876661/0000876661-26-000533.txt
25-NSE	898174	REINSURANCE GROUP OF AMERICA INC	2026-06-15	edgar/data/898174/0000876661-26-000529.txt
15-12G	1852551	Nova Minerals Ltd	2026-06-16	edgar/data/1852551/0001493152-26-028845.txt
15-15D	1913963	Santander Drive Auto Receivables Trust 2022-2	2026-06-16	edgar/data/1913963/0001193125-26-272340.txt
15-15D	1921745	CarMax Auto Owner Trust 2022-2	2026-06-16	edgar/data/1921745/0001921745-26-000029.txt
25-NSE	1005201	Assertio Therapeutics, Inc	2026-06-16	edgar/data/1005201/0001354457-26-000582.txt
25-NSE	1143362	NYSE ARCA, INC.	2026-06-16	edgar/data/1143362/0001143362-26-000214.txt
25-NSE	1354457	Nasdaq Stock Market LLC	2026-06-16	edgar/data/1354457/0001354457-26-000580.txt
25-NSE	1354457	Nasdaq Stock Market LLC	2026-06-16	edgar/data/1354457/0001354457-26-000582.txt
25-NSE	1354457	Nasdaq Stock Market LLC	2026-06-16	edgar/data/1354457/0001354457-26-000583.txt
25-NSE	1408100	Kennedy-Wilson Holdings, Inc.	2026-06-16	edgar/data/1408100/0000876661-26-000537.txt
25-NSE	1722388	Tidal Trust III	2026-06-16	edgar/data/1722388/0001354457-26-000583.txt
25-NSE	1845809	Putnam ETF Trust	2026-06-16	edgar/data/1845809/0001143362-26-000214.txt
25-NSE	1852551	Nova Minerals Ltd	2026-06-16	edgar/data/1852551/0001354457-26-000580.txt
25-NSE	876661	NEW YORK STOCK EXCHANGE LLC	2026-06-16	edgar/data/876661/0000876661-26-000537.txt
15-12G	1489096	Thermon Group Holdings, Inc.	2026-06-17	edgar/data/1489096/0001104659-26-074894.txt
15-12G	1999538	X1 Capital Inc.	2026-06-17	edgar/data/1999538/0001999538-26-000006.txt
25-NSE	1354457	Nasdaq Stock Market LLC	2026-06-17	edgar/data/1354457/0001354457-26-000587.txt
25-NSE	1823878	PLAYSTUDIOS, Inc.	2026-06-17	edgar/data/1823878/0001354457-26-000587.txt
15-12G	1909770	KHEOBA CORP.	2026-06-18	edgar/data/1909770/0001683168-26-004945.txt
25	1409970	LendingClub Corp	2026-06-18	edgar/data/1409970/0001409970-26-000131.txt
25-NSE	1143313	NYSE AMERICAN LLC	2026-06-18	edgar/data/1143313/0001143313-26-000033.txt
25-NSE	1143362	NYSE ARCA, INC.	2026-06-18	edgar/data/1143362/0001143362-26-000216.txt
25-NSE	1354457	Nasdaq Stock Market LLC	2026-06-18	edgar/data/1354457/0001354457-26-000597.txt
25-NSE	1689873	GraniteShares ETF Trust	2026-06-18	edgar/data/1689873/0001354457-26-000597.txt
25-NSE	1849221	Perfect Moment Ltd.	2026-06-18	edgar/data/1849221/0001143313-26-000033.txt
25-NSE	1924868	Tidal Trust II	2026-06-18	edgar/data/1924868/0001143362-26-000216.txt
15-12G	1124524	Cryoport, Inc.	2026-06-22	edgar/data/1124524/0001104659-26-076482.txt
15-12G	1348911	KalVista Pharmaceuticals, Inc.	2026-06-22	edgar/data/1348911/0001140361-26-025858.txt
15-12G	937556	MASIMO CORP	2026-06-22	edgar/data/937556/0001104659-26-076448.txt
15-15D	1574219	J.P. Morgan Chase Commercial Mortgage Securities Trust 2013-	2026-06-22	edgar/data/1574219/0001888524-26-010687.txt
15-15D	1783876	Teamshares Inc.	2026-06-22	edgar/data/1783876/0001193125-26-276305.txt
15F-12B	1439124	AXIA Energia S.A.	2026-06-22	edgar/data/1439124/0001292814-26-003558.txt
25	1802457	Origin Materials, Inc.	2026-06-22	edgar/data/1802457/0001802457-26-000032.txt
25-NSE	1143362	NYSE ARCA, INC.	2026-06-22	edgar/data/1143362/0001143362-26-000223.txt
25-NSE	1160661	SOUTHERN POWER CO	2026-06-22	edgar/data/1160661/0000876661-26-000544.txt
25-NSE	1354457	Nasdaq Stock Market LLC	2026-06-22	edgar/data/1354457/0001354457-26-000603.txt
25-NSE	1354457	Nasdaq Stock Market LLC	2026-06-22	edgar/data/1354457/0001354457-26-000605.txt
25-NSE	1742912	Tidal Trust I	2026-06-22	edgar/data/1742912/0000876882-26-000014.txt
25-NSE	1742912	Tidal Trust I	2026-06-22	edgar/data/1742912/0001143362-26-000223.txt
25-NSE	1803901	Talkspace, Inc.	2026-06-22	edgar/data/1803901/0001354457-26-000603.txt
25-NSE	2048951	Live Oak Acquisition Corp. V	2026-06-22	edgar/data/2048951/0001354457-26-000605.txt
25-NSE	833021	MFS INTERMEDIATE HIGH INCOME FUND	2026-06-22	edgar/data/833021/0000876661-26-000546.txt
25-NSE	851170	MFS CHARTER INCOME TRUST	2026-06-22	edgar/data/851170/0000876661-26-000548.txt
25-NSE	876661	NEW YORK STOCK EXCHANGE LLC	2026-06-22	edgar/data/876661/0000876661-26-000544.txt
25-NSE	876661	NEW YORK STOCK EXCHANGE LLC	2026-06-22	edgar/data/876661/0000876661-26-000546.txt
25-NSE	876661	NEW YORK STOCK EXCHANGE LLC	2026-06-22	edgar/data/876661/0000876661-26-000548.txt
25-NSE	876882	NYSE TEXAS, INC.	2026-06-22	edgar/data/876882/0000876882-26-000014.txt
15-12G	2002038	Legato Merger Corp. III	2026-06-23	edgar/data/2002038/0001829126-26-006744.txt
25-NSE	1143313	NYSE AMERICAN LLC	2026-06-23	edgar/data/1143313/0001143313-26-000035.txt
25-NSE	1354457	Nasdaq Stock Market LLC	2026-06-23	edgar/data/1354457/0001354457-26-000606.txt
25-NSE	1354457	Nasdaq Stock Market LLC	2026-06-23	edgar/data/1354457/0001354457-26-000607.txt
25-NSE	1354457	Nasdaq Stock Market LLC	2026-06-23	edgar/data/1354457/0001354457-26-000608.txt
25-NSE	1659323	Iterum Therapeutics plc	2026-06-23	edgar/data/1659323/0001354457-26-000607.txt
25-NSE	1802457	Origin Materials, Inc.	2026-06-23	edgar/data/1802457/0001354457-26-000608.txt
25-NSE	1962738	CASI Pharmaceuticals, Inc.	2026-06-23	edgar/data/1962738/0001354457-26-000606.txt
25-NSE	2049717	JM Group Ltd	2026-06-23	edgar/data/2049717/0001143313-26-000035.txt
25-NSE	2102155	Quantum Leap Acquisition Corp	2026-06-23	edgar/data/2102155/0000876661-26-000550.txt
25-NSE	876661	NEW YORK STOCK EXCHANGE LLC	2026-06-23	edgar/data/876661/0000876661-26-000550.txt
15-12G	1880249	WeCapital Holdings, Inc.	2026-06-24	edgar/data/1880249/0001880249-26-000003.txt
15-12G	1946399	LakeShore Biopharma Co., Ltd.	2026-06-24	edgar/data/1946399/0001213900-26-071396.txt
25-NSE	1354457	Nasdaq Stock Market LLC	2026-06-24	edgar/data/1354457/0001354457-26-000616.txt
25-NSE	1847903	Centessa Pharmaceuticals plc	2026-06-24	edgar/data/1847903/0001354457-26-000616.txt
15-12G	1448705	BASANITE, INC.	2026-06-25	edgar/data/1448705/0001079973-26-000877.txt
15-12G	1590364	FTAI Aviation Ltd.	2026-06-25	edgar/data/1590364/0001140361-26-026318.txt
15-12G	2029492	Mountain Lake Acquisition Corp.	2026-06-25	edgar/data/2029492/0001213900-26-071903.txt
15-15D	1611983	Liberty Broadband Corp	2026-06-25	edgar/data/1611983/0001104659-26-077804.txt
25-NSE	1306830	Celanese Corp	2026-06-25	edgar/data/1306830/0000876661-26-000556.txt
25-NSE	1314497	Celanese Acetate LLC	2026-06-25	edgar/data/1314497/0000876661-26-000558.txt
25-NSE	1314498	Celanese Americas LLC	2026-06-25	edgar/data/1314498/0000876661-26-000557.txt
25-NSE	1314499	Celanese Chemicals, Inc.	2026-06-25	edgar/data/1314499/0000876661-26-000559.txt
25-NSE	1314502	Celanese International Corp	2026-06-25	edgar/data/1314502/0000876661-26-000561.txt
25-NSE	1314503	Celanese Ltd.	2026-06-25	edgar/data/1314503/0000876661-26-000568.txt
25-NSE	1314506	Celtran, Inc.	2026-06-25	edgar/data/1314506/0000876661-26-000562.txt
25-NSE	1314511	Ticona Fortron Inc.	2026-06-25	edgar/data/1314511/0000876661-26-000564.txt
25-NSE	1314512	Ticona LLC	2026-06-25	edgar/data/1314512/0000876661-26-000566.txt
25-NSE	1314513	Ticona Polymers, Inc.	2026-06-25	edgar/data/1314513/0000876661-26-000565.txt
25-NSE	1314514	Celanese US Holdings LLC	2026-06-25	edgar/data/1314514/0000876661-26-000555.txt
25-NSE	1513331	KEP Americas Engineering Plastics, LLC	2026-06-25	edgar/data/1513331/0000876661-26-000563.txt
25-NSE	1513332	Celanese Global Relocation LLC	2026-06-25	edgar/data/1513332/0000876661-26-000567.txt
25-NSE	1681009	Celanese Sales U.S. Ltd.	2026-06-25	edgar/data/1681009/0000876661-26-000569.txt
25-NSE	1866368	Clearwater Analytics Holdings, Inc.	2026-06-25	edgar/data/1866368/0000876661-26-000553.txt
25-NSE	812427	CNA HOLDINGS LLC	2026-06-25	edgar/data/812427/0000876661-26-000560.txt
25-NSE	876661	NEW YORK STOCK EXCHANGE LLC	2026-06-25	edgar/data/876661/0000876661-26-000553.txt
25-NSE	876661	NEW YORK STOCK EXCHANGE LLC	2026-06-25	edgar/data/876661/0000876661-26-000555.txt
25-NSE	876661	NEW YORK STOCK EXCHANGE LLC	2026-06-25	edgar/data/876661/0000876661-26-000556.txt
25-NSE	876661	NEW YORK STOCK EXCHANGE LLC	2026-06-25	edgar/data/876661/0000876661-26-000557.txt
25-NSE	876661	NEW YORK STOCK EXCHANGE LLC	2026-06-25	edgar/data/876661/0000876661-26-000558.txt
25-NSE	876661	NEW YORK STOCK EXCHANGE LLC	2026-06-25	edgar/data/876661/0000876661-26-000559.txt
25-NSE	876661	NEW YORK STOCK EXCHANGE LLC	2026-06-25	edgar/data/876661/0000876661-26-000560.txt
25-NSE	876661	NEW YORK STOCK EXCHANGE LLC	2026-06-25	edgar/data/876661/0000876661-26-000561.txt
25-NSE	876661	NEW YORK STOCK EXCHANGE LLC	2026-06-25	edgar/data/876661/0000876661-26-000562.txt
25-NSE	876661	NEW YORK STOCK EXCHANGE LLC	2026-06-25	edgar/data/876661/0000876661-26-000563.txt
25-NSE	876661	NEW YORK STOCK EXCHANGE LLC	2026-06-25	edgar/data/876661/0000876661-26-000564.txt
25-NSE	876661	NEW YORK STOCK EXCHANGE LLC	2026-06-25	edgar/data/876661/0000876661-26-000565.txt
25-NSE	876661	NEW YORK STOCK EXCHANGE LLC	2026-06-25	edgar/data/876661/0000876661-26-000566.txt
25-NSE	876661	NEW YORK STOCK EXCHANGE LLC	2026-06-25	edgar/data/876661/0000876661-26-000567.txt
25-NSE	876661	NEW YORK STOCK EXCHANGE LLC	2026-06-25	edgar/data/876661/0000876661-26-000568.txt
25-NSE	876661	NEW YORK STOCK EXCHANGE LLC	2026-06-25	edgar/data/876661/0000876661-26-000569.txt
15-12G	1391426	Clean Vision Corp	2026-06-26	edgar/data/1391426/0001903596-26-000263.txt
15-12G	1808665	Assertio Holdings, Inc.	2026-06-26	edgar/data/1808665/0001104659-26-078329.txt
15-12G	1879814	TLGY ACQUISITION CORP	2026-06-26	edgar/data/1879814/0001213900-26-072555.txt
15-15D	1948523	John Deere Owner Trust 2022-C	2026-06-26	edgar/data/1948523/0001104659-26-078021.txt
15-15D	2087054	StableCoinX Assets Inc.	2026-06-26	edgar/data/2087054/0001213900-26-072552.txt
25-NSE	1119639	PETROBRAS - PETROLEO BRASILEIRO SA	2026-06-26	edgar/data/1119639/0000876661-26-000576.txt
25-NSE	1127703	PROASSURANCE CORP	2026-06-26	edgar/data/1127703/0000876661-26-000573.txt
25-NSE	1354457	Nasdaq Stock Market LLC	2026-06-26	edgar/data/1354457/0001354457-26-000623.txt
25-NSE	1354457	Nasdaq Stock Market LLC	2026-06-26	edgar/data/1354457/0001354457-26-000624.txt
25-NSE	1417835	Cboe BZX Exchange, Inc.	2026-06-26	edgar/data/1417835/0001417835-26-000182.txt
25-NSE	1417835	Cboe BZX Exchange, Inc.	2026-06-26	edgar/data/1417835/0001417835-26-000184.txt
25-NSE	1557157	Petrobras Global Finance B.V.	2026-06-26	edgar/data/1557157/0000876661-26-000575.txt
25-NSE	1587982	Investment Managers Series Trust II	2026-06-26	edgar/data/1587982/0001417835-26-000184.txt
25-NSE	1771146	ETF Opportunities Trust	2026-06-26	edgar/data/1771146/0001417835-26-000182.txt
25-NSE	1782941	TIAN RUIXIANG HOLDINGS LTD	2026-06-26	edgar/data/1782941/0001354457-26-000623.txt
25-NSE	1865631	NEXTNAV INC.	2026-06-26	edgar/data/1865631/0001354457-26-000624.txt
25-NSE	876661	NEW YORK STOCK EXCHANGE LLC	2026-06-26	edgar/data/876661/0000876661-26-000573.txt
25-NSE	876661	NEW YORK STOCK EXCHANGE LLC	2026-06-26	edgar/data/876661/0000876661-26-000575.txt
25-NSE	876661	NEW YORK STOCK EXCHANGE LLC	2026-06-26	edgar/data/876661/0000876661-26-000576.txt
15-12G	1117171	CBAK Energy Technology, Inc.	2026-06-29	edgar/data/1117171/0001213900-26-073133.txt
15-12G	1408100	Kennedy-Wilson Holdings, Inc.	2026-06-29	edgar/data/1408100/0001193125-26-287671.txt
15-12G	2073537	PIMCO Asset-Based Lending Co LLC	2026-06-29	edgar/data/2073537/0001193125-26-288001.txt
25-NSE	1145255	HENNESSY ADVISORS INC	2026-06-29	edgar/data/1145255/0001354457-26-000625.txt
25-NSE	1354457	Nasdaq Stock Market LLC	2026-06-29	edgar/data/1354457/0001354457-26-000625.txt
25-NSE	1354457	Nasdaq Stock Market LLC	2026-06-29	edgar/data/1354457/0001354457-26-000626.txt
25-NSE	1417835	Cboe BZX Exchange, Inc.	2026-06-29	edgar/data/1417835/0001417835-26-000191.txt
25-NSE	1840502	Taboola.com Ltd.	2026-06-29	edgar/data/1840502/0001354457-26-000626.txt
25-NSE	1976322	Themes ETF Trust	2026-06-29	edgar/data/1976322/0001417835-26-000191.txt
15-12G	1500305	Sustainable Projects Group Inc.	2026-06-30	edgar/data/1500305/0001575872-26-000452.txt
15-15D	1888143	AmeriCredit Automobile Receivables Trust 2021-3	2026-06-30	edgar/data/1888143/0001888143-26-000031.txt
15-15D	1905655	Nissan Auto Receivables 2022-A Owner Trust	2026-06-30	edgar/data/1905655/0001193125-26-289670.txt
25-NSE	1143362	NYSE ARCA, INC.	2026-06-30	edgar/data/1143362/0001143362-26-000234.txt
25-NSE	1417835	Cboe BZX Exchange, Inc.	2026-06-30	edgar/data/1417835/0001417835-26-000193.txt
25-NSE	1674356	Terra Property Trust, Inc.	2026-06-30	edgar/data/1674356/0000876661-26-000579.txt
25-NSE	2043954	REX ETF Trust	2026-06-30	edgar/data/2043954/0001417835-26-000193.txt
25-NSE	876661	NEW YORK STOCK EXCHANGE LLC	2026-06-30	edgar/data/876661/0000876661-26-000579.txt
25-NSE	919160	GUINNESS ATKINSON FUNDS	2026-06-30	edgar/data/919160/0001143362-26-000234.txt
15-12G	1560143	WYTEC INTERNATIONAL INC	2026-07-01	edgar/data/1560143/0001683168-26-005220.txt
15-12G	1606268	Via Renewables, Inc.	2026-07-01	edgar/data/1606268/0001606268-26-000040.txt
15-12G	882361	Aptose Biosciences Inc.	2026-07-01	edgar/data/882361/0001193125-26-291469.txt
25-NSE	1274173	Janus Henderson Group Ltc.	2026-07-01	edgar/data/1274173/0000876661-26-000587.txt
25-NSE	1320414	SELECT MEDICAL HOLDINGS CORP	2026-07-01	edgar/data/1320414/0000876661-26-000585.txt
25-NSE	1354457	Nasdaq Stock Market LLC	2026-07-01	edgar/data/1354457/0001354457-26-000630.txt
25-NSE	1354457	Nasdaq Stock Market LLC	2026-07-01	edgar/data/1354457/0001354457-26-000634.txt
25-NSE	1354457	Nasdaq Stock Market LLC	2026-07-01	edgar/data/1354457/0001354457-26-000635.txt
25-NSE	1354457	Nasdaq Stock Market LLC	2026-07-01	edgar/data/1354457/0001354457-26-000636.txt
25-NSE	1354457	Nasdaq Stock Market LLC	2026-07-01	edgar/data/1354457/0001354457-26-000638.txt
25-NSE	1462223	Nixxy, Inc.	2026-07-01	edgar/data/1462223/0001354457-26-000635.txt
25-NSE	1473844	Stellar Bancorp, Inc.	2026-07-01	edgar/data/1473844/0000876661-26-000583.txt
25-NSE	1567925	Sila Realty Trust, Inc.	2026-07-01	edgar/data/1567925/0000876661-26-000591.txt
25-NSE	1606268	Via Renewables, Inc.	2026-07-01	edgar/data/1606268/0001354457-26-000630.txt
25-NSE	1633931	QXO Insulation, LLC	2026-07-01	edgar/data/1633931/0000876661-26-000589.txt
25-NSE	1821159	EVgo Inc.	2026-07-01	edgar/data/1821159/0001354457-26-000636.txt
25-NSE	2034269	Cantor Equity Partners II, Inc.	2026-07-01	edgar/data/2034269/0001354457-26-000638.txt
25-NSE	2052161	Real Asset Acquisition Corp.	2026-07-01	edgar/data/2052161/0001354457-26-000634.txt
25-NSE	876661	NEW YORK STOCK EXCHANGE LLC	2026-07-01	edgar/data/876661/0000876661-26-000583.txt
25-NSE	876661	NEW YORK STOCK EXCHANGE LLC	2026-07-01	edgar/data/876661/0000876661-26-000585.txt
25-NSE	876661	NEW YORK STOCK EXCHANGE LLC	2026-07-01	edgar/data/876661/0000876661-26-000587.txt
25-NSE	876661	NEW YORK STOCK EXCHANGE LLC	2026-07-01	edgar/data/876661/0000876661-26-000589.txt
25-NSE	876661	NEW YORK STOCK EXCHANGE LLC	2026-07-01	edgar/data/876661/0000876661-26-000591.txt
25-NSE	1143362	NYSE ARCA, INC.	2026-07-02	edgar/data/1143362/0001143362-26-000237.txt
25-NSE	1722388	Tidal Trust III	2026-07-02	edgar/data/1722388/0001143362-26-000237.txt
25-NSE	1819438	ESS Tech, Inc.	2026-07-02	edgar/data/1819438/0000876661-26-000595.txt
25-NSE	34088	EXXON MOBIL CORP	2026-07-02	edgar/data/34088/0000876661-26-000593.txt
25-NSE	876661	NEW YORK STOCK EXCHANGE LLC	2026-07-02	edgar/data/876661/0000876661-26-000593.txt
25-NSE	876661	NEW YORK STOCK EXCHANGE LLC	2026-07-02	edgar/data/876661/0000876661-26-000595.txt
15-12G	1113423	COSCIENS Biopharma Inc.	2026-07-06	edgar/data/1113423/0001493152-26-032172.txt
15-12G	1127703	PROASSURANCE CORP	2026-07-06	edgar/data/1127703/0001127703-26-000038.txt
15-12G	1847903	Centessa Pharmaceuticals plc	2026-07-06	edgar/data/1847903/0001193125-26-295685.txt
15-12G	1866368	Clearwater Analytics Holdings, Inc.	2026-07-06	edgar/data/1866368/0001193125-26-295461.txt
25	1936157	Elevation Series Trust	2026-07-06	edgar/data/1936157/0001999371-26-014254.txt
25-NSE	1922097	Lanvin Group Holdings Ltd	2026-07-06	edgar/data/1922097/0000876661-26-000597.txt
25-NSE	876661	NEW YORK STOCK EXCHANGE LLC	2026-07-06	edgar/data/876661/0000876661-26-000597.txt
15-15D	1944485	Ford Credit Auto Owner Trust 2022-C	2026-07-07	edgar/data/1944485/0001944485-26-000028.txt
15-15D	2006654	BMW Vehicle Lease Trust 2024-1	2026-07-07	edgar/data/2006654/0000929638-26-002545.txt
25-NSE	1354457	Nasdaq Stock Market LLC	2026-07-07	edgar/data/1354457/0001354457-26-000642.txt
25-NSE	1354457	Nasdaq Stock Market LLC	2026-07-07	edgar/data/1354457/0001354457-26-000643.txt
25-NSE	14693	BROWN FORMAN CORP	2026-07-07	edgar/data/14693/0000876661-26-000602.txt
25-NSE	1808665	Assertio Holdings, Inc.	2026-07-07	edgar/data/1808665/0001354457-26-000643.txt
25-NSE	1868726	OLAPLEX HOLDINGS, INC.	2026-07-07	edgar/data/1868726/0001354457-26-000642.txt
25-NSE	876661	NEW YORK STOCK EXCHANGE LLC	2026-07-07	edgar/data/876661/0000876661-26-000602.txt
15-15D	1644697	GS Mortgage Securities Trust 2015-GC32	2026-07-08	edgar/data/1644697/0001888524-26-012458.txt
15-15D	1926999	World Omni Auto Receivables Trust 2022-B	2026-07-08	edgar/data/1926999/0001104659-26-081497.txt
25-NSE	1417835	Cboe BZX Exchange, Inc.	2026-07-08	edgar/data/1417835/0001417835-26-000205.txt
25-NSE	1552947	Two Roads Shared Trust	2026-07-08	edgar/data/1552947/0001417835-26-000205.txt
25-NSE	1870600	Solo Brands, Inc.	2026-07-08	edgar/data/1870600/0000876661-26-000606.txt
25-NSE	876661	NEW YORK STOCK EXCHANGE LLC	2026-07-08	edgar/data/876661/0000876661-26-000606.txt
25-NSE	1169445	TruBridge, Inc.	2026-07-09	edgar/data/1169445/0001354457-26-000655.txt
25-NSE	1354457	Nasdaq Stock Market LLC	2026-07-09	edgar/data/1354457/0001354457-26-000655.txt
25-NSE	1844224	FREYR Battery	2026-07-09	edgar/data/1844224/0000876661-26-000609.txt
25-NSE	876661	NEW YORK STOCK EXCHANGE LLC	2026-07-09	edgar/data/876661/0000876661-26-000609.txt
15-12G	1802457	Origin Materials, Inc.	2026-07-10	edgar/data/1802457/0001802457-26-000050.txt
15-12G	1900520	Lomond Therapeutics Holdings, Inc.	2026-07-10	edgar/data/1900520/0001213900-26-077133.txt
25-NSE	1354457	Nasdaq Stock Market LLC	2026-07-10	edgar/data/1354457/0001354457-26-000658.txt
25-NSE	1354457	Nasdaq Stock Market LLC	2026-07-10	edgar/data/1354457/0001354457-26-000659.txt
25-NSE	1354457	Nasdaq Stock Market LLC	2026-07-10	edgar/data/1354457/0001354457-26-000660.txt
25-NSE	1354457	Nasdaq Stock Market LLC	2026-07-10	edgar/data/1354457/0001354457-26-000663.txt
25-NSE	1354457	Nasdaq Stock Market LLC	2026-07-10	edgar/data/1354457/0001354457-26-000665.txt
25-NSE	1354457	Nasdaq Stock Market LLC	2026-07-10	edgar/data/1354457/0001354457-26-000666.txt
25-NSE	1415726	Innovator ETFs Trust	2026-07-10	edgar/data/1415726/0001354457-26-000665.txt
25-NSE	1742927	REVIVA PHARMACEUTICALS HOLDINGS, INC.	2026-07-10	edgar/data/1742927/0001354457-26-000658.txt
25-NSE	1808220	GoHealth, Inc.	2026-07-10	edgar/data/1808220/0001354457-26-000659.txt
25-NSE	1901336	Alchemy Investments Acquisition Corp 1	2026-07-10	edgar/data/1901336/0001354457-26-000663.txt
25-NSE	1992243	T1 Energy Inc.	2026-07-10	edgar/data/1992243/0000876661-26-000611.txt
25-NSE	2074850	Spring Valley Acquisition Corp. III	2026-07-10	edgar/data/2074850/0001354457-26-000666.txt
25-NSE	720154	Inotiv, Inc.	2026-07-10	edgar/data/720154/0001354457-26-000660.txt
25-NSE	876661	NEW YORK STOCK EXCHANGE LLC	2026-07-10	edgar/data/876661/0000876661-26-000611.txt
15-12G	1274173	Janus Henderson Group Ltd.	2026-07-13	edgar/data/1274173/0001104659-26-082914.txt
15-12G	1320414	SELECT MEDICAL HOLDINGS CORP	2026-07-13	edgar/data/1320414/0001104659-26-082845.txt
15-12G	1473844	Stellar Bancorp, Inc.	2026-07-13	edgar/data/1473844/0001193125-26-301713.txt
15-12G	1567925	Sila Realty Trust, Inc.	2026-07-13	edgar/data/1567925/0001140361-26-028268.txt
15-12G	1633931	QXO Insulation, LLC	2026-07-13	edgar/data/1633931/0001104659-26-083126.txt
15-12G	2034269	Cantor Equity Partners II, Inc.	2026-07-13	edgar/data/2034269/0001213900-26-077580.txt
15-12G	2052161	Real Asset Acquisition Corp.	2026-07-13	edgar/data/2052161/0001213900-26-077544.txt
15-15D	2043380	Janus Henderson US (Holdings) Inc.	2026-07-13	edgar/data/2043380/0001104659-26-082913.txt
25-NSE	1141819	TRUST FOR PROFESSIONAL MANAGERS	2026-07-13	edgar/data/1141819/0001354457-26-000677.txt
25-NSE	1143313	NYSE AMERICAN LLC	2026-07-13	edgar/data/1143313/0001143313-26-000039.txt
25-NSE	1354457	Nasdaq Stock Market LLC	2026-07-13	edgar/data/1354457/0001354457-26-000667.txt
25-NSE	1354457	Nasdaq Stock Market LLC	2026-07-13	edgar/data/1354457/0001354457-26-000668.txt
25-NSE	1354457	Nasdaq Stock Market LLC	2026-07-13	edgar/data/1354457/0001354457-26-000670.txt
25-NSE	1354457	Nasdaq Stock Market LLC	2026-07-13	edgar/data/1354457/0001354457-26-000672.txt
25-NSE	1354457	Nasdaq Stock Market LLC	2026-07-13	edgar/data/1354457/0001354457-26-000673.txt
25-NSE	1354457	Nasdaq Stock Market LLC	2026-07-13	edgar/data/1354457/0001354457-26-000674.txt
25-NSE	1354457	Nasdaq Stock Market LLC	2026-07-13	edgar/data/1354457/0001354457-26-000675.txt
25-NSE	1354457	Nasdaq Stock Market LLC	2026-07-13	edgar/data/1354457/0001354457-26-000676.txt
25-NSE	1354457	Nasdaq Stock Market LLC	2026-07-13	edgar/data/1354457/0001354457-26-000677.txt
25-NSE	1434868	Esperion Therapeutics, Inc.	2026-07-13	edgar/data/1434868/0001354457-26-000668.txt
25-NSE	1837254	Functional Brands Inc.	2026-07-13	edgar/data/1837254/0001354457-26-000673.txt
25-NSE	1843588	REE Automotive Ltd.	2026-07-13	edgar/data/1843588/0001354457-26-000675.txt
25-NSE	1870404	CERO THERAPEUTICS HOLDINGS, INC.	2026-07-13	edgar/data/1870404/0001354457-26-000670.txt
25-NSE	1879373	GRAPHJET TECHNOLOGY	2026-07-13	edgar/data/1879373/0001354457-26-000672.txt
25-NSE	1901799	Bitcoin Depot Inc.	2026-07-13	edgar/data/1901799/0001354457-26-000674.txt
25-NSE	1973056	Bowen Acquisition Corp	2026-07-13	edgar/data/1973056/0001354457-26-000667.txt
25-NSE	2014955	Smart Digital Group Ltd	2026-07-13	edgar/data/2014955/0001354457-26-000676.txt
25-NSE	895574	abrdn National Municipal Income Fund	2026-07-13	edgar/data/895574/0001143313-26-000039.txt
25	1371782	MV Oil Trust	2026-07-14	edgar/data/1371782/0001104659-26-083506.txt
25-NSE	1141284	ACTELIS NETWORKS INC	2026-07-14	edgar/data/1141284/0001354457-26-000684.txt
25-NSE	1175535	Whitestone REIT	2026-07-14	edgar/data/1175535/0000876661-26-000617.txt
25-NSE	1354457	Nasdaq Stock Market LLC	2026-07-14	edgar/data/1354457/0001354457-26-000681.txt
25-NSE	1354457	Nasdaq Stock Market LLC	2026-07-14	edgar/data/1354457/0001354457-26-000682.txt
25-NSE	1354457	Nasdaq Stock Market LLC	2026-07-14	edgar/data/1354457/0001354457-26-000683.txt
25-NSE	1354457	Nasdaq Stock Market LLC	2026-07-14	edgar/data/1354457/0001354457-26-000684.txt
25-NSE	1354457	Nasdaq Stock Market LLC	2026-07-14	edgar/data/1354457/0001354457-26-000685.txt
25-NSE	1354457	Nasdaq Stock Market LLC	2026-07-14	edgar/data/1354457/0001354457-26-000686.txt
25-NSE	1354457	Nasdaq Stock Market LLC	2026-07-14	edgar/data/1354457/0001354457-26-000691.txt
25-NSE	1354457	Nasdaq Stock Market LLC	2026-07-14	edgar/data/1354457/0001354457-26-000692.txt
25-NSE	1575828	EXPRO GROUP HOLDINGS N.V.	2026-07-14	edgar/data/1575828/0000876661-26-000619.txt
25-NSE	1579214	Emerald Holding, Inc.	2026-07-14	edgar/data/1579214/0000876661-26-000615.txt
25-NSE	1648087	AMERICAN REBEL HOLDINGS INC	2026-07-14	edgar/data/1648087/0001354457-26-000686.txt
25-NSE	1754323	X3 Holdings Co., Ltd.	2026-07-14	edgar/data/1754323/0001354457-26-000683.txt
25-NSE	1759136	Blue Hat Interactive Entertainment Technology	2026-07-14	edgar/data/1759136/0001354457-26-000685.txt
25-NSE	1796383	Siren ETF Trust	2026-07-14	edgar/data/1796383/0001354457-26-000692.txt
25-NSE	1967478	Captivision Inc.	2026-07-14	edgar/data/1967478/0001354457-26-000681.txt
25-NSE	791908	XOMA Royalty Corp	2026-07-14	edgar/data/791908/0001354457-26-000691.txt
25-NSE	827187	Sleep Number Corp	2026-07-14	edgar/data/827187/0001354457-26-000682.txt
25-NSE	876661	NEW YORK STOCK EXCHANGE LLC	2026-07-14	edgar/data/876661/0000876661-26-000615.txt
25-NSE	876661	NEW YORK STOCK EXCHANGE LLC	2026-07-14	edgar/data/876661/0000876661-26-000617.txt
25-NSE	876661	NEW YORK STOCK EXCHANGE LLC	2026-07-14	edgar/data/876661/0000876661-26-000619.txt
25	811030	PROFESSIONALLY MANAGED PORTFOLIOS	2026-07-15	edgar/data/811030/0000894189-26-021176.txt
25-NSE	1143362	NYSE ARCA, INC.	2026-07-15	edgar/data/1143362/0001143362-26-000258.txt
25-NSE	1354457	Nasdaq Stock Market LLC	2026-07-15	edgar/data/1354457/0001354457-26-000693.txt
25-NSE	1354457	Nasdaq Stock Market LLC	2026-07-15	edgar/data/1354457/0001354457-26-000694.txt
25-NSE	1354457	Nasdaq Stock Market LLC	2026-07-15	edgar/data/1354457/0001354457-26-000695.txt
25-NSE	1354457	Nasdaq Stock Market LLC	2026-07-15	edgar/data/1354457/0001354457-26-000696.txt
25-NSE	1369568	CATALYST PHARMACEUTICALS, INC.	2026-07-15	edgar/data/1369568/0001354457-26-000694.txt
25-NSE	1415726	Innovator ETFs Trust	2026-07-15	edgar/data/1415726/0001143362-26-000258.txt
25-NSE	1689873	GraniteShares ETF Trust	2026-07-15	edgar/data/1689873/0001354457-26-000696.txt
25-NSE	1837493	QTREX Quantum Ltd.	2026-07-15	edgar/data/1837493/0001354457-26-000695.txt
25-NSE	1861560	Nuvalent, Inc.	2026-07-15	edgar/data/1861560/0001354457-26-000693.txt
15-12G	1287032	PROSPECT CAPITAL CORP	2026-07-16	edgar/data/1287032/0001287032-26-000233.txt
15-12G	1642159	Sigyn Therapeutics, Inc.	2026-07-16	edgar/data/1642159/0001493152-26-033421.txt
15-15D	1924957	Santander Drive Auto Receivables Trust 2022-3	2026-07-16	edgar/data/1924957/0001193125-26-306047.txt
25	1432364	AZUL SA	2026-07-16	edgar/data/1432364/0001292814-26-003772.txt
25-NSE	1354457	Nasdaq Stock Market LLC	2026-07-16	edgar/data/1354457/0001354457-26-000697.txt
25-NSE	1354457	Nasdaq Stock Market LLC	2026-07-16	edgar/data/1354457/0001354457-26-000698.txt
25-NSE	1805385	Evolv Technologies Holdings, Inc.	2026-07-16	edgar/data/1805385/0001354457-26-000698.txt
25-NSE	1822928	Holley Inc.	2026-07-16	edgar/data/1822928/0000876661-26-000625.txt
25-NSE	791908	XOMA Royalty Corp	2026-07-16	edgar/data/791908/0001354457-26-000697.txt
25-NSE	876661	NEW YORK STOCK EXCHANGE LLC	2026-07-16	edgar/data/876661/0000876661-26-000623.txt
25-NSE	876661	NEW YORK STOCK EXCHANGE LLC	2026-07-16	edgar/data/876661/0000876661-26-000625.txt
25-NSE	892553	CHART INDUSTRIES INC	2026-07-16	edgar/data/892553/0000876661-26-000623.txt
15-12G	1868726	OLAPLEX HOLDINGS, INC.	2026-07-17	edgar/data/1868726/0001193125-26-307059.txt
15-15D	2050338	Collab Z Inc.	2026-07-17	edgar/data/2050338/0001213900-26-079111.txt
15-15D	1676446	Freenome Holdings, Inc.	2026-07-20	edgar/data/1676446/0001140361-26-028967.txt
25-NSE	1143313	NYSE AMERICAN LLC	2026-07-20	edgar/data/1143313/0001143313-26-000042.txt
25-NSE	1160791	GOLD RESOURCE CORP	2026-07-20	edgar/data/1160791/0001143313-26-000042.txt
25-NSE	1354457	Nasdaq Stock Market LLC	2026-07-20	edgar/data/1354457/0001354457-26-000704.txt
25-NSE	1354457	Nasdaq Stock Market LLC	2026-07-20	edgar/data/1354457/0001354457-26-000706.txt
25-NSE	1354457	Nasdaq Stock Market LLC	2026-07-20	edgar/data/1354457/0001354457-26-000707.txt
25-NSE	1354457	Nasdaq Stock Market LLC	2026-07-20	edgar/data/1354457/0001354457-26-000709.txt
25-NSE	1354457	Nasdaq Stock Market LLC	2026-07-20	edgar/data/1354457/0001354457-26-000710.txt
25-NSE	1493225	Northfield Bancorp, Inc.	2026-07-20	edgar/data/1493225/0001354457-26-000710.txt
25-NSE	1518461	AmpliTech Group, Inc.	2026-07-20	edgar/data/1518461/0001354457-26-000707.txt
25-NSE	1718512	Gates Industrial Corp Ltd.	2026-07-20	edgar/data/1718512/0000876661-26-000632.txt
25-NSE	1805077	Eos Energy Enterprises, Inc.	2026-07-20	edgar/data/1805077/0001354457-26-000704.txt
25-NSE	1805521	FARADAY FUTURE INTELLIGENT ELECTRIC INC.	2026-07-20	edgar/data/1805521/0001354457-26-000706.txt
25-NSE	1818502	OppFi Inc.	2026-07-20	edgar/data/1818502/0000876661-26-000627.txt
25-NSE	2017526	Freenome, Inc.	2026-07-20	edgar/data/2017526/0001354457-26-000709.txt
25-NSE	31791	REVVITY, INC.	2026-07-20	edgar/data/31791/0000876661-26-000629.txt
25-NSE	876661	NEW YORK STOCK EXCHANGE LLC	2026-07-20	edgar/data/876661/0000876661-26-000627.txt
25-NSE	876661	NEW YORK STOCK EXCHANGE LLC	2026-07-20	edgar/data/876661/0000876661-26-000629.txt
25-NSE	876661	NEW YORK STOCK EXCHANGE LLC	2026-07-20	edgar/data/876661/0000876661-26-000632.txt
15-12G	1723596	Columbia Financial, Inc.	2026-07-21	edgar/data/1723596/0001193125-26-309130.txt
15-12G	1808220	GoHealth, Inc.	2026-07-21	edgar/data/1808220/0001628280-26-049066.txt
25	1484018	Spinnaker ETF Series	2026-07-21	edgar/data/1484018/0001999371-26-015508.txt
25-NSE	1141103	CROSS COUNTRY HEALTHCARE INC	2026-07-21	edgar/data/1141103/0001354457-26-000712.txt
25-NSE	1354457	Nasdaq Stock Market LLC	2026-07-21	edgar/data/1354457/0001354457-26-000712.txt
25-NSE	1354457	Nasdaq Stock Market LLC	2026-07-21	edgar/data/1354457/0001354457-26-000715.txt
25-NSE	1417835	Cboe BZX Exchange, Inc.	2026-07-21	edgar/data/1417835/0001417835-26-000215.txt
25-NSE	1727074	PGIM ETF TRUST	2026-07-21	edgar/data/1727074/0001417835-26-000215.txt
25-NSE	1818331	GeneDx Holdings Corp.	2026-07-21	edgar/data/1818331/0001354457-26-000715.txt
25-NSE	1855457	KORE Group Holdings, Inc.	2026-07-21	edgar/data/1855457/0000876661-26-000635.txt
25-NSE	876661	NEW YORK STOCK EXCHANGE LLC	2026-07-21	edgar/data/876661/0000876661-26-000635.txt
15-12G	1717310	Venture Lending & Leasing IX, Inc.	2026-07-22	edgar/data/1717310/0001717310-26-000018.txt
25	1173382	CAE INC	2026-07-22	edgar/data/1173382/0001173382-26-000036.txt
25-NSE	1354457	Nasdaq Stock Market LLC	2026-07-22	edgar/data/1354457/0001354457-26-000719.txt
25-NSE	1354457	Nasdaq Stock Market LLC	2026-07-22	edgar/data/1354457/0001354457-26-000720.txt
25-NSE	1618563	National Storage Affiliates Trust	2026-07-22	edgar/data/1618563/0000876661-26-000637.txt
25-NSE	1752828	Celularity Inc	2026-07-22	edgar/data/1752828/0001354457-26-000719.txt
25-NSE	1760689	Microvast Holdings, Inc.	2026-07-22	edgar/data/1760689/0001354457-26-000720.txt
25-NSE	876661	NEW YORK STOCK EXCHANGE LLC	2026-07-22	edgar/data/876661/0000876661-26-000637.txt
15-12G	1434868	Esperion Therapeutics, Inc.	2026-07-23	edgar/data/1434868/0001104659-26-086097.txt
15-15D	1630513	Wells Fargo Commercial Mortgage Trust 2015-C26	2026-07-23	edgar/data/1630513/0001888524-26-012994.txt
15-15D	1954336	ALLY AUTO RECEIVABLES TRUST 2022-3	2026-07-23	edgar/data/1954336/0001954336-26-000044.txt
15-12G	1169445	TruBridge, Inc.	2026-07-24	edgar/data/1169445/0001193125-26-316253.txt
15-12G	1175535	Whitestone REIT	2026-07-24	edgar/data/1175535/0001193125-26-315141.txt
15-12G	1369568	CATALYST PHARMACEUTICALS, INC.	2026-07-24	edgar/data/1369568/0001193125-26-315836.txt
15-12G	1575828	EXPRO GROUP HOLDINGS N.V.	2026-07-24	edgar/data/1575828/0001104659-26-086693.txt
15-12G	1579214	Emerald Holding, Inc.	2026-07-24	edgar/data/1579214/0001193125-26-315229.txt
15-15D	1932485	Hyundai Auto Receivables Trust 2022-B	2026-07-24	edgar/data/1932485/0001104659-26-086457.txt
25	1786108	Trinity Capital Inc.	2026-07-24	edgar/data/1786108/0001213900-26-081363.txt
25	1907982	D-Wave Quantum Inc.	2026-07-24	edgar/data/1907982/0001907982-26-000114.txt
25-NSE	1089113	HSBC HOLDINGS PLC	2026-07-24	edgar/data/1089113/0000876661-26-000642.txt
25-NSE	1143362	NYSE ARCA, INC.	2026-07-24	edgar/data/1143362/0001143362-26-000264.txt
25-NSE	1143362	NYSE ARCA, INC.	2026-07-24	edgar/data/1143362/0001143362-26-000268.txt
25-NSE	1454889	SCHWAB STRATEGIC TRUST	2026-07-24	edgar/data/1454889/0001143362-26-000264.txt
25-NSE	1547950	Exchange Listed Funds Trust	2026-07-24	edgar/data/1547950/0001143362-26-000268.txt
25-NSE	1562476	Taylor Morrison Home Corp	2026-07-24	edgar/data/1562476/0000876661-26-000640.txt
25-NSE	876661	NEW YORK STOCK EXCHANGE LLC	2026-07-24	edgar/data/876661/0000876661-26-000640.txt
25-NSE	876661	NEW YORK STOCK EXCHANGE LLC	2026-07-24	edgar/data/876661/0000876661-26-000642.txt
15-12G	1141103	CROSS COUNTRY HEALTHCARE INC	2026-07-27	edgar/data/1141103/0000950103-26-011200.txt
15-12G	1812173	Vicarious Surgical Inc.	2026-07-27	edgar/data/1812173/0001213900-26-081813.txt
15-12G	1861560	Nuvalent, Inc.	2026-07-27	edgar/data/1861560/0001193125-26-318058.txt
15-12G	791908	XOMA Royalty Corp	2026-07-27	edgar/data/791908/0001193125-26-318235.txt
15-15D	2069858	APEX Global Solutions Ltd	2026-07-27	edgar/data/2069858/0001213900-26-081632.txt
25	1439124	AXIA Energia S.A.	2026-07-27	edgar/data/1439124/0001292814-26-003918.txt
25-NSE	1354457	Nasdaq Stock Market LLC	2026-07-27	edgar/data/1354457/0001354457-26-000730.txt
25-NSE	1354457	Nasdaq Stock Market LLC	2026-07-27	edgar/data/1354457/0001354457-26-000732.txt
25-NSE	1606498	AVANOS MEDICAL, INC.	2026-07-27	edgar/data/1606498/0000876661-26-000646.txt
25-NSE	1824403	Reservoir Media, Inc.	2026-07-27	edgar/data/1824403/0001354457-26-000730.txt
25-NSE	2006291	Churchill Capital Corp IX/Cayman	2026-07-27	edgar/data/2006291/0001354457-26-000732.txt
25-NSE	876661	NEW YORK STOCK EXCHANGE LLC	2026-07-27	edgar/data/876661/0000876661-26-000646.txt
15-12G	1371782	MV Oil Trust	2026-07-28	edgar/data/1371782/0001104659-26-087484.txt
15-12G	2032950	Horizon Space Acquisition II Corp.	2026-07-28	edgar/data/2032950/0001929980-26-000388.txt
15-12G	2045458	Stonepeak-Plus Infrastructure Fund LP	2026-07-28	edgar/data/2045458/0002045458-26-000028.txt
25	1540305	ETF Series Solutions	2026-07-28	edgar/data/1540305/0000894189-26-021505.txt
25-NSE	1354457	Nasdaq Stock Market LLC	2026-07-28	edgar/data/1354457/0001354457-26-000736.txt
25-NSE	1354457	Nasdaq Stock Market LLC	2026-07-28	edgar/data/1354457/0001354457-26-000737.txt
25-NSE	1354457	Nasdaq Stock Market LLC	2026-07-28	edgar/data/1354457/0001354457-26-000738.txt
25-NSE	1354457	Nasdaq Stock Market LLC	2026-07-28	edgar/data/1354457/0001354457-26-000739.txt
25-NSE	1417835	Cboe BZX Exchange, Inc.	2026-07-28	edgar/data/1417835/0001417835-26-000226.txt
25-NSE	1417835	Cboe BZX Exchange, Inc.	2026-07-28	edgar/data/1417835/0001417835-26-000229.txt
25-NSE	1417835	Cboe BZX Exchange, Inc.	2026-07-28	edgar/data/1417835/0001417835-26-000233.txt
25-NSE	1771146	ETF Opportunities Trust	2026-07-28	edgar/data/1771146/0001417835-26-000226.txt
25-NSE	1771146	ETF Opportunities Trust	2026-07-28	edgar/data/1771146/0001417835-26-000229.txt
25-NSE	1771146	ETF Opportunities Trust	2026-07-28	edgar/data/1771146/0001417835-26-000233.txt
25-NSE	1976322	Themes ETF Trust	2026-07-28	edgar/data/1976322/0001354457-26-000736.txt
25-NSE	1976322	Themes ETF Trust	2026-07-28	edgar/data/1976322/0001354457-26-000737.txt
25-NSE	1976322	Themes ETF Trust	2026-07-28	edgar/data/1976322/0001354457-26-000738.txt
25-NSE	1976322	Themes ETF Trust	2026-07-28	edgar/data/1976322/0001354457-26-000739.txt
15-12G	720154	Inotiv, Inc.	2026-07-29	edgar/data/720154/0001104659-26-088082.txt
15-12G	892553	CHART INDUSTRIES INC	2026-07-29	edgar/data/892553/0001193125-26-322203.txt
25-NSE	1143362	NYSE ARCA, INC.	2026-07-29	edgar/data/1143362/0001143362-26-000272.txt
25-NSE	1551950	Columbia ETF Trust I	2026-07-29	edgar/data/1551950/0001143362-26-000272.txt
15-12G	1160791	GOLD RESOURCE CORP	2026-07-30	edgar/data/1160791/0001104659-26-088657.txt
15-12G	1556801	My City Builders, Inc.	2026-07-30	edgar/data/1556801/0001640334-26-001259.txt
15-12G	1718512	Gates Industrial Corp Ltd.	2026-07-30	edgar/data/1718512/0001628280-26-051094.txt
15-15D	1891012	Exeter Automobile Receivables Trust 2021-4	2026-07-30	edgar/data/1891012/0000929638-26-002841.txt
15-15D	1914281	Toyota Auto Receivables 2022-B Owner Trust	2026-07-30	edgar/data/1914281/0000929638-26-002810.txt
25-NSE	1323468	GLOBAL PARTNERS LP	2026-07-30	edgar/data/1323468/0000876661-26-000650.txt
25-NSE	1354457	Nasdaq Stock Market LLC	2026-07-30	edgar/data/1354457/0001354457-26-000741.txt
25-NSE	1806201	Open Lending Corp	2026-07-30	edgar/data/1806201/0001354457-26-000741.txt
25-NSE	876661	NEW YORK STOCK EXCHANGE LLC	2026-07-30	edgar/data/876661/0000876661-26-000650.txt
15-12G	1711570	Uranium Royalty Corp. /CA	2026-07-31	edgar/data/1711570/0001493152-26-035517.txt
15-12G	1808665	Assertio Holdings, Inc.	2026-07-31	edgar/data/1808665/0001104659-26-089132.txt
15-12G	1855457	KORE Group Holdings, Inc.	2026-07-31	edgar/data/1855457/0001140361-26-030503.txt
15-15D	1932377	GM Financial Consumer Automobile Receivables Trust 2022-3	2026-07-31	edgar/data/1932377/0001932377-26-000030.txt
15-15D	1999583	Nissan Auto Lease Trust 2024-A	2026-07-31	edgar/data/1999583/0001193125-26-326433.txt
15-15D	2006652	GM Financial Automobile Leasing Trust 2024-1	2026-07-31	edgar/data/2006652/0002006652-26-000029.txt
25	885508	STRATUS PROPERTIES INC	2026-07-31	edgar/data/885508/0000885508-26-000037.txt
25-NSE	1143313	NYSE AMERICAN LLC	2026-07-31	edgar/data/1143313/0001143313-26-000045.txt
25-NSE	1354457	Nasdaq Stock Market LLC	2026-07-31	edgar/data/1354457/0001354457-26-000745.txt
25-NSE	1354457	Nasdaq Stock Market LLC	2026-07-31	edgar/data/1354457/0001354457-26-000746.txt
25-NSE	1354457	Nasdaq Stock Market LLC	2026-07-31	edgar/data/1354457/0001354457-26-000747.txt
25-NSE	1680056	Orla Mining Ltd.	2026-07-31	edgar/data/1680056/0001143313-26-000045.txt
25-NSE	1691507	Community First Bancshares, Inc.	2026-07-31	edgar/data/1691507/0001354457-26-000747.txt
25-NSE	1819974	SkyWater Technology, Inc	2026-07-31	edgar/data/1819974/0001354457-26-000745.txt
25-NSE	1858681	Apollo Global Management, Inc.	2026-07-31	edgar/data/1858681/0000876661-26-000653.txt
25-NSE	351789	ELECTRO SENSORS INC	2026-07-31	edgar/data/351789/0001354457-26-000746.txt
25-NSE	876661	NEW YORK STOCK EXCHANGE LLC	2026-07-31	edgar/data/876661/0000876661-26-000653.txt
15-12G	1493225	Northfield Bancorp, Inc.	2026-08-03	edgar/data/1493225/0001193125-26-330013.txt
15-12G	1618563	National Storage Affiliates Trust	2026-08-03	edgar/data/1618563/0001104659-26-089475.txt
15-12G	1899996	Fidelity Private Credit Co LLC	2026-08-03	edgar/data/1899996/0001193125-26-329407.txt
15-12G	827187	Sleep Number Corp	2026-08-03	edgar/data/827187/0000950103-26-011604.txt
25-NSE	1413329	Philip Morris International Inc.	2026-08-03	edgar/data/1413329/0000876661-26-000655.txt
25-NSE	80424	PROCTER & GAMBLE Co	2026-08-03	edgar/data/80424/0000876661-26-000657.txt
25-NSE	876661	NEW YORK STOCK EXCHANGE LLC	2026-08-03	edgar/data/876661/0000876661-26-000655.txt
25-NSE	876661	NEW YORK STOCK EXCHANGE LLC	2026-08-03	edgar/data/876661/0000876661-26-000657.txt
15-12G	1562476	Taylor Morrison Home Corp	2026-08-04	edgar/data/1562476/0001193125-26-332021.txt
15-12G	1563577	Galera Therapeutics, Inc.	2026-08-04	edgar/data/1563577/0001193125-26-332816.txt
25-NSE	1354457	Nasdaq Stock Market LLC	2026-08-04	edgar/data/1354457/0001354457-26-000757.txt
25-NSE	1417835	Cboe BZX Exchange, Inc.	2026-08-04	edgar/data/1417835/0001417835-26-000244.txt
25-NSE	1417835	Cboe BZX Exchange, Inc.	2026-08-04	edgar/data/1417835/0001417835-26-000246.txt
25-NSE	1417835	Cboe BZX Exchange, Inc.	2026-08-04	edgar/data/1417835/0001417835-26-000249.txt
25-NSE	1417835	Cboe BZX Exchange, Inc.	2026-08-04	edgar/data/1417835/0001417835-26-000251.txt
25-NSE	1516212	SSGA Active Trust	2026-08-04	edgar/data/1516212/0001417835-26-000246.txt
25-NSE	1517496	SOLAI Ltd	2026-08-04	edgar/data/1517496/0000876661-26-000659.txt
25-NSE	1552947	Two Roads Shared Trust	2026-08-04	edgar/data/1552947/0001417835-26-000244.txt
25-NSE	1552947	Two Roads Shared Trust	2026-08-04	edgar/data/1552947/0001417835-26-000249.txt
25-NSE	1552947	Two Roads Shared Trust	2026-08-04	edgar/data/1552947/0001417835-26-000251.txt
25-NSE	712515	ELECTRONIC ARTS INC.	2026-08-04	edgar/data/712515/0001354457-26-000757.txt
25-NSE	876661	NEW YORK STOCK EXCHANGE LLC	2026-08-04	edgar/data/876661/0000876661-26-000659.txt
15-12G	1433309	Plastec Technologies, Ltd.	2026-08-05	edgar/data/1433309/0001104659-26-090723.txt
15-15D	1578422	GS Mortgage Securities Trust 2013-GC13	2026-08-05	edgar/data/1578422/0001853620-26-000188.txt
15-12G	1606498	AVANOS MEDICAL, INC.	2026-08-06	edgar/data/1606498/0001606498-26-000120.txt
25-NSE	1143362	NYSE ARCA, INC.	2026-08-06	edgar/data/1143362/0001143362-26-000281.txt
25-NSE	1593547	Advisors' Inner Circle Fund III	2026-08-06	edgar/data/1593547/0001143362-26-000281.txt
15-12G	1851909	Compass Digital Acquisition Corp.	2026-08-07	edgar/data/1851909/0001493152-26-036556.txt
15F-12B	1439124	AXIA Energia S.A.	2026-08-07	edgar/data/1439124/0001292814-26-004140.txt
25-NSE	1160106	Lloyds Banking Group plc	2026-08-07	edgar/data/1160106/0000876661-26-000664.txt
25-NSE	1354457	Nasdaq Stock Market LLC	2026-08-07	edgar/data/1354457/0001354457-26-000768.txt
25-NSE	1354457	Nasdaq Stock Market LLC	2026-08-07	edgar/data/1354457/0001354457-26-000770.txt
25-NSE	1354457	Nasdaq Stock Market LLC	2026-08-07	edgar/data/1354457/0001354457-26-000771.txt
25-NSE	1691507	Community First Bancshares, Inc.	2026-08-07	edgar/data/1691507/0001354457-26-000768.txt
25-NSE	1823406	Affinity Bancshares, Inc.	2026-08-07	edgar/data/1823406/0001354457-26-000771.txt
25-NSE	1824893	Surrozen, Inc./DE	2026-08-07	edgar/data/1824893/0001354457-26-000770.txt
25-NSE	876661	NEW YORK STOCK EXCHANGE LLC	2026-08-07	edgar/data/876661/0000876661-26-000664.txt
15-12G	1323468	GLOBAL PARTNERS LP	2026-08-10	edgar/data/1323468/0001104659-26-093411.txt
15-12G	1631574	Wave Life Sciences, Inc.	2026-08-10	edgar/data/1631574/0001193125-26-340683.txt
15-12G	1710495	PINEAPPLE EXPRESS CANNABIS Co	2026-08-10	edgar/data/1710495/0001710495-26-000006.txt
15-12G	1806201	Open Lending Corp	2026-08-10	edgar/data/1806201/0001193125-26-341570.txt
15-12G	1819974	SkyWater Technology, LLC	2026-08-10	edgar/data/1819974/0000950142-26-002290.txt
15-12G	1967306	Mercer Bancorp, Inc.	2026-08-10	edgar/data/1967306/0000943374-26-000370.txt
15-12G	351789	ELECTRO SENSORS INC	2026-08-10	edgar/data/351789/0001140361-26-031958.txt
15-12G	885508	STRATUS PROPERTIES INC	2026-08-10	edgar/data/885508/0000885508-26-000040.txt
15-15D	885508	STRATUS PROPERTIES INC	2026-08-10	edgar/data/885508/0000885508-26-000044.txt
15F-12B	1680056	Orla Mining Ltd.	2026-08-10	edgar/data/1680056/0000950142-26-002293.txt
25	1953575	Collective Mining Ltd.	2026-08-10	edgar/data/1953575/0001213900-26-087223.txt
25-NSE	1143362	NYSE ARCA, INC.	2026-08-10	edgar/data/1143362/0001143362-26-000284.txt
25-NSE	1282850	FIRST TRUST SENIOR FLOATING RATE INCOME FUND II	2026-08-10	edgar/data/1282850/0000876661-26-000668.txt
25-NSE	1417835	Cboe BZX Exchange, Inc.	2026-08-10	edgar/data/1417835/0001417835-26-000258.txt
25-NSE	1540305	ETF Series Solutions	2026-08-10	edgar/data/1540305/0001417835-26-000258.txt
25-NSE	1819848	Joby Aviation, Inc.	2026-08-10	edgar/data/1819848/0000876661-26-000666.txt
25-NSE	1928561	Bitwise Funds Trust	2026-08-10	edgar/data/1928561/0001143362-26-000284.txt
25-NSE	876661	NEW YORK STOCK EXCHANGE LLC	2026-08-10	edgar/data/876661/0000876661-26-000666.txt
25-NSE	876661	NEW YORK STOCK EXCHANGE LLC	2026-08-10	edgar/data/876661/0000876661-26-000668.txt
15-12G	1461219	GRAHAM ALTERNATIVE INVESTMENT FUND I LLC	2026-08-11	edgar/data/1461219/0001140361-26-032219.txt
15-12G	1461237	GRAHAM ALTERNATIVE INVESTMENT FUND II LLC	2026-08-11	edgar/data/1461237/0001140361-26-032221.txt
15-12G	1757143	Aesthetic Medical International Holdings Group Ltd	2026-08-11	edgar/data/1757143/0001185185-26-003370.txt
15-12G	1858681	Apollo Global Management, Inc.	2026-08-11	edgar/data/1858681/0000950142-26-002302.txt
25-NSE	1354457	Nasdaq Stock Market LLC	2026-08-11	edgar/data/1354457/0001354457-26-000776.txt
25-NSE	1781162	Momentus Inc.	2026-08-11	edgar/data/1781162/0001354457-26-000776.txt
25-NSE	1863006	Valens Semiconductor Ltd.	2026-08-11	edgar/data/1863006/0000876661-26-000675.txt
25-NSE	876661	NEW YORK STOCK EXCHANGE LLC	2026-08-11	edgar/data/876661/0000876661-26-000675.txt
25-NSE	1354457	Nasdaq Stock Market LLC	2026-08-12	edgar/data/1354457/0001354457-26-000782.txt
25-NSE	1354457	Nasdaq Stock Market LLC	2026-08-12	edgar/data/1354457/0001354457-26-000783.txt
25-NSE	1645873	MODIV INDUSTRIAL, INC.	2026-08-12	edgar/data/1645873/0000876661-26-000679.txt
25-NSE	1761055	BlackRock ETF Trust	2026-08-12	edgar/data/1761055/0001354457-26-000783.txt
25-NSE	1854149	Agriculture & Natural Solutions Acquisition Corp	2026-08-12	edgar/data/1854149/0001354457-26-000782.txt
25-NSE	876661	NEW YORK STOCK EXCHANGE LLC	2026-08-12	edgar/data/876661/0000876661-26-000679.txt
15-12G	1984739	Investcorp US Private Credit BDC II Liquidating Trust	2026-08-13	edgar/data/1984739/0001193125-26-349273.txt
25-NSE	1143362	NYSE ARCA, INC.	2026-08-13	edgar/data/1143362/0001143362-26-000294.txt
25-NSE	1354457	Nasdaq Stock Market LLC	2026-08-13	edgar/data/1354457/0001354457-26-000785.txt
25-NSE	1500604	Janus Detroit Street Trust	2026-08-13	edgar/data/1500604/0001143362-26-000294.txt
25-NSE	1630805	Babcock & Wilcox Enterprises, Inc.	2026-08-13	edgar/data/1630805/0000876661-26-000682.txt
25-NSE	1818644	AEye, Inc.	2026-08-13	edgar/data/1818644/0001354457-26-000785.txt
25-NSE	876661	NEW YORK STOCK EXCHANGE LLC	2026-08-13	edgar/data/876661/0000876661-26-000682.txt
15-12G	1689084	Qrons Inc.	2026-08-14	edgar/data/1689084/0001477932-26-005058.txt
15-12G	1845550	Plum Acquisition Corp. III	2026-08-14	edgar/data/1845550/0001213900-26-090307.txt
15-12G	712515	ELECTRONIC ARTS INC.	2026-08-14	edgar/data/712515/0001140361-26-032929.txt
25	1130713	NEIGHBORHOOD INTELLIGENCE, INC.	2026-08-14	edgar/data/1130713/0001140361-26-033184.txt
25-NSE	1089113	HSBC HOLDINGS PLC	2026-08-14	edgar/data/1089113/0000876661-26-000685.txt
25-NSE	1354457	Nasdaq Stock Market LLC	2026-08-14	edgar/data/1354457/0001354457-26-000790.txt
25-NSE	1354457	Nasdaq Stock Market LLC	2026-08-14	edgar/data/1354457/0001354457-26-000791.txt
25-NSE	1648960	Myseum.AI, Inc.	2026-08-14	edgar/data/1648960/0001354457-26-000791.txt
25-NSE	2012318	Inflection Point Acquisition Corp. III	2026-08-14	edgar/data/2012318/0001354457-26-000790.txt
25-NSE	876661	NEW YORK STOCK EXCHANGE LLC	2026-08-14	edgar/data/876661/0000876661-26-000685.txt
15-12G	1823406	Affinity Bancshares, Inc.	2026-08-17	edgar/data/1823406/0001193125-26-354146.txt
15-15D	2025878	Independence Power Holdings, Inc.	2026-08-17	edgar/data/2025878/0001477932-26-005137.txt
25	1030997	G WILLI FOOD INTERNATIONAL LTD	2026-08-17	edgar/data/1030997/0001178913-26-004162.txt
25	1179821	BIRKS GROUP INC.	2026-08-17	edgar/data/1179821/0001193125-26-353495.txt
25-NSE	1100663	iSHARES TRUST	2026-08-17	edgar/data/1100663/0001143362-26-000302.txt
25-NSE	1143362	NYSE ARCA, INC.	2026-08-17	edgar/data/1143362/0001143362-26-000301.txt
25-NSE	1143362	NYSE ARCA, INC.	2026-08-17	edgar/data/1143362/0001143362-26-000302.txt
25-NSE	1354457	Nasdaq Stock Market LLC	2026-08-17	edgar/data/1354457/0001354457-26-000793.txt
25-NSE	1354457	Nasdaq Stock Market LLC	2026-08-17	edgar/data/1354457/0001354457-26-000799.txt
25-NSE	1524513	iShares U.S. ETF Trust	2026-08-17	edgar/data/1524513/0001143362-26-000301.txt
25-NSE	1803901	Talkspace, Inc.	2026-08-17	edgar/data/1803901/0001354457-26-000793.txt
25-NSE	1853816	Dermata Therapeutics, Inc.	2026-08-17	edgar/data/1853816/0001354457-26-000799.txt
25-NSE	876661	NEW YORK STOCK EXCHANGE LLC	2026-08-17	edgar/data/876661/0000876661-26-000687.txt
25-NSE	876661	NEW YORK STOCK EXCHANGE LLC	2026-08-17	edgar/data/876661/0000876661-26-000689.txt
25-NSE	915912	AVALONBAY COMMUNITIES INC	2026-08-17	edgar/data/915912/0000876661-26-000689.txt
25-NSE	931182	ERP OPERATING LTD PARTNERSHIP	2026-08-17	edgar/data/931182/0000876661-26-000687.txt
15-12G	1394638	Driveitaway Holdings, Inc.	2026-08-18	edgar/data/1394638/0001731122-26-001091.txt
15-12G	92108	SOUTHERN CALIFORNIA GAS CO	2026-08-18	edgar/data/92108/0000092108-26-000023.txt
15-12G	1576197	Strategic Environmental & Energy Resources, Inc.	2026-08-19	edgar/data/1576197/0001493152-26-039154.txt
25-NSE	1100663	iSHARES TRUST	2026-08-19	edgar/data/1100663/0001417835-26-000269.txt
25-NSE	1100663	iSHARES TRUST	2026-08-19	edgar/data/1100663/0001417835-26-000271.txt
25-NSE	1100663	iSHARES TRUST	2026-08-19	edgar/data/1100663/0001417835-26-000273.txt
25-NSE	1100663	iSHARES TRUST	2026-08-19	edgar/data/1100663/0001417835-26-000274.txt
25-NSE	1114446	UBS AG	2026-08-19	edgar/data/1114446/0001143362-26-000310.txt
25-NSE	1143362	NYSE ARCA, INC.	2026-08-19	edgar/data/1143362/0001143362-26-000310.txt
25-NSE	1143362	NYSE ARCA, INC.	2026-08-19	edgar/data/1143362/0001143362-26-000312.txt
25-NSE	1143362	NYSE ARCA, INC.	2026-08-19	edgar/data/1143362/0001143362-26-000314.txt
25-NSE	1354457	Nasdaq Stock Market LLC	2026-08-19	edgar/data/1354457/0001354457-26-000808.txt
25-NSE	1354457	Nasdaq Stock Market LLC	2026-08-19	edgar/data/1354457/0001354457-26-000809.txt
25-NSE	1417835	Cboe BZX Exchange, Inc.	2026-08-19	edgar/data/1417835/0001417835-26-000269.txt
25-NSE	1417835	Cboe BZX Exchange, Inc.	2026-08-19	edgar/data/1417835/0001417835-26-000271.txt
25-NSE	1417835	Cboe BZX Exchange, Inc.	2026-08-19	edgar/data/1417835/0001417835-26-000273.txt
25-NSE	1417835	Cboe BZX Exchange, Inc.	2026-08-19	edgar/data/1417835/0001417835-26-000274.txt
25-NSE	1417835	Cboe BZX Exchange, Inc.	2026-08-19	edgar/data/1417835/0001417835-26-000276.txt
25-NSE	1524513	iShares U.S. ETF Trust	2026-08-19	edgar/data/1524513/0001417835-26-000276.txt
25-NSE	1592900	EA Series Trust	2026-08-19	edgar/data/1592900/0001143362-26-000314.txt
25-NSE	1819493	Xos, Inc.	2026-08-19	edgar/data/1819493/0001354457-26-000809.txt
25-NSE	1981627	GMO ETF Trust	2026-08-19	edgar/data/1981627/0001143362-26-000312.txt
25-NSE	2034334	Artius II Acquisition Inc.	2026-08-19	edgar/data/2034334/0001354457-26-000808.txt
15-12G	1445942	DyTb, LLC	2026-08-20	edgar/data/1445942/0001213900-26-092138.txt
25-NSE	1354457	Nasdaq Stock Market LLC	2026-08-20	edgar/data/1354457/0001354457-26-000811.txt
25-NSE	1354457	Nasdaq Stock Market LLC	2026-08-20	edgar/data/1354457/0001354457-26-000812.txt
25-NSE	1540305	ETF Series Solutions	2026-08-20	edgar/data/1540305/0001354457-26-000812.txt
25-NSE	1611983	Liberty Broadband Corp	2026-08-20	edgar/data/1611983/0001354457-26-000811.txt
25-NSE	38009	FORD MOTOR CREDIT CO LLC	2026-08-20	edgar/data/38009/0000876661-26-000698.txt
25-NSE	801337	WEBSTER FINANCIAL CORP	2026-08-20	edgar/data/801337/0000876661-26-000696.txt
25-NSE	876661	NEW YORK STOCK EXCHANGE LLC	2026-08-20	edgar/data/876661/0000876661-26-000696.txt
25-NSE	876661	NEW YORK STOCK EXCHANGE LLC	2026-08-20	edgar/data/876661/0000876661-26-000698.txt
15-12G	1254699	QVC Group, Inc.	2026-08-21	edgar/data/1254699/0001104659-26-099686.txt
15-12G	1355096	Old QVC Group, Inc.	2026-08-21	edgar/data/1355096/0001104659-26-099689.txt
15-12G	1816937	BOXABL Corp.	2026-08-21	edgar/data/1816937/0001493152-26-039722.txt
15-15D	1946472	ALLY AUTO RECEIVABLES TRUST 2022-2	2026-08-21	edgar/data/1946472/0001946472-26-000047.txt
25-NSE	1354457	Nasdaq Stock Market LLC	2026-08-21	edgar/data/1354457/0001354457-26-000813.txt
25-NSE	1848763	ReNew Energy Global plc	2026-08-21	edgar/data/1848763/0001354457-26-000813.txt
15-12G	1645873	MODIV INDUSTRIAL, INC.	2026-08-24	edgar/data/1645873/0001104659-26-099824.txt
15-12G	319458	Enservco Corp	2026-08-24	edgar/data/319458/0001437749-26-028792.txt
25	1944285	Tema ETF Trust	2026-08-24	edgar/data/1944285/0001829126-26-009247.txt
25-NSE	1143362	NYSE ARCA, INC.	2026-08-24	edgar/data/1143362/0001143362-26-000320.txt
25-NSE	1985840	Hashdex Commodities Trust	2026-08-24	edgar/data/1985840/0001143362-26-000320.txt
15-12G	1725911	NetBrands Corp.	2026-08-25	edgar/data/1725911/0001493152-26-040076.txt
25-NSE	1354457	Nasdaq Stock Market LLC	2026-08-25	edgar/data/1354457/0001354457-26-000818.txt
25-NSE	1354457	Nasdaq Stock Market LLC	2026-08-25	edgar/data/1354457/0001354457-26-000819.txt
25-NSE	1354457	Nasdaq Stock Market LLC	2026-08-25	edgar/data/1354457/0001354457-26-000820.txt
25-NSE	1465740	TWO HARBORS INVESTMENT CORP.	2026-08-25	edgar/data/1465740/0000876661-26-000705.txt
25-NSE	1581091	RE/MAX Holdings, Inc.	2026-08-25	edgar/data/1581091/0000876661-26-000703.txt
25-NSE	1818382	Humacyte, Inc.	2026-08-25	edgar/data/1818382/0001354457-26-000819.txt
25-NSE	1848739	GDEV Inc.	2026-08-25	edgar/data/1848739/0001354457-26-000820.txt
25-NSE	2090646	Boost Run Inc.	2026-08-25	edgar/data/2090646/0001354457-26-000818.txt
25-NSE	60714	LSB INDUSTRIES, INC.	2026-08-25	edgar/data/60714/0000876661-26-000704.txt
25-NSE	876661	NEW YORK STOCK EXCHANGE LLC	2026-08-25	edgar/data/876661/0000876661-26-000703.txt
25-NSE	876661	NEW YORK STOCK EXCHANGE LLC	2026-08-25	edgar/data/876661/0000876661-26-000704.txt
25-NSE	876661	NEW YORK STOCK EXCHANGE LLC	2026-08-25	edgar/data/876661/0000876661-26-000705.txt
15-12G	2012318	Inflection Point Acquisition Corp. III	2026-08-26	edgar/data/2012318/0001213900-26-093939.txt
15-12G	831609	C21 Investments Inc.	2026-08-26	edgar/data/831609/0001062993-26-004650.txt
25-NSE	1354457	Nasdaq Stock Market LLC	2026-08-26	edgar/data/1354457/0001354457-26-000823.txt
25-NSE	1580843	WEBs ETF Trust	2026-08-26	edgar/data/1580843/0001354457-26-000823.txt
25-NSE	1753539	BlackSky Technology Inc.	2026-08-26	edgar/data/1753539/0000876661-26-000707.txt
25-NSE	876661	NEW YORK STOCK EXCHANGE LLC	2026-08-26	edgar/data/876661/0000876661-26-000707.txt
